cleaned_name,cas_number,notes,region
n-(5-chlorobenzoxazol-2-yl)acetamide,35783-57-4,(EC) 2009/1223,EU
(2-acetoxyethyl)trimethylammonium hydroxide (acetylcholine) and its salts,51-84-3,(EC) 2009/1223,EU
deanol aceglumate (inn),3342-61-8,(EC) 2009/1223,EU
spironolactone (inn),52-01-7,(EC) 2009/1223,EU
"[4-(4-hydroxy-3-iodophenoxy)-3,5-diiodophenyl]acetic acid (tiratricol (inn)) and its salts",51-24-1,(EC) 2009/1223,EU
methotrexate (inn),59-05-2,(EC) 2009/1223,EU
aminocaproic acid (inn) and its salts,60-32-2,(EC) 2009/1223,EU
"cinchophen (inn), its salts, derivatives and salts of these derivatives",132-60-5,(EC) 2009/1223,EU
"cinchophen (inn), its salts, derivatives and salts of these derivatives",5949-18-8,(EC) 2009/1223,EU
thyropropic acid (inn) and its salts,51-26-3,(EC) 2009/1223,EU
trichloroacetic acid,76-03-9,(EC) 2009/1223,EU
"aconitum napellus l. (leaves, roots and galenical preparations)",84603-50-9,(EC) 2009/1223,EU
aconitine (principal alkaloid of aconitum napellus l.) and its salts,302-27-2,(EC) 2009/1223,EU
adonis vernalis l. and its preparations,84649-73-0,(EC) 2009/1223,EU
epinephrine (inn),51-43-4,(EC) 2009/1223,EU
"rauwolfia serpentia l., alkaloids and their salts",90106-13-1,(EC) 2009/1223,EU
"alkyne alcohols, their esters, ethers and salts",,(EC) 2009/1223,EU
isoprenaline (inn),7683-59-2,(EC) 2009/1223,EU
allyl isothiocyanate,57-06-7,(EC) 2009/1223,EU
alloclamide (inn) and its salts,5486-77-1,(EC) 2009/1223,EU
"nalorphine (inn), its salts and ethers",62-67-9,(EC) 2009/1223,EU
sympathicomimetic amines acting on the central nervous system: any substance contained in the first list of medicaments which are subject to medical prescription and referred to in resolution ap (69) 2 of the council of europe,300-62-9,(EC) 2009/1223,EU
"aniline, its salts and its halogenated and sulphonated derivatives",62-53-3,(EC) 2009/1223,EU
betoxycaine (inn) and its salts,3818-62-0,(EC) 2009/1223,EU
zoxazolamine (inn),61-80-3,(EC) 2009/1223,EU
"procainamide (inn), its salts and derivatives",51-06-9,(EC) 2009/1223,EU
benzidine,92-87-5,(EC) 2009/1223,EU
"tuaminoheptane (inn), its isomers and salts",123-82-0,(EC) 2009/1223,EU
octodrine (inn) and its salts,543-82-8,(EC) 2009/1223,EU
"2-amino-1,2-bis(4-methoxyphenyl)ethanol and its salts",530-34-7,(EC) 2009/1223,EU
"1,3-dimethylpentylamine and its salts",105-41-9,(EC) 2009/1223,EU
4-aminosalicylic acid and its salts,65-49-6,(EC) 2009/1223,EU
"toluidines, their isomers, salts and halogenated and sulphonated derivatives",26915-12-8,(EC) 2009/1223,EU
"xylidines, their isomers, salts and halogenated and sulphonated derivatives",1300-73-8,(EC) 2009/1223,EU
"imperatorin (9-(3-methylbut-2-enyloxy)furo[3,2-g]chromen-7-one)",482-44-0,(EC) 2009/1223,EU
ammi majus l. and its galenical preparations,90320-46-0,(EC) 2009/1223,EU
"2,3-dichloro-2-methylbutane",507-45-9,(EC) 2009/1223,EU
substances with androgenic effect,,(EC) 2009/1223,EU
anthracene oil,120-12-7,(EC) 2009/1223,EU
"distillates (coal tar), pitch, pyrene fraction",91995-52-7,(EC) 2009/1223,EU
"distillates (coal tar), pitch",101316-49-8,(EC) 2009/1223,EU
antibiotics,,(EC) 2009/1223,EU
antimony and its compound,7440-36-0,(EC) 2009/1223,EU
apocynum cannabium l. and its preparations,84603-51-0,(EC) 2009/1223,EU
"apomorphine ((r)-5,6,6a,7-tetrahydro-6-methyl-4h-dibenzo[de,g]quinoline-10,11-diol)) and its salts",58-00-4,(EC) 2009/1223,EU
arsenic and its compounds,7440-38-2,(EC) 2009/1223,EU
atropa belladonna l. and its preparations,8007-93-0,(EC) 2009/1223,EU
"atropine, its salts and derivatives",51-55-8,(EC) 2009/1223,EU
"barium salts, with the exception of barium sulphide under the conditions laid down in annex iii and of barium sulfate, lakes, salts and pigments prepared from the colouring agents when listed in annex iv",,(EC) 2009/1223,EU
benzene,71-43-2,(EC) 2009/1223,EU
benzimidazol-2(3h)-one,615-16-7,(EC) 2009/1223,EU
benzazepines and benzodiazepines,12794-10-4,(EC) 2009/1223,EU
1-dimethylaminomethyl-1-methylpropyl benzoate (amylocaine) and its salts,644-26-8,(EC) 2009/1223,EU
"2,2,6-trimethyl-4-piperidyl benzoate (eucaine) and its salts",500-34-5,(EC) 2009/1223,EU
isocarboxazid (inn),59-63-2,(EC) 2009/1223,EU
bendroflumethiazide (inn) and its derivatives,73-48-3,(EC) 2009/1223,EU
beryllium and its compounds,7440-41-7,(EC) 2009/1223,EU
"bromine, elemental",7726-95-6,(EC) 2009/1223,EU
bretylium tosilate (inn),61-75-6,(EC) 2009/1223,EU
carbromal (inn),77-65-6,(EC) 2009/1223,EU
bromisoval (inn),496-67-3,(EC) 2009/1223,EU
brompheniramine (inn) and its salts,86-22-6,(EC) 2009/1223,EU
benzilonium bromide (inn),1050-48-2,(EC) 2009/1223,EU
tetrylammonium bromide (inn),71-91-0,(EC) 2009/1223,EU
brucine,357-57-3,(EC) 2009/1223,EU
tetracaine (inn) and its salts,94-24-6,(EC) 2009/1223,EU
mofebutazone (inn),2210-63-1,(EC) 2009/1223,EU
tolbutamide (inn),64-77-7,(EC) 2009/1223,EU
carbutamide (inn),339-43-5,(EC) 2009/1223,EU
phenylbutazone (inn),50-33-9,(EC) 2009/1223,EU
cadmium and its compounds,7440-43-9,(EC) 2009/1223,EU
"cantharides, cantharis vesicatoria",92457-17-5,(EC) 2009/1223,EU
cantharidine,56-25-7,(EC) 2009/1223,EU
phenprobamate (inn),673-31-4,(EC) 2009/1223,EU
nitroderivatives of carbazole,,(EC) 2009/1223,EU
carbon disulphide,75-15-0,(EC) 2009/1223,EU
catalase,9001-05-2,(EC) 2009/1223,EU
cephaeline and its salts,483-17-0,(EC) 2009/1223,EU
chenopodium ambrosioides l. (essential oil),8006-99-3,(EC) 2009/1223,EU
"2,2,2-trichloroethane-1,1-diol",302-17-0,(EC) 2009/1223,EU
chlorine,7782-50-5,(EC) 2009/1223,EU
chlorpropamide (inn),94-20-2,(EC) 2009/1223,EU
moved or deleted,,(EC) 2009/1223,EU
"4-phenylazophenylene-1,3-diamine citrate hydrochloride (chrysoidine citrate hydrochloride)",5909-04-6,(EC) 2009/1223,EU
chlorzoxazone (inn),95-25-0,(EC) 2009/1223,EU
2-chloro-6-methylpyrimidin-4-yldimethylamine (crimidine-iso),535-89-7,(EC) 2009/1223,EU
chlorprothixene (inn) and its salts,113-59-7,(EC) 2009/1223,EU
clofenamide (inn),671-95-4,(EC) 2009/1223,EU
"n,n-bis(2-chloroethyl)methylamine n-oxide and its salts",126-85-2,(EC) 2009/1223,EU
chlormethine (inn) and its salts,51-75-2,(EC) 2009/1223,EU
cyclophosphamide (inn) and its salts,50-18-0,(EC) 2009/1223,EU
mannomustine (inn) and its salts,576-68-1,(EC) 2009/1223,EU
butanilicaine (inn) and its salts,3785-21-5,(EC) 2009/1223,EU
chlormezanone (inn),80-77-3,(EC) 2009/1223,EU
triparanol (inn),78-41-1,(EC) 2009/1223,EU
"2-[2-(4-chlorophenyl)-2-phenylacetyl]indan 1,3-dione (chlorophacinone - iso)",3691-35-8,(EC) 2009/1223,EU
chlorphenoxamine (inn),77-38-3,(EC) 2009/1223,EU
phenaglycodol (inn),79-93-6,(EC) 2009/1223,EU
chloroethane,75-00-3,(EC) 2009/1223,EU
chromium,7440-47-3,(EC) 2009/1223,EU
chromic acid and its salts,7440-47-3,(EC) 2009/1223,EU
"claviceps purpurea tul., its alkaloids and galenical preparations",84775-56-4,(EC) 2009/1223,EU
"conium maculatum l. (fruit, powder, galenical preparations)",85116-75-2,(EC) 2009/1223,EU
glycyclamide (inn),664-95-9,(EC) 2009/1223,EU
cobalt benzenesulphonate,23384-69-2,(EC) 2009/1223,EU
"colchicine, its salts and derivatives",64-86-8,(EC) 2009/1223,EU
colchicoside and its derivatives,477-29-2,(EC) 2009/1223,EU
colchicum autumnale l. and its galenical preparations,84696-03-7,(EC) 2009/1223,EU
convallatoxin,508-75-8,(EC) 2009/1223,EU
anamirta cocculus l. (fruit),,(EC) 2009/1223,EU
croton tiglium l. (oil),8001-28-3,(EC) 2009/1223,EU
1-butyl-3-(n-crotonoylsulphanilyl)urea,52964-42-8,(EC) 2009/1223,EU
curare and curarine,8063-06-7,(EC) 2009/1223,EU
curare and curarine,22260-42-0,(EC) 2009/1223,EU
synthetic curarizants,,(EC) 2009/1223,EU
hydrogen cyanide and its salts,74-90-8,(EC) 2009/1223,EU
feclemine (inn),3590-16-7,(EC) 2009/1223,EU
"2-(alpha-cyclohexylbenzyl)-n,n,n',n'-tetraethyl-1,3-propanediamine",3590-16-7,(EC) 2009/1223,EU
cyclomenol (inn) and its salts,5591-47-9,(EC) 2009/1223,EU
sodium hexacyclonate (inn),7009-49-6,(EC) 2009/1223,EU
hexapropymate (inn),358-52-1,(EC) 2009/1223,EU
"o,o'-diacetyl-n-allyl-n-normorphine",2748-74-5,(EC) 2009/1223,EU
diacetylnalorphine,2748-74-5,(EC) 2009/1223,EU
pipazetate (inn) and its salts,2167-85-3,(EC) 2009/1223,EU
"5-(alpha,beta-dibromophenethyl)-5-methylhydantoin",511-75-1,(EC) 2009/1223,EU
"n,n'-pentamethylenebis(trimethylammonium) salts, e.g. pentamethonium bromide (inn)",541-20-8,(EC) 2009/1223,EU
"n,n'-[(methylimino)diethylene]bis(ethyldimethylammonium) salts, e.g. azamethonium bromide (inn)",306-53-6,(EC) 2009/1223,EU
cyclarbamate (inn),5779-54-4,(EC) 2009/1223,EU
clofenotane (inn),50-29-3,(EC) 2009/1223,EU
ddt (iso),50-29-3,(EC) 2009/1223,EU
"n,n'-hexamethylenebis (trimethylammonium) salts, e.g. hexamethonium bromide (inn)",55-97-0,(EC) 2009/1223,EU
"dichloroethanes (ethylene chlorides) e.g. 1,2-dichloroethane",107-06-2,(EC) 2009/1223,EU
"dichloroethylenes (acetylene chlorides) e.g. vinylidene chloride (1,1-dichloroethylene)",75-35-4,(EC) 2009/1223,EU
lysergide (inn) (lsd) and its salts,50-37-3,(EC) 2009/1223,EU
2-diethylaminoethyl 3-hydroxy-4-phenylbenzoate and its salts,3572-52-9,(EC) 2009/1223,EU
cinchocaine (inn) and its salts,85-79-0,(EC) 2009/1223,EU
3-diethylaminopropyl cinnamate,538-66-9,(EC) 2009/1223,EU
"o,o'-diethyl-o-4-nitrophenyl phosphorothioate (parathion - iso)",56-38-2,(EC) 2009/1223,EU
"[oxalylbis(iminoethylene)]bis[(o-chlorobenzyl)diethylammonium] salts, e.g. ambenonium chloride (inn)",115-79-7,(EC) 2009/1223,EU
methyprylon (inn) and its salts,125-64-4,(EC) 2009/1223,EU
digitaline and all heterosides of digitalis purpurea l.,752-61-4,(EC) 2009/1223,EU
7-[2-hydroxy-3-(n-(2-hydroxyethyl)-n-methylamino)propyl]theophylline,2530-97-4,(EC) 2009/1223,EU
(xanthinol),2530-97-4,(EC) 2009/1223,EU
dioxethedrin (inn) and its salts,497-75-6,(EC) 2009/1223,EU
piprocurarium iodide (inn),3562-55-8,(EC) 2009/1223,EU
propyphenazone (inn),479-92-5,(EC) 2009/1223,EU
tetrabenazine (inn) and its salts,58-46-8,(EC) 2009/1223,EU
captodiame (inn),486-17-9,(EC) 2009/1223,EU
mefeclorazine (inn) and its salts,1243-33-0,(EC) 2009/1223,EU
dimethylamine,124-40-3,(EC) 2009/1223,EU
"1,1-bis(dimethylaminomethyl)propyl benzoate (amydricaine, alypine) and its salts",963-07-5,(EC) 2009/1223,EU
methapyrilene (inn) and its salts,91-80-5,(EC) 2009/1223,EU
metamfepramone (inn) and its salts,15351-09-4,(EC) 2009/1223,EU
amitriptyline (inn) and its salts,50-48-6,(EC) 2009/1223,EU
metformin (inn) and its salts,657-24-9,(EC) 2009/1223,EU
isosorbide dinitrate (inn),87-33-2,(EC) 2009/1223,EU
malononitrile,109-77-3,(EC) 2009/1223,EU
succinonitrile,110-61-2,(EC) 2009/1223,EU
dinitrophenol isomers,51-28-5,(EC) 2009/1223,EU
dinitrophenol isomers,329-71-5,(EC) 2009/1223,EU
dinitrophenol isomers,573-56-8,(EC) 2009/1223,EU
dinitrophenol isomers,25550-58-7,(EC) 2009/1223,EU
inproquone (inn),436-40-8,(EC) 2009/1223,EU
dimevamide (inn) and its salts,60-46-8,(EC) 2009/1223,EU
diphenylpyraline (inn) and its salts,147-20-6,(EC) 2009/1223,EU
sulfinpyrazone (inn),57-96-5,(EC) 2009/1223,EU
"n-(3-carbamoyl-3,3-diphenylpropyl)-n,n-diisopropylmethylammonium salts, e.g. isopropamide iodide (inn)",71-81-8,(EC) 2009/1223,EU
benactyzine (inn),302-40-9,(EC) 2009/1223,EU
benzatropine (inn) and its salts,86-13-5,(EC) 2009/1223,EU
cyclizine (inn) and its salts,82-92-8,(EC) 2009/1223,EU
"5,5-diphenyl-4-imidazolidone (doxenitoin (inn))",3254-93-1,(EC) 2009/1223,EU
probenecid (inn),57-66-9,(EC) 2009/1223,EU
disulfiram (inn),97-77-8,(EC) 2009/1223,EU
thiram (iso) (inn),97-77-8,(EC) 2009/1223,EU
disulfiram (inn),137-26-8,(EC) 2009/1223,EU
thiram (iso) (inn),137-26-8,(EC) 2009/1223,EU
"emetine, its salts and derivatives",483-18-1,(EC) 2009/1223,EU
ephedrine and its salts,299-42-3,(EC) 2009/1223,EU
oxanamide (inn) and its derivatives,126-93-2,(EC) 2009/1223,EU
eserine or physostigmine and its salts,57-47-6,(EC) 2009/1223,EU
"4-aminobenzoic acid and its esters, with the free amino group",150-13-0,(EC) 2013/344,EU
choline salts and their esters e.g. choline chloride (inn),67-48-1,(EC) 2009/1223,EU
caramiphen (inn) and its salts,77-22-5,(EC) 2009/1223,EU
diethyl 4-nitrophenyl phosphate (paraoxon - iso),311-45-5,(EC) 2009/1223,EU
metethoheptazine (inn) and its salts,509-84-2,(EC) 2009/1223,EU
oxpheneridine (inn) and its salts,546-32-7,(EC) 2009/1223,EU
ethoheptazine (inn) and its salts,77-15-6,(EC) 2009/1223,EU
metheptazine (inn) and its salts,469-78-3,(EC) 2009/1223,EU
methylphenidate (inn) and its salts,113-45-1,(EC) 2009/1223,EU
doxylamine (inn) and its salts,469-21-6,(EC) 2009/1223,EU
tolboxane (inn),2430-46-8,(EC) 2009/1223,EU
4-benzyloxyphenol and 4-ethoxyphenol,103-16-2,(EC) 2009/1223,EU
4-benzyloxyphenol and 4-ethoxyphenol,622-62-8,(EC) 2009/1223,EU
parethoxycaine (inn) and its salts,94-23-5,(EC) 2009/1223,EU
fenozolone (inn),15302-16-6,(EC) 2009/1223,EU
glutethimide (inn) and its salts,77-21-4,(EC) 2009/1223,EU
ethylene oxide,75-21-8,(EC) 2009/1223,EU
bemegride (inn) and its salts,64-65-3,(EC) 2009/1223,EU
valnoctamide (inn),4171-13-5,(EC) 2009/1223,EU
haloperidol (inn),52-86-8,(EC) 2009/1223,EU
paramethasone (inn),53-33-8,(EC) 2009/1223,EU
fluanisone (inn),1480-19-9,(EC) 2009/1223,EU
trifluperidol (inn),749-13-3,(EC) 2009/1223,EU
fluoresone (inn),2924-67-6,(EC) 2009/1223,EU
fluorouracil (inn),51-21-8,(EC) 2009/1223,EU
"hydrofluoric acid, its normal salts, its complexes and hydrofluorides with exception of those given in annex iii",7664-39-3,(EC) 2009/1223,EU
"furfuryltrimethyl ammonium salts, e.g. furtrethonium iodide (inn)",541-64-0,(EC) 2009/1223,EU
galantamine (inn),357-70-0,(EC) 2009/1223,EU
progestogens,,(EC) 2009/1223,EU
"1,2,3,4,5,6-hexachlorocyclohexane (bhc-iso)",58-89-9,(EC) 2009/1223,EU
"(1r,4s,5r,8s)-1,2,3,4,10,10-hexachloro-6,7-epoxy-1,4,4a,5,6,7,8,8a-octahydro-1,4:5,8-dimethanonaphthalene (endrin - iso)",72-20-8,(EC) 2009/1223,EU
hexachloroethane,67-72-1,(EC) 2009/1223,EU
"(1r,4s,5r,8s)-1,2,3,4,10,10-hexachloro-1,4,4a,5,8,8a-hexahydro-1,4:5,8-dimethanonaphthalene (isodrin-iso)",465-73-6,(EC) 2009/1223,EU
"hydrastine, hydrastinine and their salts",118-08-1,(EC) 2009/1223,EU
"hydrastine, hydrastinine and their salts",6592-85-4,(EC) 2009/1223,EU
hydrazides and their salts e.g. isoniazid (inn),54-85-3,(EC) 2009/1223,EU
"hydrazine, its derivatives and their salts",302-01-2,(EC) 2009/1223,EU
octamoxin (inn) and its salts,4684-87-1,(EC) 2009/1223,EU
warfarin (inn) and its salts,81-81-2,(EC) 2009/1223,EU
ethyl bis(4-hydroxy-2-oxo-1-benzopyran-3-yl)acetate and salts of the acid,548-00-5,(EC) 2009/1223,EU
methocarbamol (inn),532-03-6,(EC) 2009/1223,EU
propatylnitrate (inn),2921-92-8,(EC) 2009/1223,EU
"4,4'-dihydroxy-3,3'-(3-methylthiopropylidene) dicoumarin",,(EC) 2009/1223,EU
fenadiazole (inn),1008-65-7,(EC) 2009/1223,EU
nitroxoline (inn) and its salts,4008-48-4,(EC) 2009/1223,EU
"hyoscyamine, its salts and derivatives",101-31-5,(EC) 2009/1223,EU
"hyoscyamus niger l. (leaves, seeds, powder and galenical preparations)",84603-65-6,(EC) 2009/1223,EU
pemoline (inn) and its salts,2152-34-3,(EC) 2009/1223,EU
iodine,7553-56-2,(EC) 2009/1223,EU
"decamethylenebis(trimethylammonium) salts, e.g. decamethonium bromide (inn)",156-74-1,(EC) 2009/1223,EU
"decamethylenebis(trimethylammonium) salts, e.g. decamethonium bromide (inn)",541-22-0,(EC) 2009/1223,EU
"decamethylenebis(trimethylammonium) salts, e.g. decamethonium bromide (inn)",1420-40-2,(EC) 2009/1223,EU
"decamethylenebis(trimethylammonium) salts, e.g. decamethonium bromide (inn)",3198-38-7,(EC) 2009/1223,EU
"ipecacuanha (cephaelis ipecacuanha brot. and related species) (roots, powder and galenical preparations)",8012-96-2,(EC) 2009/1223,EU
(2-isopropylpent-4-enoyl)urea (apronalide),528-92-7,(EC) 2009/1223,EU
"alpha-santonin [(3s,5ar,9bs)-3,3a,4,5,5a,9b-hexahydro-3,5a,9-trimethylnaphto[1,2-b]furan-2,8-dione]",481-06-1,(EC) 2009/1223,EU
lobelia inflata l. and its galenical preparations,84696-23-1,(EC) 2009/1223,EU
lobeline (inn) and its salts,90-69-7,(EC) 2009/1223,EU
barbiturates,,(EC) 2009/1223,EU
"mercury and its compounds, except those special cases included in annex v",7439-97-6,(EC) 2009/1223,EU
"3,4,5-trimethoxyphenethylamine (mescaline) and its salts",54-04-6,(EC) 2009/1223,EU
metaldehyde,9002-91-9,(EC) 2009/1223,EU
"2-(4-allyl-2-methoxyphenoxy)-n,n-diethylacetamide and its salts",305-13-5,(EC) 2009/1223,EU
coumetarol (inn),4366-18-1,(EC) 2009/1223,EU
dextromethorphan (inn) and its salts,125-71-3,(EC) 2009/1223,EU
2-methylheptylamine and its salts,540-43-2,(EC) 2009/1223,EU
isometheptene (inn) and its salts,503-01-5,(EC) 2009/1223,EU
mecamylamine (inn),60-40-2,(EC) 2009/1223,EU
guaifenesin (inn),93-14-1,(EC) 2009/1223,EU
dicoumarol (inn),66-76-2,(EC) 2009/1223,EU
"phenmetrazine (inn), its derivatives and salts",134-49-6,(EC) 2009/1223,EU
thiamazole (inn),60-56-0,(EC) 2009/1223,EU
"3,4-dihydro-2-methoxy-2-methyl-4-phenyl-2h,5h-pyrano[3,2-c]-benzopyran-5-one (cyclocoumarol)",518-20-7,(EC) 2009/1223,EU
carisoprodol (inn),78-44-4,(EC) 2009/1223,EU
meprobamate (inn),57-53-4,(EC) 2009/1223,EU
tefazoline (inn) and its salts,1082-56-0,(EC) 2009/1223,EU
arecoline,63-75-2,(EC) 2009/1223,EU
poldine metilsulfate (inn),545-80-2,(EC) 2009/1223,EU
hydroxyzine (inn),68-88-2,(EC) 2009/1223,EU
2-naphthol,135-19-3,(EC) 2009/1223,EU
1- and 2-naphthylamines and their salts,91-59-8,(EC) 2009/1223,EU
1- and 2-naphthylamines and their salts,134-32-7,(EC) 2009/1223,EU
3-(1-naphthyl)-4-hydroxycoumarin,39923-41-6,(EC) 2009/1223,EU
naphazoline (inn) and its salts,835-31-4,(EC) 2009/1223,EU
neostigmine and its salts (e.g. neostigmine bromide (inn)),114-80-7,(EC) 2009/1223,EU
nicotine and its salts,54-11-5,(EC) 2009/1223,EU
amyl nitrites,110-46-3,(EC) 2009/1223,EU
"inorganic nitrites, with exception of sodium nitrite",14797-65-0,(EC) 2009/1223,EU
nitrobenzene,98-95-3,(EC) 2009/1223,EU
nitrocresols and their alkali metal salts,12167-20-3,(EC) 2009/1223,EU
nitrofurantoin (inn),67-20-9,(EC) 2009/1223,EU
furazolidone (inn),67-45-8,(EC) 2009/1223,EU
nitroglycerin,55-63-0,(EC) 2009/1223,EU
"propane-1,2,3-triyl trinitrate",55-63-0,(EC) 2009/1223,EU
acenocoumarol (inn),152-72-7,(EC) 2009/1223,EU
alkali pentacyanonitrosylferrate (2-),14402-89-2,(EC) 2009/1223,EU
alkali pentacyanonitrosylferrate (2-),13755-38-9,(EC) 2009/1223,EU
"nitrostilbenes, their homologues and their derivatives",,(EC) 2009/1223,EU
noradrenaline and its salts,51-41-2,(EC) 2009/1223,EU
noscapine (inn) and its salts,128-62-1,(EC) 2009/1223,EU
guanethidine (inn) and its salts,55-65-2,(EC) 2009/1223,EU
oestrogens,,(EC) 2009/1223,EU
oleandrin,465-16-7,(EC) 2009/1223,EU
chlortalidone (inn),77-36-1,(EC) 2009/1223,EU
pelletierine and its salts,2858-66-4,(EC) 2009/1223,EU
pelletierine and its salts,4396-01-4,(EC) 2009/1223,EU
pentachloroethane,76-01-7,(EC) 2009/1223,EU
pentaerithrityl tetranitrate (inn),78-11-5,(EC) 2009/1223,EU
petrichloral (inn),78-12-6,(EC) 2009/1223,EU
octamylamine (inn) and its salts,502-59-0,(EC) 2009/1223,EU
picric acid,88-89-1,(EC) 2009/1223,EU
phenacemide (inn),63-98-9,(EC) 2009/1223,EU
difencloxazine (inn),5617-26-5,(EC) 2009/1223,EU
"2-phenylindan-1,3-dione (phenindione (inn))",83-12-5,(EC) 2009/1223,EU
ethylphenacemide (pheneturide (inn)),90-49-3,(EC) 2009/1223,EU
phenprocoumon (inn),435-97-2,(EC) 2009/1223,EU
fenyramidol (inn),553-69-5,(EC) 2009/1223,EU
triamterene (inn) and its salts,396-01-0,(EC) 2009/1223,EU
tetraethyl pyrophosphate   (tepp - iso),107-49-3,(EC) 2009/1223,EU
tritolyl phosphate,1330-78-5,(EC) 2009/1223,EU
psilocybine (inn),520-52-5,(EC) 2009/1223,EU
phosphorus and metalphosphides,7723-14-0,(EC) 2009/1223,EU
thalidomide (inn) and its salts,50-35-1,(EC) 2009/1223,EU
physostigma venenosum balf.,89958-15-6,(EC) 2009/1223,EU
picrotoxin,124-87-8,(EC) 2009/1223,EU
pilocarpine and its salts,92-13-7,(EC) 2009/1223,EU
"alpha-piperidin-2-ylbenzyl acetate, laevorotatory threoform (levofacetoperane (inn)) and its salts",24558-01-8,(EC) 2009/1223,EU
pipradrol (inn) and its salts,467-60-7,(EC) 2009/1223,EU
azacyclonol (inn) and its salts,115-46-8,(EC) 2009/1223,EU
bietamiverine (inn),479-81-2,(EC) 2009/1223,EU
butopiprine (inn) and its salts,55837-15-5,(EC) 2009/1223,EU
lead and its compounds,7439-92-1,(EC) 2009/1223,EU
coniine,458-88-8,(EC) 2009/1223,EU
"prunus laurocerasus l. (""cherry laurel water"")",89997-54-6,(EC) 2009/1223,EU
metyrapone (inn),54-36-4,(EC) 2009/1223,EU
"radioactive substances, as defined by directive 96/29/euratom (1) laying down the basic safety standards for the protection of the health of workers and the general public against the dangers arising from ionising radiation",,(EC) 2009/1223,EU
"juniperus sabina l. (leaves, essential oil and galenical preparations)",90046-04-1,(EC) 2009/1223,EU
"hyoscine, its salts and derivatives",51-34-3,(EC) 2009/1223,EU
gold salts,,(EC) 2009/1223,EU
selenium and its compounds with the exception of selenium disulphide under the conditions set out under reference no 49 in annex iii,7782-49-2,(EC) 2009/1223,EU
solanum nigrum l. and its galenical preparations,84929-77-1,(EC) 2009/1223,EU
sparteine (inn) and its salts,90-39-1,(EC) 2009/1223,EU
glucocorticoids (corticosteroids),,(EC) 2009/1223,EU
datura stramonium l. and its galenical preparations,84696-08-2,(EC) 2009/1223,EU
"strophantines, their aglucones and their respective derivatives",11005-63-3,(EC) 2009/1223,EU
strophantus species and their galenical preparations,,(EC) 2009/1223,EU
strychnine and its salts,57-24-9,(EC) 2009/1223,EU
strychnos species and their galenical preparations,,(EC) 2009/1223,EU
"narcotics, natural and synthetic: all substances listed in tables i and ii of the single convention on narcotic drugs signed in new york on 30 march 1961",,(EC) 2009/1223,EU
sulphonamides (sulphanilamide and its derivatives obtained by substitution of one or more h-atoms of the -nh2 groups) and their salts,,(EC) 2009/1223,EU
sultiame (inn),61-56-3,(EC) 2009/1223,EU
neodymium and its salts,7440-00-8,(EC) 2009/1223,EU
thiotepa (inn),52-24-4,(EC) 2009/1223,EU
pilocarpus jaborandi holmes and its galenical preparations,84696-42-4,(EC) 2009/1223,EU
tellurium and its compounds,13494-80-9,(EC) 2009/1223,EU
xylometazoline (inn) and its salts,526-36-3,(EC) 2009/1223,EU
tetrachloroethylene,127-18-4,(EC) 2009/1223,EU
carbon tetrachloride,56-23-5,(EC) 2009/1223,EU
hexaethyl tetraphosphate,757-58-4,(EC) 2009/1223,EU
thallium and its compounds,7440-28-0,(EC) 2009/1223,EU
"thevetia neriifolia juss., glycoside extract",90147-54-9,(EC) 2009/1223,EU
ethionamide (inn),536-33-4,(EC) 2009/1223,EU
phenothiazine (inn) and its compounds,92-84-2,(EC) 2009/1223,EU
"thiourea and its derivatives, with the exception of the one listed in annex iii",62-56-6,(EC) 2009/1223,EU
mephenesin (inn) and its esters,59-47-2,(EC) 2009/1223,EU
"vaccines, toxins or serums defined as immunological medicinal products pursuant to article 1(4) of directive 2001/83/ec",,(EC) 2009/1223,EU
tranylcypromine (inn) and its salts,155-09-9,(EC) 2009/1223,EU
trichloronitromethane (chloropicrine),76-06-2,(EC) 2009/1223,EU
"2,2,2-tribromoethanol (tribromoethyl alcohol)",75-80-9,(EC) 2009/1223,EU
trichlormethine (inn) and its salts,555-77-1,(EC) 2009/1223,EU
trichlormethine (inn) and its salts,817-09-4,(EC) 2009/1223,EU
trichlormethine (inn) and its salts,6138-32-5,(EC) 2009/1223,EU
tretamine (inn),51-18-3,(EC) 2009/1223,EU
gallamine triethiodide (inn),65-29-2,(EC) 2009/1223,EU
urginea scilla steinh. and its galenical preparations,84650-62-4,(EC) 2009/1223,EU
"veratrine, its salts and galenical preparations",8051-02-3,(EC) 2009/1223,EU
schoenocaulon officinale lind (seeds and galenical preparations),84604-18-2,(EC) 2009/1223,EU
veratrum spp. and their preparations,90131-91-2,(EC) 2009/1223,EU
vinyl chloride monomer,75-01-4,(EC) 2009/1223,EU
ergocalciferol (inn) and cholecalciferol (vitamins d2 and d3),50-14-6,(EC) 2009/1223,EU
ergocalciferol (inn) and cholecalciferol (vitamins d2 and d3),67-97-0,(EC) 2009/1223,EU
salts of o-alkyldithiocarbonic acids,,(EC) 2009/1223,EU
yohimbine and its salts,146-48-5,(EC) 2009/1223,EU
dimethyl sulfoxide (inn),67-68-5,(EC) 2009/1223,EU
diphenhydramine (inn) and its salts,58-73-1,(EC) 2009/1223,EU
diphenhydramine (inn) and its salts,147-24-0,(EC) 2009/1223,EU
diphenhydramine (inn) and its salts,88637-37-0,(EC) 2009/1223,EU
4-tert-butylphenol,98-54-4,(EC) 2009/1223,EU
4-tert-butylpyrocatechol,98-29-3,(EC) 2009/1223,EU
dihydrotachysterol (inn),67-96-9,(EC) 2009/1223,EU
dioxane,123-91-1,(EC) 2009/1223,EU
morpholine and its salts,110-91-8,(EC) 2009/1223,EU
pyrethrum album l. and its galenical preparations,,(EC) 2009/1223,EU
2-[4-methoxybenzyl-n-(2-pyridyl)amino]ethyldimethylamine maleate (mepyramine maleate,59-33-6,(EC) 2009/1223,EU
pyrilamine maleate),59-33-6,(EC) 2009/1223,EU
tripelennamine (inn),91-81-6,(EC) 2009/1223,EU
tetrachlorosalicylanilides,7426-07-5,(EC) 2009/1223,EU
dichlorosalicylanilides,1147-98-4,(EC) 2009/1223,EU
tetrabromosalicylanilides,,(EC) 2009/1223,EU
dibromosalicylanilides,,(EC) 2009/1223,EU
bithionol (inn),97-18-7,(EC) 2009/1223,EU
thiuram monosulphides,97-74-5,(EC) 2009/1223,EU
"dimethylformamide (n,n-dimethylformamide)",68-12-2,(EC) 2009/1223,EU
4-phenylbut-3-en-2-one (benzylideneacetone),122-57-6,(EC) 2009/1223,EU
benzoates of 4-hydroxy-3-methoxycinnamyl alcohol (coniferyl alcohol) except for normal content in natural essences used,,(EC) 2009/1223,EU
"furocoumarines (e.g. trioxysalen (inn), 8-methoxypsoralen, 5-methoxypsoralen) except for normal content in natural essences used.",298-81-7,(EC) 2009/1223,EU
"in sun protection and in bronzing products, furocoumarines shall be below 1 mg/kg",298-81-7,(EC) 2009/1223,EU
"furocoumarines (e.g. trioxysalen (inn), 8-methoxypsoralen, 5-methoxypsoralen) except for normal content in natural essences used.",484-20-8,(EC) 2009/1223,EU
"in sun protection and in bronzing products, furocoumarines shall be below 1 mg/kg",484-20-8,(EC) 2009/1223,EU
"furocoumarines (e.g. trioxysalen (inn), 8-methoxypsoralen, 5-methoxypsoralen) except for normal content in natural essences used.",3902-71-4,(EC) 2009/1223,EU
"in sun protection and in bronzing products, furocoumarines shall be below 1 mg/kg",3902-71-4,(EC) 2009/1223,EU
oil from the seeds of laurus nobilis l.,84603-73-6,(EC) 2009/1223,EU
"safrole, except for normal content in the natural essences used and provided that the concentration does not exceed:",94-59-7,(EC) 2009/1223,EU
"100 ppm in the finished cosmetic product, 50 ppm in products for dental and oral hygiene, and provided that safrole is not present in toothpastes intended specifically for children",94-59-7,(EC) 2009/1223,EU
"5,5'-di-isopropyl-2,2'-dimethylbiphenyl-4,4'-diyl dihypoiodite (thymol iodide)",552-22-7,(EC) 2009/1223,EU
"3'-ethyl-5',6',7',8'-tetrahydro-5',5',8',8'-tetramethyl-2'-acetonaphthone or 7-acetyl-6-ethyl-1,1,4,4-tetramethyl-1,2,3,4-tetrahydronaphthalen (aett",88-29-9,(EC) 2009/1223,EU
versalide),88-29-9,(EC) 2009/1223,EU
o-phenylenediamine and its salts,95-54-5,(EC) 2009/1223,EU
"4-methyl-m-phenylenediamine (toluene-2,4-diamine) and its salts",95-80-7,(EC) 2009/1223,EU
aristolochic acid and its salts,475-80-9,(EC) 2009/1223,EU
aristolochia spp. and their preparations,475-80-9,(EC) 2009/1223,EU
aristolochic acid and its salts,313-67-7,(EC) 2009/1223,EU
aristolochia spp. and their preparations,313-67-7,(EC) 2009/1223,EU
aristolochic acid and its salts,15918-62-4,(EC) 2009/1223,EU
aristolochia spp. and their preparations,15918-62-4,(EC) 2009/1223,EU
chloroform,67-66-3,(EC) 2009/1223,EU
"2,3,7,8-tetrachlorodibenzo-p-dioxin (tcdd)",1746-01-6,(EC) 2009/1223,EU
"2,6-dimethyl-1,3-dioxan-4-yl acetate (dimethoxane)",828-00-2,(EC) 2009/1223,EU
pyrithione sodium (innm) (2),3811-73-2,(EC) 2009/1223,EU
captan (iso),133-06-2,(EC) 2009/1223,EU
"1,2,3,6-tetrahydro-n-(trichloromethylthio)phthalimide",133-06-2,(EC) 2009/1223,EU
"2,2'-dihydroxy-3,3',5,5',6,6'-hexachlorodiphenylmethane (hexachlorophene (inn))",70-30-4,(EC) 2009/1223,EU
"6-(piperidinyl)-2,4-pyrimidinediamine-3-oxide (minoxidil (inn)) and its salts",38304-91-5,(EC) 2009/1223,EU
"3,4',5-tribromosalicylanilide (tribromsalan (inn))",87-10-5,(EC) 2009/1223,EU
phytolacca spp. and their preparations,65497-07-6,(EC) 2009/1223,EU
phytolacca spp. and their preparations,60820-94-2,(EC) 2009/1223,EU
tretinoin (inn) (retinoic acid and its salts),302-79-4,(EC) 2009/1223,EU
"1-methoxy-2,4-diaminobenzene (2,4-diaminoanisole - ci 76050) and its salts",615-05-4,(EC) 2009/1223,EU
"1-methoxy-2,5-diaminobenzene (2,5-diaminoanisole) and its salts",5307-02-8,(EC) 2009/1223,EU
colouring agent ci 12140,3118-97-6,(EC) 2009/1223,EU
colouring agent ci 26105 (solvent red 24),85-83-6,(EC) 2009/1223,EU
"4-[[4,4'-bis(dimethylamino)benzhydrylidene]cyclohexa-2,5-dien-1-ylidene]dimethylammonium chloride",548-62-9,(EC) 2009/1223,EU
tris[4-(dimethylamino) phenyl]methanol,548-62-9,(EC) 2009/1223,EU
"4-[[4,4'-bis(dimethylamino)benzhydrylidene]cyclohexa-2,5-dien-1-ylidene]dimethylammonium chloride",467-63-0,(EC) 2009/1223,EU
tris[4-(dimethylamino) phenyl]methanol,467-63-0,(EC) 2009/1223,EU
"amyl 4-dimethylaminobenzoate, mixed isomers (padimate a (inn))",14779-78-3,(EC) 2009/1223,EU
2-amino-4-nitrophenol,99-57-0,(EC) 2009/1223,EU
2-amino-5-nitrophenol,121-88-0,(EC) 2009/1223,EU
"11-alpha-hydroxypregn-4-ene-3,20-dione and its esters",80-75-1,(EC) 2009/1223,EU
"colouring agent ci 42640 ([4-[[4-(dimethylamino)phenyl][4-[ethyl(3-sulphonatobenzyl)amino]phenyl]methylene]cyclohexa-2,5-dien-1-ylidene](ethyl)(3-sulphonatobenzyl)ammonium, sodium salt)",1694-09-3,(EC) 2009/1223,EU
colouring agent ci 13065,587-98-4,(EC) 2009/1223,EU
colouring agent ci 42535 (basic violet 1),8004-87-3,(EC) 2009/1223,EU
colouring agent ci 61554 (solvent blue 35),17354-14-2,(EC) 2009/1223,EU
anti-androgens of steroidal structure,,(EC) 2009/1223,EU
"zirconium and its compounds, with the exception of the substances listed under reference number 50 in annex iii, and the zirconium lakes, pigments or salts of the colouring agents when listed annex iv",7440-67-7,(EC) 2009/1223,EU
acetonitrile,75-05-8,(EC) 2009/1223,EU
tetrahydrozoline (tetryzoline (inn)) and its salts,84-22-0,(EC) 2009/1223,EU
tetrahydrozoline (tetryzoline (inn)) and its salts,522-48-5,(EC) 2009/1223,EU
tetrahydrozoline (tetryzoline (inn)) and its salts,33067-94-6,(EC) 2009/1223,EU
"hydroxy-8-quinoline and its sulphate bis(8-hydroxyquinolinium) sulphate, except for the uses of the  sulphate provided for in entry 51 of annex iii",148-24-3,(EU) 2019/1966,EU
"hydroxy-8-quinoline and its sulphate bis(8-hydroxyquinolinium) sulphate, except for the uses of the  sulphate provided for in entry 51 of annex iii",134-31-6,(EU) 2019/1966,EU
"dithio-2,2'-bispyridine-dioxide-1,1' (additive with trihydrated magnesium sulphate) - (pyrithione disulphide + magnesium sulphate)",43143-11-9,(EC) 2009/1223,EU
"colouring agent ci 12075 (pigment orange 5) and its lakes, pigments and salts",3468-63-1,(EC) 2009/1223,EU
"colouring agent ci 45170, colouring agent ci 45170:1 (basic violet 10)",81-88-9,(EC) 2009/1223,EU
"colouring agent ci 45170, colouring agent ci 45170:1 (basic violet 10)",509-34-2,(EC) 2009/1223,EU
lidocaine (inn),137-58-6,(EC) 2009/1223,EU
"1,2-epoxybutane",106-88-7,(EC) 2009/1223,EU
colouring agent ci 15585,2092-56-0,(EC) 2009/1223,EU
colouring agent ci 15585,5160-02-1,(EC) 2009/1223,EU
strontium lactate,29870-99-3,(EC) 2009/1223,EU
strontium nitrate,10042-76-9,(EC) 2009/1223,EU
strontium polycarboxylate,,(EC) 2009/1223,EU
pramocaine (inn),140-65-8,(EC) 2009/1223,EU
4-ethoxy-m-phenylenediamine and its salts,67801-06-3,(EC) 2009/1223,EU
4-ethoxy-m-phenylenediamine and its salts,5862-77-1,(EC) 2009/1223,EU
4-ethoxy-m-phenylenediamine and its salts,68015-98-5,(EC) 2009/1223,EU
4-ethoxy-m-phenylenediamine and its salts,6219-69-8,(EC) 2009/1223,EU
"2,4-diaminophenylethanol and its salts",14572-93-1,(EC) 2009/1223,EU
pyrocatechol (catechol),120-80-9,(EC) 2009/1223,EU
pyrogallol,87-66-1,(EC) 2009/1223,EU
nitrosamines e.g. dimethylnitrosoamine,62-75-9,(EC) 2009/1223,EU
nitrosodipropylamine,62-75-9,(EC) 2009/1223,EU
"2,2'-(nitrosoimino)bisethanol",62-75-9,(EC) 2009/1223,EU
nitrosamines e.g. dimethylnitrosoamine,621-64-7,(EC) 2009/1223,EU
nitrosodipropylamine,621-64-7,(EC) 2009/1223,EU
"2,2'-(nitrosoimino)bisethanol",621-64-7,(EC) 2009/1223,EU
nitrosamines e.g. dimethylnitrosoamine,1116-54-7,(EC) 2009/1223,EU
nitrosodipropylamine,1116-54-7,(EC) 2009/1223,EU
"2,2'-(nitrosoimino)bisethanol",1116-54-7,(EC) 2009/1223,EU
secondary alkyl- and alkanolamines and their salts,111-42-2,(EC) 2009/1223,EU
secondary alkyl- and alkanolamines and their salts,110-97-4,(EC) 2009/1223,EU
4-amino-2-nitrophenol,119-34-6,(EC) 2009/1223,EU
"2-methyl-m-phenylenediamine (toluene-2,6-diamine)",823-40-5,(EC) 2009/1223,EU
"4-tert.-butyl-3-methoxy-2,6-dinitrotoluene (musk ambrette)",83-66-9,(EC) 2009/1223,EU
"cells, tissues or products of human origin",,(EC) 2009/1223,EU
"3,3-bis(4-hydroxyphenyl)phthalide (phenolphthalein (inn))",77-09-8,(EC) 2009/1223,EU
3-imidazol-4-ylacrylic acid (urocanic acid) and its ethyl ester,27538-35-8,(EC) 2009/1223,EU
3-imidazol-4-ylacrylic acid (urocanic acid) and its ethyl ester,104-98-3,(EC) 2009/1223,EU
"category 1 material and category 2 material as defined in articles 4 and 5 respectively of regulation (ec) no 1774/2002 of the european parliament and of the council (3), and ingredients derived therefrom",,(EC) 2009/1223,EU
crude and refined coal tars,8007-45-2,(EC) 2009/1223,EU
"1,1,3,3,5-pentamethyl-4,6-dinitroindane (moskene)",116-66-5,(EC) 2009/1223,EU
"5-tert.-butyl-1,2,3-trimethyl-4,6-dinitrobenzene (musk tibetene)",145-39-1,(EC) 2009/1223,EU
"alanroot oil (inula helenium l.) (cas no 97676-35-2), when used as a fragrance ingredient",97676-35-2,(EC) 2009/1223,EU
"benzyl cyanide, when used as a fragrance ingredient",140-29-4,(EC) 2009/1223,EU
"cyclamen alcohol, when used as a fragrance ingredient",4756-19-8,(EC) 2009/1223,EU
"diethyl maleate, when used as a fragrance ingredient",141-05-9,(EC) 2009/1223,EU
"3,4-dihydrocoumarin, when used as a fragrance ingredient",119-84-6,(EC) 2009/1223,EU
"2,4-dihydroxy-3-methylbenzaldehyde, when used as a fragrance ingredient",6248-20-0,(EC) 2009/1223,EU
"3,7-dimethyl-2-octen-1-ol (6,7-dihydrogeraniol), when used as a fragrance ingredient",40607-48-5,(EC) 2009/1223,EU
"4,6-dimethyl-8-tert-butylcoumarin, when used as a fragrance ingredient",17874-34-9,(EC) 2009/1223,EU
"dimethyl citraconate, when used as a fragrance ingredient",617-54-9,(EC) 2009/1223,EU
"7,11-dimethyl-4,6,10-dodecatrien-3-one (pseudomethylionone), when used as a fragrance ingredient",26651-96-7,(EC) 2009/1223,EU
"6,10-dimethyl-3,5,9-undecatrien-2-one (pseudoionone), when used as a fragrance ingredient",141-10-6,(EC) 2009/1223,EU
"diphenylamine, when used as a fragrance ingredient",122-39-4,(EC) 2009/1223,EU
"ethyl acrylate, when used as a fragrance ingredient",140-88-5,(EC) 2009/1223,EU
"fig leaf absolute (ficus carica l.), when used as a fragrance ingredient",68916-52-9,(EC) 2009/1223,EU
"trans-2-heptenal, when used as a fragrance ingredient",18829-55-5,(EC) 2009/1223,EU
"trans-2-hexenal diethyl acetal, when used as a fragrance ingredient",67746-30-9,(EC) 2009/1223,EU
"trans-2-hexenal dimethyl acetal, when used as a fragrance ingredient",18318-83-7,(EC) 2009/1223,EU
"hydroabietyl alcohol, when used as a fragrance ingredient",26266-77-3,(EC) 2009/1223,EU
"hydroabietyl alcohol, when used as a fragrance ingredient",13393-93-6,(EC) 2009/1223,EU
"6-isopropyl-2-decahydronaphthalenol, when used as a fragrance ingredient",34131-99-2,(EC) 2009/1223,EU
"7-methoxycoumarin, when used as a fragrance ingredient",531-59-9,(EC) 2009/1223,EU
"4-(4-methoxyphenyl)-3-butene-2-one (anisylidene acetone), when used as a fragrance ingredient",943-88-4,(EC) 2009/1223,EU
"1-(4-methoxyphenyl)-1-pentene-3-one (alpha-methylanisylideneacetone), when used as a fragrance ingredient",104-27-8,(EC) 2009/1223,EU
"methyl trans-2-butenoate, when used as a fragrance ingredient",623-43-8,(EC) 2009/1223,EU
"7-methylcoumarin, when used as a fragrance ingredient",2445-83-2,(EC) 2009/1223,EU
"5-methyl-2,3-hexanedione (acetyl isovaleryl), when used as a fragrance ingredient",13706-86-0,(EC) 2009/1223,EU
"2-pentylidenecyclohexanone, when used as a fragrance ingredient",25677-40-1,(EC) 2009/1223,EU
"3,6,10-trimethyl-3,5,9-undecatrien-2-one (pseudo-isomethyl ionone), when used as a fragrance ingredient",1117-41-5,(EC) 2009/1223,EU
verbena essential oils (lippia citriodora kunth.) and derivatives other than absolute when used as a fragrance ingredient,8024-12-2,(EC) 2013/344,EU
"6-(2-chloroethyl)-6-(2-methoxyethoxy)-2,5,7,10-tetraoxa-6-silaundecane",37894-46-5,(EC) 2009/1223,EU
cobalt dichloride,7646-79-9,(EC) 2009/1223,EU
cobalt sulphate,10124-43-3,(EC) 2009/1223,EU
nickel monoxide,1313-99-1,(EC) 2009/1223,EU
nickel oxide,1313-99-1,(EC) 2009/1223,EU
bunsenite,1313-99-1,(EC) 2009/1223,EU
nickel monoxide,11099-02-8,(EC) 2009/1223,EU
nickel oxide,11099-02-8,(EC) 2009/1223,EU
bunsenite,11099-02-8,(EC) 2009/1223,EU
nickel monoxide,34492-97-2,(EC) 2009/1223,EU
nickel oxide,34492-97-2,(EC) 2009/1223,EU
bunsenite,34492-97-2,(EC) 2009/1223,EU
dinickel trioxide,1314-06-3,(EC) 2009/1223,EU
nickel dioxide,12035-36-8,(EC) 2009/1223,EU
trinickel disulfide,12035-72-2,(EC) 2009/1223,EU
nickel subsulfied,12035-72-2,(EC) 2009/1223,EU
heazlewoodite,12035-72-2,(EC) 2009/1223,EU
trinickel disulfide,12035-71-1,(EC) 2009/1223,EU
nickel subsulfied,12035-71-1,(EC) 2009/1223,EU
heazlewoodite,12035-71-1,(EC) 2009/1223,EU
tetracarbonylnickel,13463-39-3,(EC) 2009/1223,EU
nickel (ii) sulfide,16812-54-7,(EC) 2009/1223,EU
nickel sulfide,16812-54-7,(EC) 2009/1223,EU
millerite,16812-54-7,(EC) 2009/1223,EU
nickel (ii) sulfide,11113-75-0,(EC) 2009/1223,EU
nickel sulfide,11113-75-0,(EC) 2009/1223,EU
millerite,11113-75-0,(EC) 2009/1223,EU
nickel (ii) sulfide,1314-04-1,(EC) 2009/1223,EU
nickel sulfide,1314-04-1,(EC) 2009/1223,EU
millerite,1314-04-1,(EC) 2009/1223,EU
potassium bromate,7758-01-2,(EC) 2009/1223,EU
carbon monoxide,630-08-0,(EC) 2009/1223,EU
"buta-1,3-diene, see also entries 464-611",106-99-0,(EC) 2009/1223,EU
"isobutane, if it contains = >0,1% w/w butadiene",75-28-5,(EC) 2009/1223,EU
"butane, if it contains = >0,1 % w/w butadiene",106-97-8,(EC) 2009/1223,EU
"gases (petroleum), c3-4, if they contain > 0.1% w/w butadiene",68131-75-9,(EC) 2009/1223,EU
"tail gas (petroleum), catalytic cracked distillate and catalytic cracked naphtha fractionation absorber, if it contain > 0.1% w/w butadiene",68307-98-2,(EC) 2009/1223,EU
"tail gas (petroleum), catalytic polymn. naphtha fractionation stabilizer, if it contains",68307-99-3,(EC) 2009/1223,EU
> 0.1 % w/w butadiene,68307-99-3,(EC) 2009/1223,EU
"tail gas (petroleum), catalytic reformed naphtha fractionation stabilizer, hydrogen sulfide-free, if it contains > 0.1% w/w butadiene",68308-00-9,(EC) 2009/1223,EU
"tail gas (petroleum), cracked distillate hydrotreater stripper, if it contains > 0.1% w/w butadiene",68308-01-0,(EC) 2009/1223,EU
"tail gas (petroleum), gas oil catalytic cracking absorber, if it contains > 0.1 % w/w butadiene",68308-03-2,(EC) 2009/1223,EU
"tail gas (petroleum), gas recovery plant, if it contains > 0.1 % w/w butadiene",68308-04-3,(EC) 2009/1223,EU
"tail gas (petroleum), gas recovery plant deethanizer, if it contains > 0.1% w/w butadiene",68308-05-4,(EC) 2009/1223,EU
"tail gas (petroleum), hydrodesulfurised distillate and hydrodesulfurized naphtha fractionator, acid-free, if it contains > 0.1% w/w butadiene",68308-06-5,(EC) 2009/1223,EU
"tail gas (petroleum), hydrodesulfurized vacuum gas oil stripper, hydrogen sulfide-free, if it contains > 0.1% w/w butadiene",68308-07-6,(EC) 2009/1223,EU
"tail gas (petroleum), isomerized naphtha fractionation stabilizer, if it contains > 0,1% w/w butadiene",68308-08-7,(EC) 2009/1223,EU
"tail gas (petroleum), light straight-run naphtha stabilizer, hydrogen sulfide-free, if it contains > 0.1% w/w butadiene",68308-09-8,(EC) 2009/1223,EU
"tail gas (petroleum), straight-run distillate hydrodesulfurized, hydrogen sulfide-free, if it contains > 0.1% w/w butadiene",68308-10-1,(EC) 2009/1223,EU
"tail gas (petroleum), propane-propylene alkylation feed prep deethanizer, if it contains > 0.1 % w/w butadiene",68308-11-2,(EC) 2009/1223,EU
"tail gas (petroleum), vacuum gas oil hydrodesulfurized, hydrogen sulfide-free, if it contains > 0.1 % w/w butadiene",68308-12-3,(EC) 2009/1223,EU
"gases (petroleum), catalytic cracked overheads, if they contain > 0.1% w/w butadiene",68409-99-4,(EC) 2009/1223,EU
"alkanes, c1-2, if they contain > 0.1% w/w butadiene",68475-57-0,(EC) 2009/1223,EU
"alkanes, c2-3, if they contain > 0.1% w/w butadiene",68475-58-1,(EC) 2009/1223,EU
"alkanes, c3-4, if they contain > 0.1% w/w butadiene",68475-59-2,(EC) 2009/1223,EU
"alkanes, c4-5, if they contain > 0.1% w/w butadiene",68475-60-5,(EC) 2009/1223,EU
"fuel-gases, if they contain > 0.1% w/w butadiene",68476-26-6,(EC) 2009/1223,EU
"fuel gases, crude oil distillates, if they contain > 0.1 % w/w butadiene",68476-29-9,(EC) 2009/1223,EU
"hydrocarbons, c3-4, if they contain > 0.1% w/w butadiene",68476-40-4,(EC) 2009/1223,EU
"hydrocarbons, c4-5, if they contain > 0.1% w/w butadiene",68476-42-6,(EC) 2009/1223,EU
"hydrocarbons, c2-4, c3-rich, if they contain > 0.1% w/w butadiene",68476-49-3,(EC) 2009/1223,EU
"petroleum gases, liquefied, if they contain > 0.1% w/w butadiene",68476-85-7,(EC) 2009/1223,EU
"petroleum gases, liquefied, sweetened, if they contain > 0.1% w/w butadiene",68476-86-8,(EC) 2009/1223,EU
"gases (petroleum), c3-4, isobutane-rich, if they contain > 0.1% w/w butadiene",68477-33-8,(EC) 2009/1223,EU
"distillates (petroleum), c3-6, piperylene-rich , if they contain > 0.1% w/w butadiene",68477-35-0,(EC) 2009/1223,EU
"gases (petroleum), amine system feed, if they contain > 0.1 % w/w butadiene",68477-65-6,(EC) 2009/1223,EU
"gases (petroleum), benzene unit hydrodesulfurizer off, if they contain > 0.1% w/w butadiene",68477-66-7,(EC) 2009/1223,EU
"gases (petroleum), benzene unit recycle, hydrogen-rich, if they contain > 0.1% w/w butadiene",68477-67-8,(EC) 2009/1223,EU
"gases (petroleum), blend oil, hydrogen-nitrogen-rich, if they contain > 0.1% w/w butadiene",68477-68-9,(EC) 2009/1223,EU
"gases (petroleum), butane splitter overheads, if they contain > 0.1 % w/w butadiene",68477-69-0,(EC) 2009/1223,EU
"gases (petroleum), c2-3, if they contain > 0.1% w/w butadiene",68477-70-3,(EC) 2009/1223,EU
"gases (petroleum), catalytic-cracked gas oil depropaniser bottoms, c4-rich acid-free, if they contain > 0.1% w/w butadiene",68477-71-4,(EC) 2009/1223,EU
"gases (petroleum), catalytic-cracked naphtha debutaniser bottoms, c3-5-rich, if they contain > 0.1% w/w butadiene",68477-72-5,(EC) 2009/1223,EU
"gases (petroleum), catalytic cracked naphtha depropanizer overhead, c3-rich acid-free, if they contain > 0.1% w/w butadiene",68477-73-6,(EC) 2009/1223,EU
"gases (petroleum), catalytic cracker, if they contain > 0.1% w/w butadiene",68477-74-7,(EC) 2009/1223,EU
"gases (petroleum), catalytic cracker, c1-5-rich, if they contain > 0.1% w/w butadiene",68477-75-8,(EC) 2009/1223,EU
"gases (petroleum), catalytic polymd. naphtha stabilizer overhead, c2-4-rich, if they contain > 0.1% w/w butadiene",68477-76-9,(EC) 2009/1223,EU
"gases (petroleum), catalytic reformed naphtha stripper overhead, if they contain > 0.1% w/w butadiene",68477-77-0,(EC) 2009/1223,EU
"gases (petroleum), catalytic reformer, c1-4-rich, if they contain > 0.1% w/w butadiene",68477-79-2,(EC) 2009/1223,EU
"gases (petroleum), c6-8 catalytic reformer recycle, if they contain > 0.1% w/w butadiene",68477-80-5,(EC) 2009/1223,EU
"gases (petroleum), c6-8 catalytic reformer, if they contain > 0.1 % w/w butadiene",68477-81-6,(EC) 2009/1223,EU
"gases (petroleum), c6-8 catalytic reformer recycle, hydrogen-rich, if they contain > 0.1% w/w butadiene",68477-82-7,(EC) 2009/1223,EU
"gases (petroleum), c3-5 olefinic-paraffinic alkylation feed, if they contain > 0.1% w/w butadiene",68477-83-8,(EC) 2009/1223,EU
"gases (petroleum), c2-return stream, if they contain > 0.1% w/w butadiene",68477-84-9,(EC) 2009/1223,EU
"gases (petroleum), c4-rich, if they contain > 0.1% w/w butadiene",68477-85-0,(EC) 2009/1223,EU
"gases (petroleum), deethanizer overheads, if they contain > 0.1% w/w butadiene",68477-86-1,(EC) 2009/1223,EU
"gases (petroleum), deisobutanizer tower overheads, if they contain > 0.1% w/w butadiene",68477-87-2,(EC) 2009/1223,EU
"gases (petroleum), depropanizer dry, propene-rich, if they contain > 0.1% w/w butadiene",68477-90-7,(EC) 2009/1223,EU
"gases (petroleum), depropanizer overheads, if they contain > 0.1 % w/w butadiene",68477-91-8,(EC) 2009/1223,EU
"gases (petroleum), dry sour, gas-concn. -unit-off, if they contain > 0.1 % w/w butadiene",68477-92-9,(EC) 2009/1223,EU
"gases (petroleum), gas concn. reabsorber distn., if they contain > 0.1% w/w butadiene",68477-93-0,(EC) 2009/1223,EU
"gases (petroleum), gas recovery plant depropanizer overheads, if they contain > 0.1% w/w butadiene",68477-94-1,(EC) 2009/1223,EU
"gases (petroleum), girbatol unit feed, if they contain > 0.1% w/w butadiene",68477-95-2,(EC) 2009/1223,EU
"gases (petroleum), hydrogen absorber off, if they contain > 0,1% w/w butadiene",68477-96-3,(EC) 2009/1223,EU
"gases (petroleum), hydrogen-rich, if they contain > 0.1% w/w butadiene",68477-97-4,(EC) 2009/1223,EU
"gases (petroleum), hydrotreater blend oil recycle, hydrogen-nitrogen-rich, if they contain > 0.1 % w/w butadiene",68477-98-5,(EC) 2009/1223,EU
"gases (petroleum), isomerized naphtha fractionator, c4-rich, hydrogen sulfide-free, if they contain > 0.1% w/w butadiene",68477-99-6,(EC) 2009/1223,EU
"gases (petroleum), recycle, hydrogen-rich, if they contain > 0.1% w/w butadiene",68478-00-2,(EC) 2009/1223,EU
"gases (petroleum), reformer make-up, hydrogen-rich, if they contain > 0.1% w/w butadiene",68478-01-3,(EC) 2009/1223,EU
"gases (petroleum), reforming hydrotreater, if they contain > 0.1% w/w butadiene",68478-02-4,(EC) 2009/1223,EU
"gases (petroleum), reforming hydrotreater, hydrogen-methane-rich, if they contain > 0.1 % w/w butadiene",68478-03-5,(EC) 2009/1223,EU
"gases (petroleum), reforming hydrotreater make-up, hydrogen-rich, if they contain > 0.1 % w/w butadiene",68478-04-6,(EC) 2009/1223,EU
"gases (petroleum), thermal cracking distn., if they contain > 0.1% w/w butadiene",68478-05-7,(EC) 2009/1223,EU
"tail gas (petroleum), catalytic cracked clarified oil and thermal cracked vacuum residue fractionation reflux drum, if it contains > 0.1% w/w butadiene",68478-21-7,(EC) 2009/1223,EU
"tail gas (petroleum), catalytic cracked naphtha stabilization absorber, if it contains > 0.1 % w/w butadiene",68478-22-8,(EC) 2009/1223,EU
"tail gas (petroleum), catalytic cracker, catalytic reformer and hydrodesulfurized combined fractionater, if it contains > 0.1% w/w butadiene",68478-24-0,(EC) 2009/1223,EU
"tail gas (petroleum), catalytic cracker refractionation absorber, if it contains > 0.1% w/w butadiene",68478-25-1,(EC) 2009/1223,EU
"tail gas (petroleum), catalytic reformed naphtha fractionation stabilizer, if it contains > 0.1 % w/w butadiene",68478-26-2,(EC) 2009/1223,EU
"tail gas (petroleum), catalytic reformed naphtha separator, if it contains > 0.1% w/w butadiene",68478-27-3,(EC) 2009/1223,EU
"tail gas (petroleum), catalytic reformed naphtha stabilizer, if it contains > 0.1% w/w butadiene",68478-28-4,(EC) 2009/1223,EU
"tail gas (petroleum), cracked distillate hydrotreater separator, if it contains > 0.1% w/w butadiene",68478-29-5,(EC) 2009/1223,EU
"tail gas (petroleum), hydrodesulfurized straight-run naphtha separator, if it contains > 0.1 % w/w butadiene",68478-30-8,(EC) 2009/1223,EU
"tail gas (petroleum), saturate gas plant mixed stream, c4-rich, if it contains > 0.1% w/w butadiene",68478-32-0,(EC) 2009/1223,EU
"tail gas (petroleum), saturate gas recovery plant, c1-2-rich, if it contains > 0.1% w/w butadiene",68478-33-1,(EC) 2009/1223,EU
"tail gas (petroleum), vacuum residues thermal cracker, if it contains > 0.1 % w/w butadiene",68478-34-2,(EC) 2009/1223,EU
"hydrocarbons, c3-4-rich, petroleum distillate, if they contain > 0.1% w/w butadiene",68512-91-4,(EC) 2009/1223,EU
"gases (petroleum), catalytic reformed straight-run naphtha stabilizer overheads, if they contain > 0.1% w/w butadiene",68513-14-4,(EC) 2009/1223,EU
"gases (petroleum), full-range straight-run naphtha dehexanizer off, if they contain > 0.1 % w/w butadiene",68513-15-5,(EC) 2009/1223,EU
"gases (petroleum), hydrocracking depropanizer off, hydrocarbon-rich, if they contain > 0.1 % w/w butadiene",68513-16-6,(EC) 2009/1223,EU
"gases (petroleum), light straight-run naphtha stabilizer off, if they contain > 0.1% w/w butadiene",68513-17-7,(EC) 2009/1223,EU
"gases (petroleum), reformer effluent high-pressure flash drum off, if they contain > 0.1% w/w butadiene",68513-18-8,(EC) 2009/1223,EU
"gases (petroleum), reformer effluent low-pressure flash drum off, if they contain > 0.1% w/w butadiene",68513-19-9,(EC) 2009/1223,EU
"residues (petroleum), alkylation splitter, c4-rich, if they contain > 0.1 % w/w butadiene",68513-66-6,(EC) 2009/1223,EU
"hydrocarbons, c1-4, if they contain > 0.1% w/w butadiene",68514-31-8,(EC) 2009/1223,EU
"hydrocarbons, c1-4, sweetened, if they contain > 0.1% w/w butadiene",68514-36-3,(EC) 2009/1223,EU
"gases (petroleum), oil refinery gas distn., if they contain > 0.1% w/w butadiene",68527-15-1,(EC) 2009/1223,EU
"hydrocarbons, c1-3, if they contain > 0.1% w/w butadiene",68527-16-2,(EC) 2009/1223,EU
"hydrocarbons, c1-4, debutanizer fraction, if they contain > 0.1% w/w butadiene",68527-19-5,(EC) 2009/1223,EU
"gases (petroleum), benzene unit hydrotreater depentanizer overheads, if they contain > 0.1 % w/w butadiene",68602-82-4,(EC) 2009/1223,EU
"gases (petroleum), c1-5, wet, if they contain > 0.1% w/w butadiene",68602-83-5,(EC) 2009/1223,EU
"gases (petroleum), secondary absorber off, fluidized catalytic cracker overheads, if they contain > 0.1% w/w butadiene",68602-84-6,(EC) 2009/1223,EU
"hydrocarbons, c2-4, if they contain > 0.1% w/w butadiene",68606-25-7,(EC) 2009/1223,EU
"hydrocarbons, c3, if they contain > 0.1% w/w butadiene",68606-26-8,(EC) 2009/1223,EU
"gases (petroleum), alkylation feed, if they contain > 0.1% w/w butadiene",68606-27-9,(EC) 2009/1223,EU
"gases (petroleum), depropanizer bottoms fractionation off, if they contain > 0.1% w/w butadiene",68606-34-8,(EC) 2009/1223,EU
"petroleum products, refinery gases, if they contain > 0.1% w/w butadiene",68607-11-4,(EC) 2009/1223,EU
"gases (petroleum), hydrocracking low-pressure separator, if they contain > 0.1 % w/w butadiene",68783-06-2,(EC) 2009/1223,EU
"gases (petroleum), refinery blend, if they contain > 0.1% w/w butadiene",68783-07-3,(EC) 2009/1223,EU
"gases (petroleum), catalytic cracking, if they contain > 0.1% w/w butadiene",68783-64-2,(EC) 2009/1223,EU
"gases (petroleum), c2-4, sweetened, if they contain > 0.1 % w/w butadiene",68783-65-3,(EC) 2009/1223,EU
"gases (petroleum), refinery, if they contain > 0.1 % w/w butadiene",68814-67-5,(EC) 2009/1223,EU
"gases (petroleum), platformer products separator off, if they contain > 0.1% w/w butadiene",68814-90-4,(EC) 2009/1223,EU
"gases (petroleum), hydrotreated sour kerosine depentanizer stabilizer off, if they contain > 0.1 % w/w butadiene",68911-58-0,(EC) 2009/1223,EU
"gases (petroleum), hydrotreated sour kerosine flash drum, if they contain > 0.1 % w/w butadiene",68911-59-1,(EC) 2009/1223,EU
"gases (petroleum), crude oil fractionation off, if they contain > 0.1% w/w butadiene",68918-99-0,(EC) 2009/1223,EU
"gases (petroleum), dehexanizer off, if they contain > 0.1 % w/w butadiene",68919-00-6,(EC) 2009/1223,EU
"gases (petroleum), distillate unifiner desulfurization tripper off, if they contain > 0.1% w/w butadiene",68919-01-7,(EC) 2009/1223,EU
"gases (petroleum), fluidized catalytic cracker fractionation off, if they contain > 0.1% w/w butadiene",68919-02-8,(EC) 2009/1223,EU
"gases (petroleum), fluidized catalytic cracker scrubbing secondary absorber off, if they contain > 0.1% w/w butadiene",68919-03-9,(EC) 2009/1223,EU
"gases (petroleum), heavy distillate hydrotreater desulfurization stripper off, if they contain > 0.1% w/w butadiene",68919-04-0,(EC) 2009/1223,EU
"gases (petroleum), light straight run gasoline fractionation stabilizer off, if they contain > 0.1 % w/w butadiene",68919-05-1,(EC) 2009/1223,EU
"gases (petroleum), naphtha unifiner desulfurization stripper off, if they contain > 0.1% w/w butadiene",68919-06-2,(EC) 2009/1223,EU
"gases (petroleum), platformer stabilizer off, light ends fractionation, if they contain > 0.1 % w/w butadiene",68919-07-3,(EC) 2009/1223,EU
"gases (petroleum), preflash tower off, crude distn., if they contain > 0.1% w/w butadiene",68919-08-4,(EC) 2009/1223,EU
"gases (petroleum), straight-run naphtha catalytic reforming off, if they contain > 0.1% w/w butadiene",68919-09-5,(EC) 2009/1223,EU
"gases (petroleum), straight-run stabilizer off, if they contain > 0.1 % w/w butadiene",68919-10-8,(EC) 2009/1223,EU
"gases (petroleum), tar stripper off, if they contain > 0.1% w/w butadiene",68919-11-9,(EC) 2009/1223,EU
"gases (petroleum), unifiner stripper off, if they contain > 0.1% w/w butadiene",68919-12-0,(EC) 2009/1223,EU
"gases (petroleum), fluidized catalytic cracker splitter overheads, if they contain > 0.1% w/w butadiene",68919-20-0,(EC) 2009/1223,EU
"gases (petroleum), catalytic cracked naphtha debutanizer, if they contain > 0.1 % w/w butadiene",68952-76-1,(EC) 2009/1223,EU
"tail gas (petroleum), catalytic cracked distillate and naphtha stabilizer, if it contains > 0.1 % w/w butadiene",68952-77-2,(EC) 2009/1223,EU
"tail gas (petroleum), catalytic hydrodesulfurized naphtha separator, if it contains > 0.1% w/w butadiene",68952-79-4,(EC) 2009/1223,EU
"tail gas (petroleum), straight-run naphtha hydrodesulfurized, if it contains > 0.1% w/w butadiene",68952-80-7,(EC) 2009/1223,EU
"tail gas (petroleum), thermal-cracked distillate, gas oil and naphtha absorber, if it contains > 0.1% w/w butadiene",68952-81-8,(EC) 2009/1223,EU
"tail gas (petroleum), thermal cracked hydrocarbon fractionation stabilizer, petroleum coking, if it contains > 0.1% w/w butadiene",68952-82-9,(EC) 2009/1223,EU
"gases (petroleum), light steam-cracked, butadiene conc., if they contain > 0.1% w/w butadiene",68955-28-2,(EC) 2009/1223,EU
"gases (petroleum), sponge absorber off, fluidized catalytic cracker and gas oil desulfurizer overhead fractionation, if they contain > 0.1% w/w butadiene",68955-33-9,(EC) 2009/1223,EU
"gases (petroleum), straight-run naphtha catalytic reformer stabilizer overhead, if they contain > 0.1% w/w butadiene",68955-34-0,(EC) 2009/1223,EU
"gases (petroleum), crude distn. and catalytic cracking, if they contain > 0.1 % w/w butadiene",68989-88-8,(EC) 2009/1223,EU
"hydrocarbons, c4, if they contain > 0.1% w/w butadiene",87741-01-3,(EC) 2009/1223,EU
"alkanes, c1-4, c3-rich, if they contain > 0.1% w/w butadiene",90622-55-2,(EC) 2009/1223,EU
"gases (petroleum), gas oil diethanolamine scrubber off, if they contain > 0.1% w/w butadiene",92045-15-3,(EC) 2009/1223,EU
"gases (petroleum), gas oil hydrodesulfurization effluent, if they contain > 0.1 % w/w butadiene",92045-16-4,(EC) 2009/1223,EU
"gases (petroleum), gas oil hydrodesulfurization purge, if they contain > 0.1% w/w butadiene",92045-17-5,(EC) 2009/1223,EU
"gases (petroleum), hydrogenator effluent flash drum off, if they contain > 0.1% w/w butadiene",92045-18-6,(EC) 2009/1223,EU
"gases (petroleum), naphtha steam cracking high-pressure residual, if they contain > 0.1% w/w butadiene",92045-19-7,(EC) 2009/1223,EU
"gases (petroleum), residue visbaking off, if they contain > 0.1% w/w butadiene",92045-20-0,(EC) 2009/1223,EU
"gases (petroleum), steam-cracker c3-rich, if they contain > 0.1% w/w butadiene",92045-22-2,(EC) 2009/1223,EU
"hydrocarbons, c4, steam-cracker distillate, if they contain > 0.1 % w/w butadiene",92045-23-3,(EC) 2009/1223,EU
"petroleum gases, liquefied, sweetened, c4 fraction, if they contain > 0.1% w/w butadiene",92045-80-2,(EC) 2009/1223,EU
"hydrocarbons, c4, 1,3-butadiene- and isobutene-free, if they contain > 0.1% w/w butadiene",95465-89-7,(EC) 2009/1223,EU
"raffinates (petroleum), steam-cracked c4 fraction cuprous ammonium acetate extn., c3-5 and c3-5 unsatd., butadiene-free, if they contain > 0.1% w/w butadiene",97722-19-5,(EC) 2009/1223,EU
benzo[def]chrysene,50-32-8,(EC) 2009/1223,EU
(benzo[a]pyrene),50-32-8,(EC) 2009/1223,EU
"pitch, coal tar-petroleum, if it contains > 0.005 % w/w benzo[a]pyrene",68187-57-5,(EC) 2009/1223,EU
"distillates (coal-petroleum), condensed-ring arom., if they contain > 0.005 % w/w benzo[a]pyrene",68188-48-7,(EC) 2009/1223,EU
"creosote oil, acenaphthene fraction, acenaphthene-free, if it contains > 0.005 % w/w benzo[a]pyrene",90640-85-0,(EC) 2009/1223,EU
"pitch, coal tar, low-temp., if it contains > 0.005 % w/w benzo[a]pyrene",90669-57-1,(EC) 2009/1223,EU
"pitch, coal tar, low-temp., heat-treated, if it contains > 0.005 % w/w benzo[a]pyrene",90669-58-2,(EC) 2009/1223,EU
"pitch, coal tar, low-temp., oxidized, if it contains > 0.005 % w/w benzo[a]pyrene",90669-59-3,(EC) 2009/1223,EU
"extract residues (coal), brown, if they contain > 0.005 % w/w benzo[a]pyrene",91697-23-3,(EC) 2009/1223,EU
"paraffin waxes (coal), brown-coal high-temp. tar, if they contain > 0.005 % w/w benzo[a]pyrene",92045-71-1,(EC) 2009/1223,EU
"paraffin waxes (coal), brown-coal high-temp. tar, hydrotreated, if they contain > 0.005 % w/w benzo[a]pyrene",92045-72-2,(EC) 2009/1223,EU
"waste solids, coal-tar pitch coking, if they contain > 0.005 % w/w benzo[a]pyrene",92062-34-5,(EC) 2009/1223,EU
"pitch, coal tar, high-temp., secondary, if it contains > 0.005 % w/w benzo[a]pyrene",94114-13-3,(EC) 2009/1223,EU
"residues (coal), liq. solvent extn., if they contain > 0.005 % w/w benzo[a]pyrene",94114-46-2,(EC) 2009/1223,EU
"coal liquids, liq. solvent extn. soln., if they contain > 0,005 % w/w benzo[a]pyrene",94114-47-3,(EC) 2009/1223,EU
"coal liquids, liq. solvent extn., if they contain > 0.005 % w/w benzo[a]pyrene",94114-48-4,(EC) 2009/1223,EU
"paraffin waxes (coal), brown-coal high-temp. tar, carbon-treated, if they contain > 0.005 % w/w benzo[a]pyrene",97926-76-6,(EC) 2009/1223,EU
"paraffin waxes (coal), brown-coal high-temp tar, clay-treated, if they contain > 0.005 % w/w benzo[a]pyrene",97926-77-7,(EC) 2009/1223,EU
"paraffin waxes (coal), brown-coal high-temp tar, silicic acid-treated, if they contain > 0.005 % w/w benzo[a]pyrene",97926-78-8,(EC) 2009/1223,EU
"absorption oils, bicyclo arom. and heterocylic hydrocarbon fraction, if they contain > 0.005 % w/w benzo[a]pyrene",101316-45-4,(EC) 2009/1223,EU
"aromatic hydrocarbons, c20-28, polycyclic, mixed coal-tar pitch-polyethylene polypropylene pyrolysis-derived, if they contain > 0.005 % w/w benzo[a]pyrene",101794-74-5,(EC) 2009/1223,EU
"aromatic hydrocarbons, c20-28, polycyclic, mixed coal-tar pitch-polyethylene pyrolysis-derived, if they contain > 0.005 % w/w benzo[a]pyrene",101794-75-6,(EC) 2009/1223,EU
"aromatic hydrocarbons, c20-28, polycyclic, mixed coal-tar pitch-polystyrene pyrolysis-derived, if they contain > 0.005 % w/w benzo[a]pyrene",101794-76-7,(EC) 2009/1223,EU
"pitch, coal tar, high-temp., heat-treated, if it contains > 0.005% w/w benzo[a]pyrene",121575-60-8,(EC) 2009/1223,EU
"dibenz[a,h]anthracene",53-70-3,(EC) 2009/1223,EU
benz[a]anthracene,56-55-3,(EC) 2009/1223,EU
benzo[e]pyrene,192-97-2,(EC) 2009/1223,EU
benzo[j]fluoranthene,205-82-3,(EC) 2009/1223,EU
benz[e]acephenanthrylene,205-99-2,(EC) 2009/1223,EU
benzo[k]fluoranthene,207-08-9,(EC) 2009/1223,EU
chrysene,218-01-9,(EC) 2009/1223,EU
2-bromopropane,75-26-3,(EC) 2009/1223,EU
trichloroethylene,79-01-6,(EC) 2009/1223,EU
"1,2-dibromo-3-chloropropane",96-12-8,(EC) 2009/1223,EU
"2,3-dibromopropan-1-ol",96-13-9,(EC) 2009/1223,EU
"1,3-dichloropropan-2-ol",96-23-1,(EC) 2009/1223,EU
"alpha,alpha,alpha-trichlorotoluene",98-07-7,(EC) 2009/1223,EU
alpha-chlorotoluene (benzyl chloride),100-44-7,(EC) 2009/1223,EU
"1,2-dibromoethane",106-93-4,(EC) 2009/1223,EU
hexachlorobenzene,118-74-1,(EC) 2009/1223,EU
bromoethylene (vinyl bromide),593-60-2,(EC) 2009/1223,EU
"1,4-dichlorobut-2-ene",764-41-0,(EC) 2009/1223,EU
methyloxirane (propylene oxide),75-56-9,(EC) 2009/1223,EU
(epoxyethyl)benzene (styrene oxide),96-09-3,(EC) 2009/1223,EU
"1-chloro-2,3-epoxypropane (epichlorohydrin)",106-89-8,(EC) 2009/1223,EU
"r-1-chloro-2,3-epoxypropane",51594-55-9,(EC) 2009/1223,EU
"1,2-epoxy-3-phenoxypropane (phenylglycidyl ether)",122-60-1,(EC) 2009/1223,EU
"2,3-epoxypropan-1-ol (glycidol)",556-52-5,(EC) 2009/1223,EU
"r-2,3-epoxy-1-propanol",57044-25-4,(EC) 2009/1223,EU
"2,2'-bioxirane (1,2:3,4-diepoxybutane)",1464-53-5,(EC) 2009/1223,EU
"(2rs,3rs)-3-(2-chlorophenyl)-2-(4-fluorophenyl)-[1h-1,2,4-triazol-1-yl)methyl]oxirane",133855-98-8,(EC) 2009/1223,EU
epoxiconazole,133855-98-8,(EC) 2009/1223,EU
chloromethyl methyl ether,107-30-2,(EC) 2009/1223,EU
2-methoxyethanol  and its acetate (2-methoxyethyl acetate),109-86-4,(EC) 2009/1223,EU
2-methoxyethanol  and its acetate (2-methoxyethyl acetate),110-49-6,(EC) 2009/1223,EU
2-ethoxyethanol and its acetate (2-ethoxyethyl acetate),110-80-5,(EC) 2009/1223,EU
2-ethoxyethanol and its acetate (2-ethoxyethyl acetate),111-15-9,(EC) 2009/1223,EU
oxybis[chloromethane],542-88-1,(EC) 2009/1223,EU
bis (chloromethyl) ether,542-88-1,(EC) 2009/1223,EU
2-methoxypropanol,1589-47-5,(EC) 2009/1223,EU
propiolactone,57-57-8,(EC) 2009/1223,EU
dimethylcarbamoyl chloride,79-44-7,(EC) 2009/1223,EU
urethane (ethyl carbamate),51-79-6,(EC) 2009/1223,EU
moved or deleted,110-49-6,(EC) 2009/1223,EU
methoxyacetic acid,625-45-6,(EC) 2009/1223,EU
dibutyl phthalate,84-74-2,(EC) 2009/1223,EU
bis(2-methoxyethyl) ether (dimethoxydiglycol),111-96-6,(EC) 2009/1223,EU
bis(2-ethylhexyl) phthalate,117-81-7,(EC) 2009/1223,EU
(diethylhexyl phthalate),117-81-7,(EC) 2009/1223,EU
bis(2-methoxyethyl) phthalate,117-82-8,(EC) 2009/1223,EU
2-methoxypropyl acetate,70657-70-4,(EC) 2009/1223,EU
"2-ethylhexyl[[[3,5-bis(1,1-dimethylethyl)-4-hydroxyphenyl]-methyl]thio]acetate",80387-97-9,(EC) 2009/1223,EU
"acrylamide, unless regulated elsewhere in this regulation",79-06-1,(EC) 2009/1223,EU
acrylonitrile,107-13-1,(EC) 2009/1223,EU
2-nitropropane,79-46-9,(EC) 2009/1223,EU
"dinoseb, its salts and esters with the exception of those specified elsewhere in this list",88-85-7,(EC) 2009/1223,EU
2-nitroanisole,91-23-6,(EC) 2009/1223,EU
4-nitrobiphenyl,92-93-3,(EC) 2009/1223,EU
"2,4-dinitrotoluene",121-14-2,(EC) 2009/1223,EU
"dinitrotoluene, technical grade",121-14-2,(EC) 2009/1223,EU
"2,4-dinitrotoluene",25321-14-6,(EC) 2009/1223,EU
"dinitrotoluene, technical grade",25321-14-6,(EC) 2009/1223,EU
binapacryl,485-31-4,(EC) 2009/1223,EU
2-nitronaphthalene,581-89-5,(EC) 2009/1223,EU
"2,3-dinitrotoluene",602-01-7,(EC) 2009/1223,EU
5-nitroacenaphthene,602-87-9,(EC) 2009/1223,EU
"2,6-dinitrotoluene",606-20-2,(EC) 2009/1223,EU
"3,4-dinitrotoluene",610-39-9,(EC) 2009/1223,EU
"3,5-dinitrotoluene",618-85-9,(EC) 2009/1223,EU
"2,5-dinitrotoluene",619-15-8,(EC) 2009/1223,EU
"dinoterb, its salts and esters",1420-07-1,(EC) 2009/1223,EU
nitrofen,1836-75-5,(EC) 2009/1223,EU
diazomethane,334-88-3,(EC) 2009/1223,EU
"1,4,5,8-tetraaminoanthraquinone (disperse blue 1)",2475-45-8,(EC) 2009/1223,EU
1-methyl-3-nitro-1-nitrosoguanidine,70-25-7,(EC) 2009/1223,EU
"4,4'-methylenedianiline",101-77-9,(EC) 2009/1223,EU
"4,4'-(4-iminocyclohexa-2,5-dienylidenemethylene) dianiline hydrochloride",569-61-9,(EC) 2009/1223,EU
"4,4'-methylenedi-o-toluidine",838-88-0,(EC) 2009/1223,EU
o-anisidine,90-04-0,(EC) 2009/1223,EU
"3,3'-dimethoxybenzidine (ortho-dianisidine) and its salts",119-90-4,(EC) 2009/1223,EU
o-dianisidine based azo dyes,,(EC) 2009/1223,EU
"3,3'-dichlorobenzidine",91-94-1,(EC) 2009/1223,EU
benzidine dihydrochloride,531-85-1,(EC) 2009/1223,EU
"[[1,1'-biphenyl]-4,4'-diyl]diammonium sulphate",531-86-2,(EC) 2009/1223,EU
"3,3'-dichlorobenzidine dihydrochloride",612-83-9,(EC) 2009/1223,EU
benzidine sulphate,21136-70-9,(EC) 2009/1223,EU
benzidine acetate,36341-27-2,(EC) 2009/1223,EU
"3,3'-dichlorobenzidine dihydrogen bis(sulphate)",64969-34-2,(EC) 2009/1223,EU
"3,3'-dichlorobenzidine sulphate",74332-73-3,(EC) 2009/1223,EU
benzidine based azo dyes,,(EC) 2009/1223,EU
"4,4'-bi-o-toluidine (ortho-tolidine)",119-93-7,(EC) 2009/1223,EU
"4,4'-bi-o-toluidine dihydrochloride",612-82-8,(EC) 2009/1223,EU
"[3,3'-dimethyl[1,1'-biphenyl]-4,4'-diyl]diammonium bis(hydrogen sulphate)",64969-36-4,(EC) 2009/1223,EU
"4,4'-bi-o-toluidine sulphate",74753-18-7,(EC) 2009/1223,EU
o-toluidine based dyes,,(EC) 2009/1223,EU
biphenyl-4-ylamine (4-aminobiphenyl) and its salts,92-67-1,(EC) 2009/1223,EU
azobenzene,103-33-3,(EC) 2009/1223,EU
(methyl-onn-azoxy)methyl acetate,592-62-1,(EC) 2009/1223,EU
cycloheximide,66-81-9,(EC) 2009/1223,EU
2-methylaziridine (propyleneimine),75-55-8,(EC) 2009/1223,EU
imidazolidine-2-thione (ethylene thiourea),96-45-7,(EC) 2009/1223,EU
furan,110-00-9,(EC) 2009/1223,EU
aziridine,151-56-4,(EC) 2009/1223,EU
captafol,2425-06-1,(EC) 2009/1223,EU
carbadox,6804-07-5,(EC) 2009/1223,EU
flumioxazin,103361-09-7,(EC) 2009/1223,EU
tridemorph,24602-86-6,(EC) 2009/1223,EU
vinclozolin,50471-44-8,(EC) 2009/1223,EU
fluazifop-butyl,69806-50-4,(EC) 2009/1223,EU
flusilazole,85509-19-9,(EC) 2009/1223,EU
"1,3,5-tris(oxiranylmethyl)-1,3,5-triazine-2,4,6(1h,3h,5h)-trione (tgic)",2451-62-9,(EC) 2009/1223,EU
thioacetamide,62-55-5,(EC) 2009/1223,EU
formamide,75-12-7,(EC) 2009/1223,EU
n-methylacetamide,79-16-3,(EC) 2009/1223,EU
n-methylformamide,123-39-7,(EC) 2009/1223,EU
"n,n-dimethylacetamide",127-19-5,(EC) 2009/1223,EU
hexamethylphosphoric-triamide,680-31-9,(EC) 2009/1223,EU
diethyl sulphate,64-67-5,(EC) 2009/1223,EU
dimethyl sulphate,77-78-1,(EC) 2009/1223,EU
"1,3-propanesultone",1120-71-4,(EC) 2009/1223,EU
dimethylsulphamoyl-chloride,13360-57-1,(EC) 2009/1223,EU
sulfallate,95-06-7,(EC) 2009/1223,EU
"a mixture of: 4-[[bis-(4-fluorophenyl)methylsilyl]methyl]-4h-1,2,4-triazole and 1-[[bis-(4-fluorophenyl)methylsilyl]methyl]-1h-1,2,4-triazole",,(EC) 2009/1223,EU
(+/-)-tetrahydrofurfuryl -(r)-2-[4-(6-chloroquinoxalin-2-yloxy)phenyloxy]propionate (quizalofop-p-tefuryl - iso),119738-06-6,(EC) 2009/1223,EU
"6-hydroxy-1-(3-isopropoxypropyl)-4-methyl-2-oxo-5-[4-(phenylazo)phenylazo]-1,2-dihydro-3-pyridinecarbonitrile",85136-74-9,(EC) 2009/1223,EU
"(6-(4-hydroxy-3-(2-methoxyphenylazo)-2-sulfonato-7-naphthylamino)-1,3,5-triazine-2,4-diyl)bis[(amino-1-methylethyl)ammonium] formate",108225-03-2,(EC) 2009/1223,EU
"trisodium [4'-(8-acetylamino-3,6-disulfonato-2-naphthylazo)-4''-(6-benzoylamino-3-sulfonato-2-naphthylazo)-biphenyl-1,3',3'',1'''-tetraolato-o,o',o'',o''']copper(ii)",,(EC) 2009/1223,EU
a mixture of: n-[3-hydroxy-2-(2-methylacryloylaminomethoxy)propoxymethyl]-2-methylacrylamide and,,(EC) 2009/1223,EU
"n-[2,3-bis-(2-methylacryloylaminomethoxy)propoxymethyl]-2-methylacrylamide and",,(EC) 2009/1223,EU
methacrylamide and,,(EC) 2009/1223,EU
2-methyl-n-(2-methylacryloylaminomethoxymethyl)-acrylamide and,,(EC) 2009/1223,EU
"n-(2,3-dihydroxypropoxymethyl)-2-methylacrylamide",,(EC) 2009/1223,EU
"1,3,5-tris-[(2s and 2r)-2,3-epoxypropyl]-1,3,5-triazine-2,4,6-(1h,3h,5h)-trione",59653-74-6,(EC) 2009/1223,EU
erionite,12510-42-8,(EC) 2009/1223,EU
crocidolite,12001-28-4,(EC) 2009/1223,EU
petroleum,8002-05-9,(EC) 2009/1223,EU
"distillates (petroleum), heavy hydrocracked, if they contain > 3 % w/w dmso extract",64741-76-0,(EC) 2009/1223,EU
"distillates (petroleum), solvent-refined heavy paraffinic, if they contain > 3 % w/w dmso extract",64741-88-4,(EC) 2009/1223,EU
"distillates (petroleum), solvent-refined light paraffinic, if they contain > 3% w/w dmso extract",64741-89-5,(EC) 2009/1223,EU
"residual oils (petroleum), solvent deasphalted, if they contain > 3 % w/w dmso extract",64741-95-3,(EC) 2009/1223,EU
"distillates (petroleum), solvent-refined heavy naphthenic, if they contain > 3 % w/w dmso extract",64741-96-4,(EC) 2009/1223,EU
"distillates (petroleum), solvent-refined light naphthenic, if they contain > 3 % w/w dmso extract",64741-97-5,(EC) 2009/1223,EU
"residual oils (petroleum), solvent-refined, if they contain > 3 % w/w dmso extract",64742-01-4,(EC) 2009/1223,EU
"distillates (petroleum), clay-treated heavy paraffinic, if they contain > 3 % w/w dmso extract",64742-36-5,(EC) 2009/1223,EU
"distillates (petroleum), clay-treated light paraffinic, if they contain > 3 % w/w dmso extract",64742-37-6,(EC) 2009/1223,EU
"residual oils (petroleum), clay-treated, if they contain > 3 % w/w dmso extract",64742-41-2,(EC) 2009/1223,EU
"distillates (petroleum), clay-treated heavy naphthenic, if they contain > 3 % w/w dmso extract",64742-44-5,(EC) 2009/1223,EU
"distillates (petroleum), clay-treated light naphthenic, if they contain > 3 % w/w dmso extract",64742-45-6,(EC) 2009/1223,EU
"distillates (petroleum), hydrotreated heavy naphthenic, if they contain > 3% w/w dmso extract",64742-52-5,(EC) 2009/1223,EU
"distillates (petroleum), hydrotreated light naphthenic, if they contain > 3 % w/w dmso extract",64742-53-6,(EC) 2009/1223,EU
"distillates (petroleum), hydrotreated heavy paraffinic, if they contain > 3 % w/w dmso extract",64742-54-7,(EC) 2009/1223,EU
"distillates (petroleum), hydrotreated light paraffinic, if they contain > 3 % w/w dmso extract",64742-55-8,(EC) 2009/1223,EU
"distillates (petroleum), solvent-dewaxed light paraffinic, if they contain > 3 % w/w dmso extract",64742-56-9,(EC) 2009/1223,EU
"residual oils (petroleum), hydrotreated, if they contain > 3 % w/w dmso extract",64742-57-0,(EC) 2009/1223,EU
"residual oils (petroleum), solvent-dewaxed, if they contain > 3 % w/w dmso extract",64742-62-7,(EC) 2009/1223,EU
"distillates (petroleum), solvent-dewaxed heavy naphthenic, if they contain > 3 % w/w dmso extract",64742-63-8,(EC) 2009/1223,EU
"distillates (petroleum), solvent-dewaxed light naphthenic, if they contain > 3 % w/w dmso extract",64742-64-9,(EC) 2009/1223,EU
"distillates (petroleum), solvent-dewaxed heavy paraffinic, if they contain > 3 % w/w dmso extract",64742-65-0,(EC) 2009/1223,EU
"foots oil (petroleum), if it contains > 3 % w/w dmso extract",64742-67-2,(EC) 2009/1223,EU
"naphthenic oils (petroleum), catalytic dewaxed heavy, if they contain > 3 % w/w dmso extract",64742-68-3,(EC) 2009/1223,EU
"naphthenic oils (petroleum), catalytic dewaxed light, if they contain > 3 % w/w dmso extract",64742-69-4,(EC) 2009/1223,EU
"paraffin oils (petroleum), catalytic dewaxed heavy, if they contain > 3 % w/w dmso extract",64742-70-7,(EC) 2009/1223,EU
"paraffin oils (petroleum), catalytic dewaxed light, if they contain > 3 % w/w dmso extract",64742-71-8,(EC) 2009/1223,EU
"naphthenic oils (petroleum), complex dewaxed heavy, if they contain > 3 % w/w dmso extract",64742-75-2,(EC) 2009/1223,EU
"naphthenic oils (petroleum), complex dewaxed light, if they contain > 3 % w/w dmso extract",64742-76-3,(EC) 2009/1223,EU
"extracts (petroleum), heavy naphthenic distillate solvent, arom. conc., if they contain > 3 % w/w dmso extract",68783-00-6,(EC) 2009/1223,EU
"extracts (petroleum), solvent-refined heavy paraffinic distillate solvent, if they contain > 3 % w/w dmso extract",68783-04-0,(EC) 2009/1223,EU
"extracts (petroleum), heavy paraffinic distillates, solvent-deasphalted, if they contain > 3 % w/w dmso extract",68814-89-1,(EC) 2009/1223,EU
"lubricating oils (petroleum), c20-50, hydrotreated neutral oil-based, high-viscosity, if they contain > 3 % w/w dmso extract",72623-85-9,(EC) 2009/1223,EU
"lubricating oils (petroleum), c15-30, hydrotreated neutral oil-based, if they contain > 3 % w/w dmso extract",72623-86-0,(EC) 2009/1223,EU
"lubricating oils (petroleum), c20-50, hydrotreated neutral oil-based, if they contain > 3 % w/w dmso extract",72623-87-1,(EC) 2009/1223,EU
"lubricating oils, if they contain > 3 % w/w dmso extract",74869-22-0,(EC) 2009/1223,EU
"distillates (petroleum), complex dewaxed heavy paraffinic, if they contain > 3 % w/w dmso extract",90640-91-8,(EC) 2009/1223,EU
"distillates (petroleum), complex dewaxed light paraffinic, if they contain > 3 % w/w dmso extract",90640-92-9,(EC) 2009/1223,EU
"distillates (petroleum), solvent dewaxed heavy paraffinic, clay-treated, if they contain > 3 % w/w dmso extract",90640-94-1,(EC) 2009/1223,EU
"hydrocarbons, c20-50, solvent dewaxed heavy paraffinic, hydrotreated, if they contain > 3 % w/w dmso extract",90640-95-2,(EC) 2009/1223,EU
"distillates (petroleum), solvent dewaxed light paraffinic, clay-treated, if they contain > 3 % w/w dmso extract",90640-96-3,(EC) 2009/1223,EU
"distillates (petroleum), solvent dewaxed light paraffinic, hydrotreated, if they contain > 3 % w/w dmso extract",90640-97-4,(EC) 2009/1223,EU
"extracts (petroleum), heavy naphthenic distillate solvent, hydrotreated, if they contain > 3 % w/w dmso extract",90641-07-9,(EC) 2009/1223,EU
"extracts (petroleum), heavy paraffinic distillate solvent, hydrotreated, if they contain > 3 % w/w dmso extract",90641-08-0,(EC) 2009/1223,EU
"extracts (petroleum), light paraffinic distillate solvent, hydrotreated, if they contain > 3 % w/w dmso extract",90641-09-1,(EC) 2009/1223,EU
"residual oils (petroleum), hydrotreated solvent dewaxed, if they contain > 3 % w/w dmso extract",90669-74-2,(EC) 2009/1223,EU
"residual oils (petroleum), catalytic dewaxed, if they contain > 3 % w/w dmso extract",91770-57-9,(EC) 2009/1223,EU
"distillates (petroleum), dewaxed heavy paraffinic, hydrotreated, if they contain > 3 % w/w dmso extract",91995-39-0,(EC) 2009/1223,EU
"distillates (petroleum), dewaxed light paraffinic, hydrotreated, if they contain > 3 % w/w dmso extract",91995-40-3,(EC) 2009/1223,EU
"distillates (petroleum), hydrocracked solvent-refined, dewaxed, if they contain > 3 % w/w dmso extract",91995-45-8,(EC) 2009/1223,EU
"distillates (petroleum), solvent-refined light naphthenic, hydrotreated, if they contain > 3 % w/w dmso extract",91995-54-9,(EC) 2009/1223,EU
"extracts (petroleum), hydrotreated light paraffinic distillate solvent, if they contain > 3 % w/w dmso extract",91995-73-2,(EC) 2009/1223,EU
"extracts (petroleum), light naphthenic distillate solvent, hydrodesulfurised, if they contain > 3 % w/w dmso extract",91995-75-4,(EC) 2009/1223,EU
"extracts (petroleum), light paraffinic distillate solvent, acid-treated, if they contain > 3 % w/w dmso extract",91995-76-5,(EC) 2009/1223,EU
"extracts (petroleum), light paraffinic distillate solvent, hydrodesulfurised, if they contain > 3 % w/w dmso extract",91995-77-6,(EC) 2009/1223,EU
"extracts (petroleum), light vacuum gas oil solvent, hydrotreated, if they contain > 3 % w/w dmso extract",91995-79-8,(EC) 2009/1223,EU
"foots oil (petroleum), hydrotreated, if it contains > 3 % w/w dmso extract",92045-12-0,(EC) 2009/1223,EU
"lubricating oils (petroleum), c17-35, solvent-extd., dewaxed, hydrotreated, if they contain > 3 % w/w dmso extract",92045-42-6,(EC) 2009/1223,EU
"lubricating oils (petroleum), hydrocracked nonarom solvent-deparaffined, if they contain > 3 % w/w dmso extract",92045-43-7,(EC) 2009/1223,EU
"residual oils (petroleum), hydrocracked acid-treated solvent-dewaxed, if they contain > 3 % w/w dmso extract",92061-86-4,(EC) 2009/1223,EU
"paraffin oils (petroleum), solvent-refined dewaxed heavy, if they contain > 3 % w/w dmso extract",92129-09-4,(EC) 2009/1223,EU
"extracts (petroleum), heavy paraffinic distillate solvent, clay-treated, if they contain > 3 % w/w dmso extract",92704-08-0,(EC) 2009/1223,EU
"lubricating oils (petroleum), base oils, paraffinic, if they contain > 3 % w/w dmso extract",93572-43-1,(EC) 2009/1223,EU
"extracts (petroleum), heavy naphthenic distillate solvent, hydrodesulfurised, if they contain > 3 % w/w dmso extract",93763-10-1,(EC) 2009/1223,EU
"extracts (petroleum), solvent-dewaxed heavy paraffinic distillate solvent, hydrodesulfurised, if they contain > 3 % w/w dmso extract",93763-11-2,(EC) 2009/1223,EU
"hydrocarbons, hydrocracked paraffinic distn. residues, solvent-dewaxed, if they contain > 3 % w/w dmso extract",93763-38-3,(EC) 2009/1223,EU
"foots oil (petroleum), acid-treated, if it contains > 3 % w/w dmso extract",93924-31-3,(EC) 2009/1223,EU
"foots oil (petroleum), clay-treated, if it contains > 3 % w/w dmso extract",93924-32-4,(EC) 2009/1223,EU
"hydrocarbons, c20-50, residual oil hydrogenation vacuum distillate, if they contain > 3 % w/w dmso extract",93924-61-9,(EC) 2009/1223,EU
"distillates (petroleum), solvent-refined hydrotreated heavy, hydrogenated, if they contain > 3 % w/w dmso extract",94733-08-1,(EC) 2009/1223,EU
"distillates (petroleum), solvent-refined hydrocracked light, if they contain > 3 % w/w dmso extract",94733-09-2,(EC) 2009/1223,EU
"lubricating oils (petroleum), c18-40, solvent-dewaxed hydrocracked distillate-based, if they contain > 3 % w/w dmso extract",94733-15-0,(EC) 2009/1223,EU
"lubricating oils (petroleum), c18-40, solvent-dewaxed hydrogenated raffinate-based, if they contain > 3 % w/w dmso extract",94733-16-1,(EC) 2009/1223,EU
"hydrocarbons, c13-30, arom.-rich, solvent-extd. naphthenic distillate, if they contain > 3 % w/w dmso extract",95371-04-3,(EC) 2009/1223,EU
"hydrocarbons, c16-32, arom. rich, solvent-extd. naphthenic distillate, if they contain > 3 % w/w dmso extract",95371-05-4,(EC) 2009/1223,EU
"hydrocarbons, c37-68, dewaxed deasphalted hydrotreated vacuum distn. residues, if they contain > 3 % w/w dmso extract",95371-07-6,(EC) 2009/1223,EU
"hydrocarbons, c37-65, hydrotreated deasphalted vacuum distn. residues, if they contain > 3 % w/w dmso extract",95371-08-7,(EC) 2009/1223,EU
"distillates (petroleum), hydrocracked solvent-refined light, if they contain > 3 % w/w dmso extract",97488-73-8,(EC) 2009/1223,EU
"distillates (petroleum), solvent-refined hydrogenated heavy, if they contain > 3 % w/w dmso extract",97488-74-9,(EC) 2009/1223,EU
"lubricating oils (petroleum), c18-27, hydrocracked solvent-dewaxed, if they contain > 3 % w/w dmso extract",97488-95-4,(EC) 2009/1223,EU
"hydrocarbons, c17-30, hydrotreated solvent-deasphalted atm. distn. residue, distn. lights, if they contain > 3 % w/w dmso extract",97675-87-1,(EC) 2009/1223,EU
"hydrocarbons, c17-40, hydrotreated solvent-deasphalted distn. residue, vacuum distn. lights, if they contain > 3 % w/w dmso extract",97722-06-0,(EC) 2009/1223,EU
"hydrocarbons, c13-27, solvent-extd. light naphthenic, if they contain > 3 % w/w dmso extract",97722-09-3,(EC) 2009/1223,EU
"hydrocarbons, c14-29, solvent-extd. light naphthenic, if they contain > 3 % w/w dmso extract",97722-10-6,(EC) 2009/1223,EU
"foots oil (petroleum), carbon-treated, if it contains > 3 % w/w dmso extract",97862-76-5,(EC) 2009/1223,EU
"foots oil (petroleum), silicic acid-treated, if it contains > 3 % w/w dmso extract",97862-77-6,(EC) 2009/1223,EU
"hydrocarbons, c27-42, dearomatized, if they contain > 3 % w/w dmso extract",97862-81-2,(EC) 2009/1223,EU
"hydrocarbons, c17-30, hydrotreated distillates, distn. lights, if they contain > 3 % w/w dmso extract",97862-82-3,(EC) 2009/1223,EU
"hydrocarbons, c27-45, naphthenic vacuum distn,. if they contain > 3 % w/w dmso extract",97862-83-4,(EC) 2009/1223,EU
"hydrocarbons, c27-45, dearomatised, if they contain > 3 % w/w dmso extract",97926-68-6,(EC) 2009/1223,EU
"hydrocarbons, c20-58, hydrotreated, if they contain > 3 % w/w dmso extract",97926-70-0,(EC) 2009/1223,EU
"hydrocarbons, c27-42, naphthenic, if they contain > 3 % w/w dmso extract",97926-71-1,(EC) 2009/1223,EU
"extracts (petroleum), light paraffinic distillate solvent, carbon-treated, if they contain > 3 % w/w dmso extract",100684-02-4,(EC) 2009/1223,EU
"extracts (petroleum), light paraffinic distillate solvent, clay-treated, if they contain > 3 % w/w dmso extract",100684-03-5,(EC) 2009/1223,EU
"extracts (petroleum), light vacuum, gas oil solvent, carbon-treated, if they contain > 3 % w/w dmso extract",100684-04-6,(EC) 2009/1223,EU
"extracts (petroleum), light vacuum gas oil solvent, clay-treated, if they contain > 3 % w/w dmso extract",100684-05-7,(EC) 2009/1223,EU
"residual oils (petroleum), carbon-treated solvent-dewaxed, if they contain > 3 % w/w dmso extract",100684-37-5,(EC) 2009/1223,EU
"residual oils (petroleum), clay-treated solvent-dewaxed, if they contain > 3 % w/w dmso extract",100684-38-6,(EC) 2009/1223,EU
"lubricating oils (petroleum), c>25, solvent-extd., deasphalted, dewaxed, hydrogenated, if they contain > 3 % w/w dmso extract",101316-69-2,(EC) 2009/1223,EU
"lubricating oils (petroleum), c17-32, solvent-extd., dewaxed, hydrogenated, if they contain > 3 % w/w dmso extract",101316-70-5,(EC) 2009/1223,EU
"lubricating oils (petroleum), c20-35, solvent-extd., dewaxed, hydrogenated, if they contain > 3 % w/w dmso extract",101316-71-6,(EC) 2009/1223,EU
"lubricating oils (petroleum), c24-50, solvent-extd., dewaxed, hydrogenated, if they contain > 3 % w/w dmso extract",101316-72-7,(EC) 2009/1223,EU
"distillates (petroleum), sweetened middle, except if the full refining history is known and it can be shown that the substance from which it is produced is not a carcinogen",64741-86-2,(EC) 2009/1223,EU
"gas oils (petroleum), solvent-refined, except if the full refining history is known and it can be shown that the substance from which it is produced is not a carcinogen",64741-90-8,(EC) 2009/1223,EU
"distillates (petroleum), solvent-refined middle, except if the full refining history is known and it can be shown that the substance from which it is produced is not a carcinogen",64741-91-9,(EC) 2009/1223,EU
"gas oils (petroleum), acid-treated, except if the full refining history is known and it can be shown that the substance from which it is produced is not a carcinogen",64742-12-7,(EC) 2009/1223,EU
"distillates (petroleum), acid-treated middle, except if the full refining history is known and it can be shown that the substance from which it is produced is not a carcinogen",64742-13-8,(EC) 2009/1223,EU
"distillates (petroleum), acid-treated light, except if the full refining history is known and it can be shown that the substance from which it is produced is not a carcinogen",64742-14-9,(EC) 2009/1223,EU
"gas oils (petroleum), chemically neutralized, except if the full refining history is known and it can be shown that the substance from which it is produced is not a carcinogen",64742-29-6,(EC) 2009/1223,EU
"distillates (petroleum), chemically neutralised middle, except if the full refining history is known and it can be shown that the substance from which it is produced is not a carcinogen",64742-30-9,(EC) 2009/1223,EU
"distillates (petroleum), clay-treated middle, except if the full refining history is known and it can be shown that the substance from which it is produced is not a carcinogen",64742-38-7,(EC) 2009/1223,EU
"distillates (petroleum), hydrotreated middle, except if the full refining history is known and it can be shown that the substance from which it is produced is not a carcinogen",64742-46-7,(EC) 2009/1223,EU
"gas oils (petroleum), hydrodesulfurized, except if the full refining history is known and it can be shown that the substance from which it is produced is not a carcinogen",64742-79-6,(EC) 2009/1223,EU
"distillates (petroleum), hydrodesulfurised middle, except if the full refining history is known and it can be shown that the substance from which it is produced is not a carcinogen",64742-80-9,(EC) 2009/1223,EU
"distillates (petroleum), catalytic reformer fractionator residue, high-boiling, except if the full refining history is known and it can be shown that the substance from which it is produced is not a carcinogen",68477-29-2,(EC) 2009/1223,EU
"distillates (petroleum), catalytic reformer fractionator residue, intermediate-boiling, except if the full refining history is known and it can be shown that the substance from which it is produced is not a carcinogen",68477-30-5,(EC) 2009/1223,EU
"distillates (petroleum), catalytic reformer fractionator residue, low-boiling, except if the full refining history is known and it can be shown that the substance from which it is produced is not a carcinogen",68477-31-6,(EC) 2009/1223,EU
"alkanes, c12-26-branched and linear, except if the full refining history is known and it can be shown that the substance from which it is produced is not a carcinogen",90622-53-0,(EC) 2009/1223,EU
"distillates (petroleum), highly refined middle, except if the full refining history is known and it can be shown that the substance from which it is produced is not a carcinogen",90640-93-0,(EC) 2009/1223,EU
"distillates (petroleum), catalytic reformer, heavy arom. conc., except if the full refining history is known and it can be shown that the substance from which it is produced is not a carcinogen",91995-34-5,(EC) 2009/1223,EU
"gas oils, paraffinic, except if the full refining history is known and it can be shown that the substance from which it is produced is not a carcinogen",93924-33-5,(EC) 2009/1223,EU
"naphtha (petroleum), solvent-refined hydrodesulfurised heavy, except if the full refining history is known and it can be shown that the substance from which it is produced is not a carcinogen",97488-96-5,(EC) 2009/1223,EU
"hydrocarbons, c16-20, hydrotreated middle distillate, distn. lights, except if the full refining history is known and it can be shown that the substance from which it is produced is not a carcinogen",97675-85-9,(EC) 2009/1223,EU
"hydrocarbons, c12-20, hydrotreated paraffinic, distn. lights, except if the full refining history is known and it can be shown that the substance from which it is produced is not a carcinogen",97675-86-0,(EC) 2009/1223,EU
"hydrocarbons, c11-17, solvent-extd. light naphthenic, except if the full refining history is known and it can be shown that the substance from which it is produced is not a carcinogen",97722-08-2,(EC) 2009/1223,EU
"gas oils, hydrotreated, except if the full refining history is known and it can be shown that the substance from which it is produced is not a carcinogen",97862-78-7,(EC) 2009/1223,EU
"distillates (petroleum), carbon-treated light paraffinic, except if the full refining history is known and it can be shown that the substance from which it is produced is not a carcinogen",100683-97-4,(EC) 2009/1223,EU
"distillates (petroleum), intermediate paraffinic, carbon-treated, except if the full refining history is known and it can be shown that the substance from which it is produced is not a carcinogen",100683-98-5,(EC) 2009/1223,EU
"distillates (petroleum), intermediate paraffinic, clay-treated, except if the full refining history is known and it can be shown that the substance from which it is produced is not a carcinogen",100683-99-6,(EC) 2009/1223,EU
"lubricating greases, except if the full refining history is known and it can be shown that the substance from which it is produced is not a carcinogen",74869-21-9,(EC) 2009/1223,EU
"slack wax (petroleum), except if the full refining history is known and it can be shown that the substance from which it is produced is not a carcinogen",64742-61-6,(EC) 2009/1223,EU
"slack wax (petroleum), acid-treated, except if the full refining history is known and it can be shown that the substance from which it is produced is not a carcinogen",90669-77-5,(EC) 2009/1223,EU
"slack wax (petroleum), clay-treated, except if the full refining history is known and it can be shown that the substance from which it is produced is not a carcinogen",90669-78-6,(EC) 2009/1223,EU
"slack wax (petroleum), hydrotreated, except if the full refining history is known and it can be shown that the substance from which it is produced is not a carcinogen",92062-09-4,(EC) 2009/1223,EU
"slack wax (petroleum), low-melting, except if the full refining history is known and it can be shown that the substance from which it is produced is not a carcinogen",92062-10-7,(EC) 2009/1223,EU
"slack wax (petroleum), low-melting, hydrotreated, except if the full refining history is known and it can be shown that the substance from which it is produced is not a carcinogen",92062-11-8,(EC) 2009/1223,EU
"slack wax (petroleum), low-melting, carbon-treated, except if the full refining history is known and it can be shown that the substance from which it is produced is not a carcinogen",97863-04-2,(EC) 2009/1223,EU
"slack wax (petroleum), low-melting, clay-treated, except if the full refining history is known and it can be shown that the substance from which it is produced is not a carcinogen",97863-05-3,(EC) 2009/1223,EU
"slack wax (petroleum), low-melting, silicic acid-treated, except if the full refining history is known and it can be shown that the substance from which it is produced is not a carcinogen",97863-06-4,(EC) 2009/1223,EU
"slack wax (petroleum), carbon-treated, except if the full refining history is known and it can be shown that the substance from which it is produced is not a carcinogen",100684-49-9,(EC) 2009/1223,EU
"petrolatum, except if the full refining history is known and it can be shown that the substance from which it is produced is not a carcinogen",8009-03-8,(EC) 2009/1223,EU
"petrolatum (petroleum), oxidized, except if the full refining history is known and it can be shown that the substance from which it is produced is not a carcinogen",64743-01-7,(EC) 2009/1223,EU
"petrolatum (petroleum), alumina-treated, except if the full refining history is known and it can be shown that the substance from which it is produced is not a carcinogen",85029-74-9,(EC) 2009/1223,EU
"petrolatum (petroleum), hydrotreated, except if the full refining history is known and it can be shown that the substance from which it is produced is not a carcinogen",92045-77-7,(EC) 2009/1223,EU
"petrolatum (petroleum), carbon-treated, except if the full refining history is known and it can be shown that the substance from which it is produced is not a carcinogen",97862-97-0,(EC) 2009/1223,EU
"petrolatum (petroleum), silicic acid-treated, except if the full refining history is known and it can be shown that the substance from which it is produced is not a carcinogen",97862-98-1,(EC) 2009/1223,EU
"petrolatum (petroleum), clay-treated, except if the full refining history is known and it can be shown that the substance from which it is produced is not a carcinogen",100684-33-1,(EC) 2009/1223,EU
"distillates (petroleum), light catalytic cracked",64741-59-9,(EC) 2009/1223,EU
"distillates (petroleum), intermediate catalytic cracked",64741-60-2,(EC) 2009/1223,EU
"distillates (petroleum), light thermal cracked",64741-82-8,(EC) 2009/1223,EU
"distillates (petroleum), hydrodesulfurised light catalytic cracked",68333-25-5,(EC) 2009/1223,EU
"distillates (petroleum), light steam-cracked naphtha",68475-80-9,(EC) 2009/1223,EU
"distillates (petroleum), cracked steam-cracked petroleum distillates",68477-38-3,(EC) 2009/1223,EU
"gas oils (petroleum), steam-cracked",68527-18-4,(EC) 2009/1223,EU
"distillates (petroleum), hydrodesulfurised thermal cracked middle",85116-53-6,(EC) 2009/1223,EU
"gas oils (petroleum), thermal-cracked, hydrodesulfurized",92045-29-9,(EC) 2009/1223,EU
"residues (petroleum), hydrogenated steam-cracked naphtha",92062-00-5,(EC) 2009/1223,EU
"residues (petroleum), steam-cracked naphtha distn.",92062-04-9,(EC) 2009/1223,EU
"distillates (petroleum), light catalytic cracked, thermally degraded",92201-60-0,(EC) 2009/1223,EU
"residues (petroleum), steam-cracked heat-soaked naphtha",93763-85-0,(EC) 2009/1223,EU
"gas oils (petroleum), light vacuum, thermal-cracked hydrodesulfurized",97926-59-5,(EC) 2009/1223,EU
"distillates (petroleum), hydrodesulfurized middle coker",101316-59-0,(EC) 2009/1223,EU
"distillates (petroleum), heavy steam-cracked",101631-14-5,(EC) 2009/1223,EU
"residues (petroleum), atm. tower",64741-45-3,(EC) 2009/1223,EU
"gas oils (petroleum), heavy vacuum",64741-57-7,(EC) 2009/1223,EU
"distillates (petroleum), heavy catalytic cracked",64741-61-3,(EC) 2009/1223,EU
"clarified oils (petroleum), catalytic cracked",64741-62-4,(EC) 2009/1223,EU
"residues (petroleum), catalytic reformer fractionator",64741-67-9,(EC) 2009/1223,EU
"residues (petroleum), hydrocracked",64741-75-9,(EC) 2009/1223,EU
"residues (petroleum), thermal cracked",64741-80-6,(EC) 2009/1223,EU
"distillates (petroleum), heavy thermal cracked",64741-81-7,(EC) 2009/1223,EU
"gas oils (petroleum), hydrotreated vacuum",64742-59-2,(EC) 2009/1223,EU
"residues (petroleum), hydrodesulfurized atmospheric tower",64742-78-5,(EC) 2009/1223,EU
"gas oils (petroleum), hydrodesulfurized heavy vacuum",64742-86-5,(EC) 2009/1223,EU
"residues (petroleum), steam-cracked",64742-90-1,(EC) 2009/1223,EU
"residues (petroleum), atmospheric",68333-22-2,(EC) 2009/1223,EU
"clarified oils (petroleum), hydrodesulfurized catalytic cracked",68333-26-6,(EC) 2009/1223,EU
"distillates (petroleum), hydrodesulfurized intermediate catalytic cracked",68333-27-7,(EC) 2009/1223,EU
"distillates (petroleum), hydrodesulfurized heavy catalytic cracked",68333-28-8,(EC) 2009/1223,EU
"fuel oil, residues-straight-run gas oils, high-sulfur",68476-32-4,(EC) 2009/1223,EU
"fuel oil, residual",68476-33-5,(EC) 2009/1223,EU
"residues (petroleum), catalytic reformer fractionator residue distn.",68478-13-7,(EC) 2009/1223,EU
"residues (petroleum), heavy coker gas oil and vacuum gas oil",68478-17-1,(EC) 2009/1223,EU
"residues (petroleum), heavy coker and light vacuum",68512-61-8,(EC) 2009/1223,EU
"residues (petroleum), light vacuum",68512-62-9,(EC) 2009/1223,EU
"residues (petroleum), steam-cracked light",68513-69-9,(EC) 2009/1223,EU
"fuel oil, no 6",68553-00-4,(EC) 2009/1223,EU
"residues (petroleum), topping plant, low-sulfur",68607-30-7,(EC) 2009/1223,EU
"gas oils (petroleum), heavy atmospheric",68783-08-4,(EC) 2009/1223,EU
"residues (petroleum), coker scrubber, condensed-ring-arom.-contg",68783-13-1,(EC) 2009/1223,EU
"distillates (petroleum), petroleum residues vacuum",68955-27-1,(EC) 2009/1223,EU
"residues (petroleum), steam-cracked, resinous",68955-36-2,(EC) 2009/1223,EU
"distillates (petroleum), intermediate vacuum",70592-76-6,(EC) 2009/1223,EU
"distillates (petroleum), light vacuum",70592-77-7,(EC) 2009/1223,EU
"distillates (petroleum), vacuum",70592-78-8,(EC) 2009/1223,EU
"gas oils (petroleum), hydrodesulfurized coker heavy vacuum",85117-03-9,(EC) 2009/1223,EU
"residues (petroleum), steam-cracked, distillates",90669-75-3,(EC) 2009/1223,EU
"residues (petroleum), vacuum, light",90669-76-4,(EC) 2009/1223,EU
"fuel oil, heavy, high-sulfur",92045-14-2,(EC) 2009/1223,EU
"residues (petroleum), catalytic cracking",92061-97-7,(EC) 2009/1223,EU
"distillates (petroleum), intermediate catalytic cracked, thermally degraded",92201-59-7,(EC) 2009/1223,EU
residual oils (petroleum),93821-66-0,(EC) 2009/1223,EU
"residues, steam cracked, thermally treated",98219-64-8,(EC) 2009/1223,EU
"distillates (petroleum), hydrodesulfurized full-range middle",101316-57-8,(EC) 2009/1223,EU
"distillates (petroleum), light paraffinic",64741-50-0,(EC) 2009/1223,EU
"distillates (petroleum), heavy paraffinic",64741-51-1,(EC) 2009/1223,EU
"distillates (petroleum), light naphthenic",64741-52-2,(EC) 2009/1223,EU
"distillates (petroleum), heavy naphthenic",64741-53-3,(EC) 2009/1223,EU
"distillates (petroleum), acid-treated heavy naphthenic",64742-18-3,(EC) 2009/1223,EU
"distillates (petroleum), acid-treated light naphthenic",64742-19-4,(EC) 2009/1223,EU
"distillates (petroleum), acid-treated heavy paraffinic",64742-20-7,(EC) 2009/1223,EU
"distillates (petroleum), acid-treated light paraffinic",64742-21-8,(EC) 2009/1223,EU
"distillates (petroleum), chemically neutralized heavy paraffinic",64742-27-4,(EC) 2009/1223,EU
"distillates (petroleum), chemically neutralized light paraffinic",64742-28-5,(EC) 2009/1223,EU
"distillates (petroleum), chemically neutralized heavy naphthenic",64742-34-3,(EC) 2009/1223,EU
"distillates (petroleum), chemically neutralized light naphthenic",64742-35-4,(EC) 2009/1223,EU
"extracts (petroleum), light naphthenic distillate solvent",64742-03-6,(EC) 2009/1223,EU
"extracts (petroleum), heavy paraffinic distillate solvent",64742-04-7,(EC) 2009/1223,EU
"extracts (petroleum), light paraffinic distillate solvent",64742-05-8,(EC) 2009/1223,EU
"extracts (petroleum), heavy naphthenic distillate solvent",64742-11-6,(EC) 2009/1223,EU
"extracts (petroleum), light vacuum gas oil solvent",91995-78-7,(EC) 2009/1223,EU
"hydrocarbons, c26-55, arom.-rich",97722-04-8,(EC) 2009/1223,EU
"disodium 3,3'-[[1,1'-biphenyl]-4,4'-diylbis(azo)] bis(4-aminonaphthalene-1- sulphonate)",573-58-0,(EC) 2009/1223,EU
"disodium 4-amino-3-[[4'-[(2,4-diaminophenyl)azo] [1,1'-biphenyl]-4-yl]azo]-5-hydroxy-6-(phenylazo)naphthalene-2,7-disulphonate",1937-37-7,(EC) 2009/1223,EU
"tetrasodium 3,3'-[[1,1'-biphenyl]-4,4'-diylbis(azo)]bis[5-amino-4-hydroxynaphthalene-2,7-disulphonate]",2602-46-2,(EC) 2009/1223,EU
4-o-tolylazo-o-toluidine,97-56-3,(EC) 2009/1223,EU
4-aminoazobenzene,60-09-3,(EC) 2009/1223,EU
"disodium[5-[[4'-[[2,6-dihydroxy-3-[(2-hydroxy-5-sulphophenyl)azo]phenyl]azo][1,1'-biphenyl]-4-yl]azo]salicylato(4-)]cuprate(2-)",16071-86-6,(EC) 2009/1223,EU
resorcinol diglycidyl ether,101-90-6,(EC) 2009/1223,EU
"1,3-diphenylguanidine",102-06-7,(EC) 2009/1223,EU
heptachlor-epoxide,1024-57-3,(EC) 2009/1223,EU
4-nitrosophenol,104-91-6,(EC) 2009/1223,EU
carbendazim,10605-21-7,(EC) 2009/1223,EU
allyl glycidyl ether,106-92-3,(EC) 2009/1223,EU
chloroacetaldehyde,107-20-0,(EC) 2009/1223,EU
hexane,110-54-3,(EC) 2009/1223,EU
2-methoxyethoxy)ethanol (diethylene glycol mono­methyl ether,111-77-3,(EC) 2009/1223,EU
degme),111-77-3,(EC) 2009/1223,EU
"(+/-)-2-(2,4-dichlorophenyl)-3-(1h-1,2,4-triazol-1-yl)propyl-1,1,2,2-tetrafluoroethylether (tetraconazole - iso)",112281-77-3,(EC) 2009/1223,EU
"4-[4-(1,3-dihydroxyprop-2-yl)phenylamino]-1,8-dihydroxy-5-nitroanthraquinone",114565-66-1,(EC) 2009/1223,EU
"5,6,12,13-tetrachloroanthra(2,1,9-def:6,5,10-d'e'f')diisoquinoline-1,3,8,10(2h,9h)-tetrone",115662-06-1,(EC) 2009/1223,EU
tris(2-chloroethyl) phosphate,115-96-8,(EC) 2009/1223,EU
4'-ethoxy-2-benzimidazoleanilide,120187-29-3,(EC) 2009/1223,EU
nickel dihydroxide,12054-48-7,(EC) 2009/1223,EU
nickel hydroxide,12054-48-7,(EC) 2009/1223,EU
nickel dihydroxide,11113-74-9,(EC) 2009/1223,EU
nickel hydroxide,11113-74-9,(EC) 2009/1223,EU
"n,n-dimethylaniline",121-69-7,(EC) 2009/1223,EU
simazine,122-34-9,(EC) 2009/1223,EU
"bis(cyclopentadienyl)-bis(2,6-difluoro-3-(pyrrol-1-yl)-phenyl)titanium",125051-32-3,(EC) 2009/1223,EU
"n,n,n',n'-tetraglycidyl-4,4'-diamino-3,3'-diethyldiphenylmethane",130728-76-6,(EC) 2009/1223,EU
divanadium pentaoxide,1314-62-1,(EC) 2009/1223,EU
pentachlorophenol,87-86-5,(EC) 2009/1223,EU
sodium pentachlorophenolate,87-86-5,(EC) 2009/1223,EU
potassium pentachlorophenolate,87-86-5,(EC) 2009/1223,EU
pentachlorophenol,131-52-2,(EC) 2009/1223,EU
sodium pentachlorophenolate,131-52-2,(EC) 2009/1223,EU
potassium pentachlorophenolate,131-52-2,(EC) 2009/1223,EU
pentachlorophenol,7778-73-6,(EC) 2009/1223,EU
sodium pentachlorophenolate,7778-73-6,(EC) 2009/1223,EU
potassium pentachlorophenolate,7778-73-6,(EC) 2009/1223,EU
phosphamidon,13171-21-6,(EC) 2009/1223,EU
n-(trichloromethylthio)phthalimide (folpet - iso),133-07-3,(EC) 2009/1223,EU
n-2-naphthylaniline,135-88-6,(EC) 2009/1223,EU
ziram,137-30-4,(EC) 2009/1223,EU
"1-bromo-3,4,5-trifluorobenzene",138526-69-9,(EC) 2009/1223,EU
propazine,139-40-2,(EC) 2009/1223,EU
"3-(4-chlorophenyl)-1,1-dimethyluronium trichloroacetate",140-41-0,(EC) 2009/1223,EU
monuron-tca,140-41-0,(EC) 2009/1223,EU
isoxaflutole,141112-29-0,(EC) 2009/1223,EU
kresoxim-methyl,143390-89-0,(EC) 2009/1223,EU
chlordecone,143-50-0,(EC) 2009/1223,EU
9-vinylcarbazole,1484-13-5,(EC) 2009/1223,EU
2-ethylhexanoic acid and its salts with the exception of those specified elsewhere in annex vi to regulation (ec) no 1272/2008.,149-57-5,(EU) 2023/1490,EU
monuron,150-68-5,(EC) 2009/1223,EU
morpholine-4-carbonyl chloride,15159-40-7,(EC) 2009/1223,EU
daminozide,1596-84-5,(EC) 2009/1223,EU
alachlor (iso),15972-60-8,(EC) 2009/1223,EU
"uvcb condensation product of: tetrakis-hydroxymethylphosphonium chloride, urea and distilled hydrogenated c16-18 tallow alkylamine",166242-53-1,(EC) 2009/1223,EU
"4-hydroxy-3,5-diiodobenzonitrile",1689-83-4,(EC) 2009/1223,EU
"4-cyano-2,6-diiodophenyl octanoate",1689-83-4,(EC) 2009/1223,EU
"4-hydroxy-3,5-diiodobenzonitrile",3861-47-0,(EC) 2009/1223,EU
"4-cyano-2,6-diiodophenyl octanoate",3861-47-0,(EC) 2009/1223,EU
"bromoxynil (iso) 3,5-dibromo-4-hydroxybenzonitrile  and bromoxynil heptanoate (iso)",1689-84-5,(EC) 2009/1223,EU
"bromoxynil (iso) 3,5-dibromo-4-hydroxybenzonitrile  and bromoxynil heptanoate (iso)",56634-95-8,(EC) 2009/1223,EU
"2,6-dibromo-4-cyanophenyl octanoate",1689-99-2,(EC) 2009/1223,EU
"5-chloro-1,3-dihydro-2h-indol-2-one",17630-75-0,(EC) 2009/1223,EU
benomyl (iso),17804-35-2,(EC) 2009/1223,EU
chlorothalonil,1897-45-6,(EC) 2009/1223,EU
"n'-(4-chloro-o-tolyl)-n,n-dimethylformamidine monohydrochloride",19750-95-9,(EC) 2009/1223,EU
"4,4'-methylenebis(2-ethylaniline)",19900-65-3,(EC) 2009/1223,EU
valinamide,20108-78-5,(EC) 2009/1223,EU
[(p-tolyloxy)methyl]oxirane,2186-24-5,(EC) 2009/1223,EU
[(m-tolyloxy)methyl]oxirane,2186-25-6,(EC) 2009/1223,EU
"2,3-epoxypropyl o-tolyl ether",2210-79-9,(EC) 2009/1223,EU
"[(tolyloxy)methyl]oxirane, cresyl glycidyl ether",26447-14-3,(EC) 2009/1223,EU
di-allate,2303-16-4,(EC) 2009/1223,EU
"benzyl 2,4-dibromobutanoate",23085-60-1,(EC) 2009/1223,EU
trifluoroiodomethane,2314-97-8,(EC) 2009/1223,EU
thiophanate-methyl,23564-05-8,(EC) 2009/1223,EU
"dodecachloropentacyclo[5.2.1.02,6.03,9.05,8]decane (mirex)",2385-85-5,(EC) 2009/1223,EU
propyzamide,23950-58-5,(EC) 2009/1223,EU
butyl glycidyl ether,2426-08-6,(EC) 2009/1223,EU
"2,3,4-trichlorobut-1-ene",2431-50-7,(EC) 2009/1223,EU
chinomethionate,2439-01-2,(EC) 2009/1223,EU
"(r)-alpha-phenylethylammonium (-)-(1r,2s)-(1,2-epoxypropyl)phosphonate monohydrate",25383-07-7,(EC) 2009/1223,EU
"5-ethoxy-3-trichloromethyl-1,2,4-thiadiazole (etridiazole - iso)",2593-15-9,(EC) 2009/1223,EU
disperse yellow 3,2832-40-8,(EC) 2009/1223,EU
"1,2,4-triazole",288-88-0,(EC) 2009/1223,EU
aldrin (iso),309-00-2,(EC) 2009/1223,EU
diuron (iso),330-54-1,(EC) 2009/1223,EU
linuron (iso),330-55-2,(EC) 2009/1223,EU
nickel carbonate,3333-67-3,(EC) 2009/1223,EU
basic nickel carbonate,3333-67-3,(EC) 2009/1223,EU
"carbonic acid, nickel (2+) salt",3333-67-3,(EC) 2009/1223,EU
"carbonic acid, nickel salt",3333-67-3,(EC) 2009/1223,EU
[micro-[carbonato(2-)-o:o']]dihydroxy trinickel,3333-67-3,(EC) 2009/1223,EU
[carbonato(2-)]tetrahydroxytrinickel,3333-67-3,(EC) 2009/1223,EU
nickel carbonate,16337-84-1,(EC) 2009/1223,EU
basic nickel carbonate,16337-84-1,(EC) 2009/1223,EU
"carbonic acid, nickel (2+) salt",16337-84-1,(EC) 2009/1223,EU
"carbonic acid, nickel salt",16337-84-1,(EC) 2009/1223,EU
[micro-[carbonato(2-)-o:o']]dihydroxy trinickel,16337-84-1,(EC) 2009/1223,EU
[carbonato(2-)]tetrahydroxytrinickel,16337-84-1,(EC) 2009/1223,EU
nickel carbonate,65405-96-1,(EC) 2009/1223,EU
basic nickel carbonate,65405-96-1,(EC) 2009/1223,EU
"carbonic acid, nickel (2+) salt",65405-96-1,(EC) 2009/1223,EU
"carbonic acid, nickel salt",65405-96-1,(EC) 2009/1223,EU
[micro-[carbonato(2-)-o:o']]dihydroxy trinickel,65405-96-1,(EC) 2009/1223,EU
[carbonato(2-)]tetrahydroxytrinickel,65405-96-1,(EC) 2009/1223,EU
nickel carbonate,12607-70-4,(EC) 2009/1223,EU
basic nickel carbonate,12607-70-4,(EC) 2009/1223,EU
"carbonic acid, nickel (2+) salt",12607-70-4,(EC) 2009/1223,EU
"carbonic acid, nickel salt",12607-70-4,(EC) 2009/1223,EU
[micro-[carbonato(2-)-o:o']]dihydroxy trinickel,12607-70-4,(EC) 2009/1223,EU
[carbonato(2-)]tetrahydroxytrinickel,12607-70-4,(EC) 2009/1223,EU
"3-(4-isopropylphenyl)-1,1-dimethylurea (isoproturon - iso)",34123-59-6,(EC) 2009/1223,EU
iprodione,36734-19-7,(EC) 2009/1223,EU
"5-(2,4-dioxo-1,2,3,4-tetrahydropyrimidine)-3-fluoro-2-hydroxymethylterahydrofuran",41107-56-6,(EC) 2009/1223,EU
crotonaldehyde,4170-30-3,(EC) 2009/1223,EU
(e)-crotonaldehyde,4170-30-3,(EC) 2009/1223,EU
crotonaldehyde,123-73-9,(EC) 2009/1223,EU
(e)-crotonaldehyde,123-73-9,(EC) 2009/1223,EU
hexahydrocyclopenta[c]pyrrole-1-(1h)-ammonium n-ethoxycarbonyl-n-(p-tolylsulfonyl)azanide,,(EC) 2009/1223,EU
"4,4'-carbonimidoylbis[n,n-dimethylaniline] and its salts",492-80-8,(EC) 2009/1223,EU
dnoc (iso),534-52-1,(EC) 2009/1223,EU
toluidinium chloride,540-23-8,(EC) 2009/1223,EU
toluidine sulphate (1:1),540-25-0,(EC) 2009/1223,EU
2-(4-tert-butylphenyl)ethanol,5406-86-0,(EC) 2009/1223,EU
fenthion (iso),55-38-9,(EC) 2009/1223,EU
"chlordane, pur",57-74-9,(EC) 2009/1223,EU
hexan-2-one (methyl butyl ketone),591-78-6,(EC) 2009/1223,EU
fenarimol (iso),60168-88-9,(EC) 2009/1223,EU
acetamide,60-35-5,(EC) 2009/1223,EU
"n-cyclohexyl-n-methoxy-2,5-dimethyl-3-furamide (furmecyclox - iso)",60568-05-0,(EC) 2009/1223,EU
dieldrin (iso),60-57-1,(EC) 2009/1223,EU
"4,4'-isobutylethylidenediphenol",6807-17-6,(EC) 2009/1223,EU
chlordimeform (iso),6164-98-3,(EC) 2009/1223,EU
amitrole (iso),61-82-5,(EC) 2009/1223,EU
carbaryl (iso),63-25-2,(EC) 2009/1223,EU
"distillates (petroleum), light hydrocracked",64741-77-1,(EC) 2009/1223,EU
1-ethyl-1-methylmorpholinium bromide,65756-41-4,(EC) 2009/1223,EU
(3-chlorophenyl)-(4-methoxy-3-nitrophenyl)methanone,66938-41-8,(EC) 2009/1223,EU
"fuels, diesel, except if the full refining history is known and it can be shown that the substance from which it is produced is not a carcinogen",68334-30-5,(EC) 2009/1223,EU
"fuel oil, no. 2",68476-30-2,(EC) 2009/1223,EU
"fuel oil, no. 4",68476-31-3,(EC) 2009/1223,EU
"fuels, diesel, no. 2",68476-34-6,(EC) 2009/1223,EU
"2,2-dibromo-2-nitroethanol",69094-18-4,(EC) 2009/1223,EU
1-ethyl-1-methylpyrrolidinium bromide,69227-51-6,(EC) 2009/1223,EU
monocrotophos,6923-22-4,(EC) 2009/1223,EU
nickel,7440-02-0,(EC) 2009/1223,EU
nickel powder [particle diameter<1 mm],7440-02-0,(EC) 2009/1223,EU
bromomethane (methyl bromide - iso),74-83-9,(EC) 2009/1223,EU
chloromethane (methyl chloride),74-87-3,(EC) 2009/1223,EU
iodomethane (methyl iodide),74-88-4,(EC) 2009/1223,EU
bromoethane (ethyl bromide),74-96-4,(EC) 2009/1223,EU
heptachlor,76-44-8,(EC) 2009/1223,EU
fentin hydroxide,76-87-9,(EC) 2009/1223,EU
nickel sulphate,7786-81-4,(EC) 2009/1223,EU
"3,5,5-trimethylcyclohex-2-enone (isophorone)",78-59-1,(EC) 2009/1223,EU
"2,3-dichloropropene",78-88-6,(EC) 2009/1223,EU
fluazifop-p-butyl (iso),79241-46-6,(EC) 2009/1223,EU
"(s)-2,3-dihydro-1h-indole-carboxylic acid",79815-20-6,(EC) 2009/1223,EU
toxaphene,8001-35-2,(EC) 2009/1223,EU
(4-hydrazinophenyl)-n-methylmethanesulfonamide hydrochloride,81880-96-8,(EC) 2009/1223,EU
ci solvent yellow 14,842-07-9,(EC) 2009/1223,EU
chlozolinate (iso),84332-86-5,(EC) 2009/1223,EU
"alkanes, c10-13, chloro",85535-84-8,(EC) 2009/1223,EU
"2,4,6-trichlorophenol",88-06-2,(EC) 2009/1223,EU
diethylcarbamoyl-chloride,88-10-8,(EC) 2009/1223,EU
1-vinyl-2-pyrrolidone,88-12-0,(EC) 2009/1223,EU
myclobutanil (iso),88671-89-0,(EC) 2009/1223,EU
"2-(4-chlorophenyl)-2-(1h-1,2,4-triazol-1-ylmethyl)hexanenitrile",88671-89-0,(EC) 2009/1223,EU
fentin acetate,900-95-8,(EC) 2009/1223,EU
biphenyl-2-ylamine,90-41-5,(EC) 2009/1223,EU
trans-4-cyclohexyl-l-proline monohydrochloride,90657-55-9,(EC) 2009/1223,EU
"2-methyl-m-phenylene diisocyanate (toluene 2,6-diisocyanate)",91-08-7,(EC) 2009/1223,EU
"4-methyl-m-phenylene diisocyanate (toluene 2,4-diisocyanate)",584-84-9,(EC) 2009/1223,EU
m-tolylidene diisocyanate (toluene diisocyanate),26471-62-5,(EC) 2009/1223,EU
"fuels, jet aircraft, coal solvent extn., hydrocracked hydrogenated",94114-58-6,(EC) 2009/1223,EU
"fuels, diesel, coal solvent extn., hydrocracked hydrogenated",94114-59-7,(EC) 2009/1223,EU
"pitch, if it contains > 0.005 % w/w benzo[a]pyrene",61789-60-4,(EC) 2009/1223,EU
2-butanone oxime,96-29-7,(EC) 2009/1223,EU
"hydrocarbons, c16-20, solvent-dewaxed hydrocracked paraffinic distn. residue",97675-88-2,(EC) 2009/1223,EU
"alpha, alpha-dichlorotoluene",98-87-3,(EC) 2009/1223,EU
"mineral wool, with the exception of those specified elsewhere in this annex",,(EC) 2009/1223,EU
[man-made vitreous (silicate)fibres with random orientation with alkaline oxide and alkali earth oxide (na2o+k2o+cao+mgo+bao) content greater than 18% by weight],,(EC) 2009/1223,EU
"reaction product of acetophenone, formaldehyde, cyclohexylamine, methanol and acetic acid",,(EC) 2009/1223,EU
trisodium bis(7-acetamido-2-(4-nitro-2-oxidophenylazo)-3-sulfonato-1-naphtholato)chromate(1-),,(EC) 2009/1223,EU
a mixture of:,,(EC) 2009/1223,EU
"4-allyl-2,6-bis(2,3-epoxypropyl)phenol",,(EC) 2009/1223,EU
"4-allyl-6-[3-[6-[3-[6-[3-(4-allyl-2,6-bis(2,3-epoxypropyl)phenoxy)-2-hydroxypropyl]-4-allyl-2-(2,3-epoxypropyl)phenoxy]-2-hydroxypropyl]-4-allyl-2-(2,3-epoxypropyl)phenoxy]-2-hydroxypropyl]-2-(2,3-epoxypropyl)phenol",,(EC) 2009/1223,EU
"4-allyl-6-[3-(4-allyl-2,6-bis(2,3-epoxypropyl)phenoxy)-2-hydroxypropyl]-2-(2,3-epoxypropyl)phenol",,(EC) 2009/1223,EU
"4-allyl-6-[3-[6-[3-(4-allyl-2,6-bis(2,3-epoxypropyl)phenoxy)-2-hydroxypropyl]-4-allyl-2-(2,3-epoxypropyl)phenoxy]-2-hydroxypropyl]-2-(2,3-epoxypropyl)phenol",,(EC) 2009/1223,EU
"costus root oil (saussurea lappa clarke), when used as a fragrance ingredient",8023-88-9,(EC) 2009/1223,EU
"7-ethoxy-4-methylcoumarin, when used as a fragrance ingredient",87-05-8,(EC) 2009/1223,EU
"hexahydrocoumarin, when used as a fragrance ingredient",700-82-3,(EC) 2009/1223,EU
"peru balsam (inci name: myroxylon pereirae), when used as a fragrance ingredient",8007-00-9,(EC) 2009/1223,EU
isobutyl nitrite,542-56-3,(EC) 2009/1223,EU
isoprene (stabilized),78-79-5,(EC) 2009/1223,EU
"(2-methyl-1,3-butadiene)",78-79-5,(EC) 2009/1223,EU
1-bromopropane,106-94-5,(EC) 2009/1223,EU
n-propyl bromide,106-94-5,(EC) 2009/1223,EU
chloroprene (stabilized),126-99-8,(EC) 2009/1223,EU
"(2-chlorobuta-1,3-diene)",126-99-8,(EC) 2009/1223,EU
"1,2,3-trichloropropane",96-18-4,(EC) 2009/1223,EU
ethylene glycol dimethyl ether (egdme),110-71-4,(EC) 2009/1223,EU
dinocap (iso),39300-45-3,(EC) 2009/1223,EU
diaminotoluene,25376-45-8,(EC) 2009/1223,EU
[4-methyl-m-phenylene diamine],25376-45-8,(EC) 2009/1223,EU
[2-methyl-m-phenylene diamine],25376-45-8,(EC) 2009/1223,EU
diaminotoluene,95-80-7,(EC) 2009/1223,EU
[4-methyl-m-phenylene diamine],95-80-7,(EC) 2009/1223,EU
[2-methyl-m-phenylene diamine],95-80-7,(EC) 2009/1223,EU
diaminotoluene,823-40-5,(EC) 2009/1223,EU
[4-methyl-m-phenylene diamine],823-40-5,(EC) 2009/1223,EU
[2-methyl-m-phenylene diamine],823-40-5,(EC) 2009/1223,EU
p-chlorobenzotrichloride,5216-25-1,(EC) 2009/1223,EU
diphenylether,32536-52-0,(EC) 2009/1223,EU
octabromo derivate,32536-52-0,(EC) 2009/1223,EU
"1,2-bis(2-methoxyethoxy)ethane",112-49-2,(EC) 2009/1223,EU
triethylene glycol dimethyl ether,112-49-2,(EC) 2009/1223,EU
(tegdme),112-49-2,(EC) 2009/1223,EU
triglyme,112-49-2,(EC) 2009/1223,EU
tetrahydrothiopyran-3-carboxaldehyde,61571-06-0,(EC) 2009/1223,EU
"4,4'-bis(dimethylamino)benzophenone",90-94-8,(EC) 2009/1223,EU
(michler's ketone),90-94-8,(EC) 2009/1223,EU
"oxiranemethanol, 4-methylbenzene-sulfonate, (s)-",70987-78-9,(EC) 2009/1223,EU
"1,2-benzenedicarboxylic acid, dipentylester, branched and linear",84777-06-0,(EC) 2009/1223,EU
n-pentyl-isopentylphthalate,84777-06-0,(EC) 2009/1223,EU
di-n-pentyl phthalate,84777-06-0,(EC) 2009/1223,EU
diisopentylphthalate,84777-06-0,(EC) 2009/1223,EU
"1,2-benzenedicarboxylic acid, dipentylester, branched and linear",776297-69-9,(EC) 2009/1223,EU
n-pentyl-isopentylphthalate,776297-69-9,(EC) 2009/1223,EU
di-n-pentyl phthalate,776297-69-9,(EC) 2009/1223,EU
diisopentylphthalate,776297-69-9,(EC) 2009/1223,EU
"1,2-benzenedicarboxylic acid, dipentylester, branched and linear",131-18-0,(EC) 2009/1223,EU
n-pentyl-isopentylphthalate,131-18-0,(EC) 2009/1223,EU
di-n-pentyl phthalate,131-18-0,(EC) 2009/1223,EU
diisopentylphthalate,131-18-0,(EC) 2009/1223,EU
"1,2-benzenedicarboxylic acid, dipentylester, branched and linear",605-50-5,(EC) 2009/1223,EU
n-pentyl-isopentylphthalate,605-50-5,(EC) 2009/1223,EU
di-n-pentyl phthalate,605-50-5,(EC) 2009/1223,EU
diisopentylphthalate,605-50-5,(EC) 2009/1223,EU
benzyl butyl phthalate (bbp),85-68-7,(EC) 2009/1223,EU
"1,2-benzenedicarboxylic acid, di-c7-11-branched and linear alkyl esters",68515-42-4,(EC) 2009/1223,EU
"disodium 4-(3-ethoxycarbonyl-4-(5-(3-ethoxycarbonyl-5-hydroxy-1-(4-sulfonatophenyl)pyrazol-4-yl)penta-2,4-dienylidene)-4,5-dihydro-5-oxopyrazol-1-yl)benzenesulfonate, and",,(EC) 2009/1223,EU
"trisodium 4-(3-ethoxycarbonyl-4-(5-(3-ethoxycarbonyl-5-oxido-1-(4-sulfonatophenyl)pyrazol-4-yl) penta-2,4-dienylidene)-4,5-dihydro-5-oxopyrazol-1-yl)benzenesulfonate",,(EC) 2009/1223,EU
"(methylenebis(4,1-phenylenazo(1-(3-(dimethylamino)propyl)-1,2-dihydro-6-hydroxy-4-methyl-2-oxopyridine-5,3-diyl)))-1,1'-dipyridinium dichloride dihydrochloride",,(EC) 2009/1223,EU
2-[2-hydroxy-3-(2-chlorophenyl)carbamoyl-1-naphthylazo]-7-[2-hydroxy-3-(3-methylphenyl)carbamoyl-1-naphthylazo]fluoren-9-one,151798-26-4,(EC) 2009/1223,EU
azafenidin (iso),68049-83-2,(EC) 2009/1223,EU
"2,4,5-trimethylaniline",137-17-7,(EC) 2009/1223,EU
"2,4,5-trimethylaniline hydrochloride",137-17-7,(EC) 2009/1223,EU
"2,4,5-trimethylaniline",21436-97-5,(EC) 2009/1223,EU
"2,4,5-trimethylaniline hydrochloride",21436-97-5,(EC) 2009/1223,EU
"4,4'-thiodianiline and its salts",139-65-1,(EC) 2009/1223,EU
"4,4'-oxydianiline (p-aminophenyl ether) and its salts",101-80-4,(EC) 2009/1223,EU
"n,n,n',n'-tetramethyl-4,4'-methylenedianiline",101-61-1,(EC) 2009/1223,EU
6-methoxy-m-toluidine (p-cresidine),120-71-8,(EC) 2009/1223,EU
"3-ethyl-2-methyl-2-(3-methylbutyl)-1,3-oxazolidine",143860-04-2,(EC) 2009/1223,EU
"1,3,5-tris(3-aminomethylphenyl)-1,3,5-(1h,3h,5h)-triazine-2,4,6-trione, and a mixture of oligomers of",,(EC) 2009/1223,EU
"3,5-bis(3-aminomethylphenyl)-1-poly[3,5-bis(3-aminomethylphenyl)-2,4,6-trioxo-1,3,5-(1h,3h,5h)-triazin-1-yl]-1,3,5-(1h,3h,5h)-triazine-2,4,6-trione",,(EC) 2009/1223,EU
2-nitrotoluene,88-72-2,(EC) 2009/1223,EU
tributyl phosphate,126-73-8,(EC) 2009/1223,EU
naphthalene,91-20-3,(EC) 2009/1223,EU
nonylphenol,25154-52-3,(EC) 2009/1223,EU
"4-nonylphenol, branched",25154-52-3,(EC) 2009/1223,EU
nonylphenol,84852-15-3,(EC) 2009/1223,EU
"4-nonylphenol, branched",84852-15-3,(EC) 2009/1223,EU
"1,1,2-trichloroethane",79-00-5,(EC) 2009/1223,EU
allyl chloride (3-chloropropene),107-05-1,(EC) 2009/1223,EU
"1,4-dichlorobenzene (p-dichlorobenzene)",106-46-7,(EC) 2009/1223,EU
bis(2-chloroethyl) ether,111-44-4,(EC) 2009/1223,EU
phenol,108-95-2,(EC) 2009/1223,EU
"bisphenol a (4,4'-isopropylidenediphenol)",80-05-7,(EC) 2009/1223,EU
"trioxymethylene (1,3,5-trioxan)",110-88-3,(EC) 2009/1223,EU
propargite (iso),2312-35-8,(EC) 2009/1223,EU
1-chloro-4-nitrobenzene,100-00-5,(EC) 2009/1223,EU
molinate (iso),2212-67-1,(EC) 2009/1223,EU
fenpropimorph (iso),67564-91-4,(EC) 2009/1223,EU
methyl isocyanate,624-83-9,(EC) 2009/1223,EU
"n,n-dimethylanilinium tetrakis(pentafluorophenyl)borate",118612-00-3,(EC) 2009/1223,EU
"o,o'-(ethenylmethylsilylenedi[(4-methylpentan-2-one)oxime]",,(EC) 2009/1223,EU
a 2:1 mixture of:,140698-96-0,(EC) 2009/1223,EU
"4-(7-hydroxy-2,4,4-trimethyl-2-chromanyl)resorcinol-4-yl-tris(6-diazo-5,6-dihydro-5-oxonaphthalene-1-sulfonate), and",140698-96-0,(EC) 2009/1223,EU
"4-(7-hydroxy-2,4,4-trimethyl-2-chromanyl)resorcinolbis(6-diazo-5,6-dihydro-5-oxonaphthalene-1-sulfonate)",140698-96-0,(EC) 2009/1223,EU
"reaction product of 4,4'-methylenebis[2-(4-hydroxybenzyl)-3,6-dimethylphenol] and 6-diazo-5,6-dihydro-5-oxo-naphthalenesulfonate (1:2), and",,(EC) 2009/1223,EU
"reaction product of 4,4'-methylenebis[2-(4-hydroxybenzyl)-3,6-dimethylphenol] and 6-diazo-5,6-dihydro-5-oxo-naphthalenesulfonate (1:3)",,(EC) 2009/1223,EU
malachite green hydrochloride,569-64-2,(EC) 2009/1223,EU
malachite green oxalate,569-64-2,(EC) 2009/1223,EU
malachite green hydrochloride,18015-76-4,(EC) 2009/1223,EU
malachite green oxalate,18015-76-4,(EC) 2009/1223,EU
"1-(4-chlorophenyl)-4,4-dimethyl-3-(1,2,4-triazol-1-ylmethyl)pentan-3-ol",107534-96-3,(EC) 2009/1223,EU
"5-(3-butyryl-2,4,6-trimethylphenyl)-2-[1-(ethoxyimino)propyl]-3-hydroxycyclohex-2-en-1-one",138164-12-2,(EC) 2009/1223,EU
trans-4-phenyl-l-proline,96314-26-0,(EC) 2009/1223,EU
a mixture of:,163879-69-4,(EC) 2009/1223,EU
"5-[(4-[(7-amino-1-hydroxy-3-sulfo-2-naphthyl)azo]-2,5-diethoxyphenyl)azo]-2-[(3-phosphonophenyl)azo]benzoic acid, and",163879-69-4,(EC) 2009/1223,EU
"5-[(4-[(7-amino-1-hydroxy-3-sulfo-2-naphthyl)azo]-2,5-diethoxyphenyl)azo]-3-[(3-phosphonophenyl)azo]benzoic acid",163879-69-4,(EC) 2009/1223,EU
"2-{4-(2-ammoniopropylamino)-6-[4-hydroxy-3-(5-methyl-2-methoxy-4-sulfamoylphenylazo)-2-sulfonatonaphth-7-ylamino]-1,3,5-triazin-2-ylamino}-2-aminopropyl formate",,(EC) 2009/1223,EU
5-nitro-o-toluidine,99-55-8,(EC) 2009/1223,EU
5-nitro-o-toluidine hydrochloride,99-55-8,(EC) 2009/1223,EU
5-nitro-o-toluidine,51085-52-0,(EC) 2009/1223,EU
5-nitro-o-toluidine hydrochloride,51085-52-0,(EC) 2009/1223,EU
1-(1-naphthylmethyl)quinolinium chloride,65322-65-8,(EC) 2009/1223,EU
(r)-5-bromo-3-(1-methyl-2-pyrrolidinylmethyl)-1h-indole,143322-57-0,(EC) 2009/1223,EU
pymetrozine (iso),123312-89-0,(EC) 2009/1223,EU
oxadiargyl (iso),39807-15-3,(EC) 2009/1223,EU
chlorotoluron,15545-48-9,(EC) 2009/1223,EU
"(3-(3-chloro-p-tolyl)-1,1-dimethylurea)",15545-48-9,(EC) 2009/1223,EU
n-[2-(3-acetyl-5-nitrothiophen-2-ylazo)-5-diethylaminophenyl]acetamide,777891-21-1,(EC) 2009/1223,EU
"1,3-bis(vinylsulfonylacetamido)propane",93629-90-4,(EC) 2009/1223,EU
p-phenetidine (4-ethoxyaniline),156-43-4,(EC) 2009/1223,EU
m-phenylenediamine and its salts,108-45-2,(EC) 2009/1223,EU
"residues (coal tar), creosote oil distn., if it contains > 0.005 % w/w benzo[a]pyrene",92061-93-3,(EC) 2009/1223,EU
"creosote oil, acenaphthene fraction, wash oil, if it contains > 0.005 % w/w benzo[a]pyrene",90640-84-9,(EC) 2009/1223,EU
"creosote oil, if it contains > 0.005 % w/w benzo[a]pyrene",61789-28-4,(EC) 2009/1223,EU
"creosote, if it contains > 0.005 % w/w benzo[a]pyrene",8001-58-9,(EC) 2009/1223,EU
"creosote oil, high-boiling distillate, wash oil, if it contains > 0.005 % w/w benzo[a]pyrene",70321-79-8,(EC) 2009/1223,EU
"extract residues (coal), creosote oil acid, wash oil extract residue",122384-77-4,(EC) 2009/1223,EU
"creosote oil, low-boiling distillate, wash oil, if it contains > 0.005 % w/w benzo[a]pyrene",70321-80-1,(EC) 2009/1223,EU
"6-methoxy-2,3-pyridinediamine and its hcl salt, when used as a substance in hair dye products",94166-62-8,(EC) 2009/1223,EU
"2,3-naphthalenediol, when used as a substance in hair dye products",92-44-4,(EC) 2009/1223,EU
"2,4-diaminodiphenylamine, when used as a substance in hair dye products",136-17-4,(EC) 2009/1223,EU
"2,6-bis(2-hydroxyethoxy)-3,5-pyridinediamine and its hcl salt, when used as a substance in hair dye products",117907-42-3,(EC) 2009/1223,EU
"2-methoxymethyl-p-aminophenol and its hcl salt, when used as a substance in hair dye products",135043-65-1,(EC) 2009/1223,EU
"2-methoxymethyl-p-aminophenol and its hcl salt, when used as a substance in hair dye products",29785-47-5,(EC) 2009/1223,EU
"4,5-diamino-1-methylpyrazole and its hcl salt, when used as a substance in hair dye products",20055-01-0,(EC) 2009/1223,EU
"4,5-diamino-1-methylpyrazole and its hcl salt, when used as a substance in hair dye products",21616-59-1,(EC) 2009/1223,EU
"4,5-diamino-1-((4-chlorophenyl)methyl)-1h-pyrazole sulfate, when used as a substance in hair dye products",163183-00-4,(EC) 2009/1223,EU
"4-chloro-2-aminophenol, when used as a substance in hair dye products",95-85-2,(EC) 2009/1223,EU
"4-hydroxyindole, when used as a substance in hair dye products",2380-94-1,(EC) 2009/1223,EU
"4-methoxytoluene-2,5-diamine and its hcl salt, when used as a substance in hair dye products",56496-88-9,(EC) 2009/1223,EU
"5-amino-4-fluoro-2-methylphenol sulfate, when used as a substance in hair dye products",163183-01-5,(EC) 2009/1223,EU
"n,n-diethyl-m-aminophenol, when used as a substance in hair dye products",91-68-9,(EC) 2009/1223,EU
"n,n-diethyl-m-aminophenol, when used as a substance in hair dye products",68239-84-9,(EC) 2009/1223,EU
"n,n-dimethyl-2,6-pyridinediamine and its hcl salt, when used as a substance in hair dye products",,(EC) 2009/1223,EU
"n-cyclopentyl-m-aminophenol, when used as a substance in hair dye products",104903-49-3,(EC) 2009/1223,EU
"n-(2-methoxyethyl)-p-phenylenediamine and its hcl salt, when used as a substance in hair dye products",72584-59-9,(EC) 2009/1223,EU
"n-(2-methoxyethyl)-p-phenylenediamine and its hcl salt, when used as a substance in hair dye products",66566-48-1,(EC) 2009/1223,EU
"2,4-diamino-5-methylphenetol and its hcl salt, when used as a substance in hair dye products",113715-25-6,(EC) 2009/1223,EU
"1,7-naphthalenediol, when used as a substance in hair dye products",575-38-2,(EC) 2009/1223,EU
"3,4-diaminobenzoic acid, when used as a substance in hair dye products",619-05-6,(EC) 2009/1223,EU
"2-aminomethyl-p-aminophenol and its hcl salts, when used as a substance in hair dye products",79352-72-0,(EC) 2009/1223,EU
"solvent red 1 (ci 12150), when used as a substance in hair dye products",1229-55-6,(EC) 2009/1223,EU
"acid orange 24 (ci 20170), when used as a substance in hair dye products",1320-07-6,(EC) 2009/1223,EU
"acid red 73 (ci 27290), when used as a substance in hair dye products",5413-75-2,(EC) 2009/1223,EU
"peg-3,2',2'-di-p-phenylenediamine",144644-13-3,(EC) 2009/1223,EU
6-nitro-o-toluidine,570-24-1,(EC) 2009/1223,EU
hc yellow no 11,73388-54-2,(EC) 2009/1223,EU
hc orange no 3,81612-54-6,(EC) 2009/1223,EU
hc green no 1,52136-25-1,(EC) 2009/1223,EU
hc red no 8 and its salts,13556-29-1,(EC) 2009/1223,EU
hc red no 8 and its salts,97404-14-3,(EC) 2009/1223,EU
tetrahydro-6-nitroquinoxaline and its salts,158006-54-3,(EC) 2009/1223,EU
tetrahydro-6-nitroquinoxaline and its salts,41959-35-7,(EC) 2009/1223,EU
tetrahydro-6-nitroquinoxaline and its salts,73855-45-5,(EC) 2009/1223,EU
"disperse red 15, except as impurity in disperse violet 1",116-85-8,(EC) 2009/1223,EU
4-amino-3-fluorophenol,399-95-1,(EC) 2009/1223,EU
"n,n'-dihexadecyl-n,n'-bis(2-hydroxyethyl)propanediamide",149591-38-8,(EC) 2009/1223,EU
bishydroxyethyl biscetyl malonamide,149591-38-8,(EC) 2009/1223,EU
"1-methyl-2,4,5-trihydroxybenzene and its salts, when used as a substance in hair dye products",1124-09-0,(EC) 2009/1223,EU
"2,6-dihydroxy-4-methylpyridine and its salts, when used as a substance in hair dye products",4664-16-8,(EC) 2009/1223,EU
"5-hydroxy-1,4-benzodioxane and its salts, when used as a substance in hair dye products",10288-36-5,(EC) 2009/1223,EU
"3,4-methylenedioxyphenol and its salts, when used as a substance in hair dye products",533-31-3,(EC) 2009/1223,EU
"3,4-methylenedioxyaniline and its salts, when used as a substance in hair dye products",14268-66-7,(EC) 2009/1223,EU
"hydroxypyridinone and its salts, when used as a substance in hair dye products",822-89-9,(EC) 2009/1223,EU
"3-nitro-4-aminophenoxyethanol and its salts, when used as a substance in hair dye products",50982-74-6,(EC) 2009/1223,EU
"2-methoxy-4-nitrophenol (4-nitroguaiacol) and its salts, when used as a substance in hair dye products",3251-56-7,(EC) 2009/1223,EU
"ci acid black 131 and its salts, when used as a substance in hair dye products",12219-01-1,(EC) 2009/1223,EU
"1,3,5-trihydroxybenzene (phloroglucinol) and its salts, when used as a substance in hair dye products",108-73-6,(EC) 2009/1223,EU
"1,2,4-benzenetriacetate and its salts, when used as a substance in hair dye products",613-03-6,(EC) 2009/1223,EU
"ethanol, 2,2'-iminobis-, reaction products with epichlorohydrin and 2-nitro-1,4-benzenediamine (hc blue no 5) and its salts, when used as a substance in hair dye products",68478-64-8,(EC) 2009/1223,EU
"ethanol, 2,2'-iminobis-, reaction products with epichlorohydrin and 2-nitro-1,4-benzenediamine (hc blue no 5) and its salts, when used as a substance in hair dye products",158571-58-5,(EC) 2009/1223,EU
"n-methyl-1,4-diaminoanthraquinone, reaction products with epichlorohydrin and monoethanolamine (hc blue no 4) and its salts, when used as a substance in hair dye products",158571-57-4,(EC) 2009/1223,EU
"4-aminobenzenesulfonic acid (sulfanilic acid) and its salts, when used as a substance in hair dye products",121-57-3,(EC) 2009/1223,EU
"4-aminobenzenesulfonic acid (sulfanilic acid) and its salts, when used as a substance in hair dye products",515-74-2,(EC) 2009/1223,EU
"3,3'-(sulfonylbis(2-nitro-4,1-phenylene)imino)bis(6-(phenylamino))benzenesulfonic acid and its salts, when used as a substance in hair dye products",6373-79-1,(EC) 2009/1223,EU
"3(or5)-((4-(benzylmethylamino)phenyl)azo)-1,2-(or1,4)-dimethyl-1h-1,2,4-triazolium and its salts, when used as a substance in hair dye products",89959-98-8,(EC) 2009/1223,EU
"3(or5)-((4-(benzylmethylamino)phenyl)azo)-1,2-(or1,4)-dimethyl-1h-1,2,4-triazolium and its salts, when used as a substance in hair dye products",12221-69-1,(EC) 2009/1223,EU
"2,2'-((3-chloro-4-((2,6-dichloro-4-nitrophenyl)azo)phenyl)imino)bisethanol (disperse brown 1) and its salts, when used as a substance in hair dye products",23355-64-8,(EC) 2009/1223,EU
"benzothiazolium, 2-[[4-[ethyl(2-hydroxyethyl)amino]phenyl]azo]-6-methoxy-3-methyl- and its salts, when used as a substance in hair dye products",12270-13-2,(EC) 2009/1223,EU
"2-[(4-chloro-2-nitrophenyl)azo)-n-(2-methoxyphenyl)-3-oxobutanamide (pigment yellow 73) and its salts, when used as a substance in hair dye products",13515-40-7,(EC) 2009/1223,EU
"2,2'-[(3,3'-dichloro[1,1'-biphenyl]-4,4'-diyl)bis(azo)]bis[3-oxo-n-phenylbutanamide] (pigment yellow 12) and its salts, when used as a substance in hair dye products",6358-85-6,(EC) 2009/1223,EU
"2,2'-(1,2-ethenediyl)bis[5-((4-ethoxyphenyl)azo]benzenesulfonic acid) and its salts, when used as a substance in hair dye products",2870-32-8,(EC) 2009/1223,EU
"2,3-dihydro-2,2-dimethyl-6-[(4-(phenylazo)-1-naphthelenyl)azo]-1h-pyrimidine (solvent black 3) and its salts, when used as a substance in hair dye products",4197-25-5,(EC) 2009/1223,EU
"3(or5)-[[4-[(7-amino-1-hydroxy-3-sulphonato-2-naphthyl)azo]-1-naphthyl]azo]salicylic acid and its salts, when used as a substance in hair dye products",3442-21-5,(EC) 2009/1223,EU
"3(or5)-[[4-[(7-amino-1-hydroxy-3-sulphonato-2-naphthyl)azo]-1-naphthyl]azo]salicylic acid and its salts, when used as a substance in hair dye products",34977-63-4,(EC) 2009/1223,EU
"2-naphthalenesulfonic acid, 7-(benzoylamino)-4-hydroxy-3-[[4-[(4-sulfophenyl)azo]phenyl]azo]- and its salts, when used as a substance in hair dye products",2610-11-9,(EC) 2009/1223,EU
"(micro-((7,7'-iminobis(4-hydroxy-3-((2-hydroxy-5-(n-methylsulphamoyl)phenyl)azo)naphthalene-2-sulphonato))(6-)))dicuprate and its salts, when used as a substance in hair dye products",37279-54-2,(EC) 2009/1223,EU
"3-[(4-(acetylamino)phenyl)azo]-4-hydroxy-7-[[[[5-hydroxy-6-(phenylazo)-7-sulfo-2-naphthalenyl]amino]carbonyl]amino]-2-naphthalenesulfonic acid and its salts, when used as a substance in hair dye products",3441-14-3,(EC) 2009/1223,EU
"2-naphthalenesulfonic acid, 7,7'-(carbonyldiimino)bis(4-hydroxy-3-[[2-sulfo-4-[(4-sulfophenyl)azo]phenyl]azo]-, and its salts, when used as a substance in hair dye products",2610-10-8,(EC) 2009/1223,EU
"2-naphthalenesulfonic acid, 7,7'-(carbonyldiimino)bis(4-hydroxy-3-[[2-sulfo-4-[(4-sulfophenyl)azo]phenyl]azo]-, and its salts, when used as a substance in hair dye products",25188-41-4,(EC) 2009/1223,EU
"ethanaminium, n-(4-[bis[4-(diethylamino)phenyl]methylene]-2,5-cyclohexadien-1-ylidine)-n-ethyl- and its salts, when used as a substance in hair dye products",2390-59-2,(EC) 2009/1223,EU
"3h-indolium, 2-[[(4-methoxyphenyl)methylhydrazono]methyl]-1,3,3-trimethyl- and its salts, when used as a substance in hair dye products",54060-92-3,(EC) 2009/1223,EU
"3h-indolium, 2-(2-((2,4-dimethoxyphenyl)amino)ethenyl]-1,3,3-trimethyl- and its salts, when used as a substance in hair dye products",4208-80-4,(EC) 2009/1223,EU
"nigrosine spirit soluble (solvent black 5) and its salts, when used as a substance in hair dye products",11099-03-9,(EC) 2009/1223,EU
"phenoxazin-5-ium, 3,7-bis(diethylamino)-, and its salts, when used as a substance in hair dye products",47367-75-9,(EC) 2009/1223,EU
"phenoxazin-5-ium, 3,7-bis(diethylamino)-, and its salts, when used as a substance in hair dye products",33203-82-6,(EC) 2009/1223,EU
"benzo[a]phenoxazin-7-ium, 9-(dimethylamino)-, and its salts, when used as a substance in hair dye products",7057-57-0,(EC) 2009/1223,EU
"benzo[a]phenoxazin-7-ium, 9-(dimethylamino)-, and its salts, when used as a substance in hair dye products",966-62-1,(EC) 2009/1223,EU
"6-amino-2-((2,4-dimethylphenyl)-1h-benz[de]isoquinoline-1,3(2h)-dione (solvent yellow 44) and its salts, when used as a substance in hair dye products",2478-20-8,(EC) 2009/1223,EU
"1-amino-4-[[4-[(dimethylamino)methyl]phenyl]amino]anthraquinone and its salts, when used as a substance in hair dye products",67905-56-0,(EC) 2009/1223,EU
"1-amino-4-[[4-[(dimethylamino)methyl]phenyl]amino]anthraquinone and its salts, when used as a substance in hair dye products",12217-43-5,(EC) 2009/1223,EU
"laccaic acid (ci natural red 25) and its salts, when used as a substance in hair dye products",60687-93-6,(EC) 2009/1223,EU
"benzenesulfonic acid, 5-[(2,4-dinitrophenyl]amino]-2-(phenylamino)-, and its salts, when used as a substance in hair dye products",6373-74-6,(EC) 2009/1223,EU
"benzenesulfonic acid, 5-[(2,4-dinitrophenyl]amino]-2-(phenylamino)-, and its salts, when used as a substance in hair dye products",15347-52-1,(EC) 2009/1223,EU
"4-[(4-nitrophenyl)azo]aniline (disperse orange 3) and its salts, when used as a substance in hair dye products",730-40-5,(EC) 2009/1223,EU
"4-nitro-m-phenylenediamine and its salts, when used as a substance in hair dye products",5131-58-8,(EC) 2009/1223,EU
"1-amino-4-(methylamino)-9,10-anthracenedione (disperse violet 4) and its salts, when used as a substance in hair dye products",1220-94-6,(EC) 2009/1223,EU
"n-methyl-3-nitro-p-phenylenediamine and its salts, when used as a substance in hair dye products",2973-21-9,(EC) 2009/1223,EU
"n1-(2-hydroxyethyl)-4-nitro-o-phenylenediamine (hc yellow no 5) and its salts, when used as a substance in hair dye products",56932-44-6,(EC) 2009/1223,EU
"n1-(tris(hydroxymethyl))methyl-4-nitro-1,2-phenylenediamine (hc yellow no 3) and its salts, when used as a substance in hair dye products",56932-45-7,(EC) 2009/1223,EU
"2-nitro-n-hydroxyethyl-p-anisidine and its salts, when used as a substance in hair dye products",57524-53-5,(EC) 2009/1223,EU
"n,n'-dimethyl-n-hydroxyethyl-3-nitro-p-phenylenediamine and its salts, when used as a substance in hair dye products",10228-03-2,(EC) 2009/1223,EU
"3-(n-methyl-n-(4-methylamino-3-nitrophenyl)amino)propane-1,2-diol and its salts, when used as a substance in hair dye products",93633-79-5,(EC) 2009/1223,EU
"4-ethylamino-3-nitrobenzoic acid (n-ethyl-3-nitro paba) and its salts, when used as a substance in hair dye products",2788-74-1,(EC) 2009/1223,EU
"(8-[(4-amino-2-nitrophenyl)azo]-7-hydroxy-2-naphthyl)trimethylammonium and its salts, (except basic red 118 as impurity in basic brown 17), when used as a substance in hair dye products",71134-97-9,(EC) 2009/1223,EU
"5-((4-(dimethylamino)phenyl)azo)-1,4-dimethyl-1h-1,2,4-triazolium and its salts, when used as a substance in hair dye products",12221-52-2,(EC) 2009/1223,EU
"m-phenylenediamine, 4-(phenylazo)-, and its salts, when used as a substance in hair dye products",495-54-5,(EC) 2009/1223,EU
"1,3-benzenediamine, 4-methyl-6-(phenylazo)- and its salts, when used as a substance in hair dye products",4438-16-8,(EC) 2009/1223,EU
"2,7-naphthalenedisulfonic acid, 5-(acetylamino)-4-hydroxy-3-((2-methylphenyl)azo)- and its salts, when used as a substance in hair dye products",6441-93-6,(EC) 2009/1223,EU
"4,4'-[(4-methyl-1,3-phenylene)bis(azo)]bis[6-methyl-1,3-benzenediamine] (basic brown 4) and its salts, when used as a substance in hair dye products",4482-25-1,(EC) 2009/1223,EU
"benzenaminium, 3-[[(4-[[diamino(phenylazo)phenyl]azo]-2-methylphenyl]azo]-n,n,n-trimethyl- and its salts, when used as a substance in hair dye products",83803-99-0,(EC) 2009/1223,EU
"benzenaminium, 3-[[(4-[[diamino(phenylazo)phenyl]azo]-1-naphthalenyl]azo]-n,n,n-trimethyl- and its salts, when used as a substance in hair dye products",83803-98-9,(EC) 2009/1223,EU
"ethanaminium, n-(4-[(4-(diethylamino)phenyl)phenylmethylene]-2,5-cyclohexadien-1-ylidine)-n-ethyl- and its salts, when used as a substance in hair dye products",633-03-4,(EC) 2009/1223,EU
"9,10-anthracenedione, 1-[(2-hydroxyethyl)amino]-4-(methylamino)-, and its derivatives and salts, when used as a substance in hair dye products",2475-46-9,(EC) 2009/1223,EU
"9,10-anthracenedione, 1-[(2-hydroxyethyl)amino]-4-(methylamino)-, and its derivatives and salts, when used as a substance in hair dye products",86722-66-9,(EC) 2009/1223,EU
"1,4-diamino-2-methoxy-9,10-anthracenedione (disperse red 11) and its salts, when used as a substance in hair dye products",2872-48-2,(EC) 2009/1223,EU
"1,4-dihydroxy-5,8-bis[(2-hydroxyethyl)amino]anthraquinone (disperse blue 7) and its salts, when used as a substance in hair dye products",3179-90-6,(EC) 2009/1223,EU
"1-[(3-aminopropyl)amino]-4-(methylamino)anthraquinone and its salts, when used as a substance in hair dye products",22366-99-0,(EC) 2009/1223,EU
"n-[6-[(2-chloro-4-hydroxyphenyl)imino]-4-methoxy-3-oxo-1,4-cyclohexadien-1-yl]acetamide (hc yellow no 8) and its salts, when used as a substance in hair dye products",66612-11-1,(EC) 2009/1223,EU
"[6-[[3-chloro-4-(methylamino)phenyl]imino]-4-methyl-3-oxocyclohexa-1,4-dien-1-yl]urea (hc red no 9) and its salts, when used as a substance in hair dye products",56330-88-2,(EC) 2009/1223,EU
"phenothiazin-5-ium, 3,7-bis(dimethylamino)- and its salts, when used as a substance in hair dye products",61-73-4,(EC) 2009/1223,EU
"4,6-bis(2-hydroxyethoxy)-m-phenylenediamine and its salts, when used as a substance in hair dye products",94082-85-6,(EC) 2009/1223,EU
"5-amino-2,6-dimethoxy-3-hydroxypyridine and its salts, when used as a substance in hair dye products",104333-03-1,(EC) 2009/1223,EU
"4,4'-diaminodiphenylamine and its salts, when used as a substance in hair dye products",537-65-5,(EC) 2009/1223,EU
"4-diethylamino-o-toluidine and its salts, when used as a substance in hair dye products",148-71-0,(EC) 2009/1223,EU
"4-diethylamino-o-toluidine and its salts, when used as a substance in hair dye products",24828-38-4,(EC) 2009/1223,EU
"4-diethylamino-o-toluidine and its salts, when used as a substance in hair dye products",2051-79-8,(EC) 2009/1223,EU
"n,n-diethyl-p-phenylenediamine and its salts, when used as a substance in hair dye products",93-05-0,(EC) 2009/1223,EU
"n,n-diethyl-p-phenylenediamine and its salts, when used as a substance in hair dye products",6065-27-6,(EC) 2009/1223,EU
"n,n-diethyl-p-phenylenediamine and its salts, when used as a substance in hair dye products",6283-63-2,(EC) 2009/1223,EU
"n,n-dimethyl-p-phenylenediamine and its salts, when used as a substance in hair dye products",99-98-9,(EC) 2009/1223,EU
"n,n-dimethyl-p-phenylenediamine and its salts, when used as a substance in hair dye products",6219-73-4,(EC) 2009/1223,EU
"toluene-3,4-diamine and its salts, when used as a substance in hair dye products",496-72-0,(EC) 2009/1223,EU
"2,4-diamino-5-methylphenoxyethanol and its salts, when used as a substance in hair dye products",141614-05-3,(EC) 2009/1223,EU
"2,4-diamino-5-methylphenoxyethanol and its salts, when used as a substance in hair dye products",113715-27-8,(EC) 2009/1223,EU
"6-amino-o-cresol and its salts, when used as a substance in hair dye products",17672-22-9,(EC) 2009/1223,EU
"hydroxyethylaminomethyl-p-aminophenol and its salts, when used as a substance in hair dye products",110952-46-0,(EC) 2009/1223,EU
"hydroxyethylaminomethyl-p-aminophenol and its salts, when used as a substance in hair dye products",135043-63-9,(EC) 2009/1223,EU
"2-amino-3-nitrophenol and its salts, when used as a substance in hair dye products",603-85-0,(EC) 2009/1223,EU
"2-chloro-5-nitro-n-hydroxyethyl-p-phenylenediamine and its salts, when used as a substance in hair dye products",50610-28-1,(EC) 2009/1223,EU
"2-nitro-p-phenylenediamine and its salts, when used as a substance in hair dye products",5307-14-2,(EC) 2009/1223,EU
"2-nitro-p-phenylenediamine and its salts, when used as a substance in hair dye products",18266-52-9,(EC) 2009/1223,EU
"2-nitro-p-phenylenediamine and its salts, when used as a substance in hair dye products",68239-83-8,(EC) 2009/1223,EU
"hydroxyethyl-2,6-dinitro-p-anisidine and its salts, when used as a substance in hair dye products",122252-11-3,(EC) 2009/1223,EU
"6-nitro-2,5-pyridinediamine and its salts, when used as a substance in hair dye products",69825-83-8,(EC) 2009/1223,EU
"phenazinium, 3,7-diamino-2,8-dimethyl-5-phenyl- and its salts, when used as a substance in hair dye products",477-73-6,(EC) 2009/1223,EU
"3-hydroxy-4-[(2-hydroxynaphthyl)azo]-7-nitronaphthalene-1-sulphonic acid and its salts, when used as a substance in hair dye products",16279-54-2,(EC) 2009/1223,EU
"3-hydroxy-4-[(2-hydroxynaphthyl)azo]-7-nitronaphthalene-1-sulphonic acid and its salts, when used as a substance in hair dye products",5610-64-0,(EC) 2009/1223,EU
"3-[(2-nitro-4-(trifluoromethyl)phenyl)amino]propane-1,2-diol (hc yellow no 6) and its salts, when used as a substance in hair dye products",104333-00-8,(EC) 2009/1223,EU
"2-[(4-chloro-2-nitrophenyl)amino]ethanol (hc yellow no 12) and its salts, when used as a substance in hair dye products",59320-13-7,(EC) 2009/1223,EU
"3-[[4-[(2-hydroxyethyl)methylamino]-2-nitrophenyl]amino]-1,2-propanediol and its salts, when used as a substance in hair dye products",173994-75-7,(EC) 2009/1223,EU
"3-[[4-[(2-hydroxyethyl)methylamino]-2-nitrophenyl]amino]-1,2-propanediol and its salts, when used as a substance in hair dye products",102767-27-1,(EC) 2009/1223,EU
"3-[[4-[ethyl(2-hydroxyethyl)amino]-2-nitrophe nyl]amino]-1,2-propanediol and its salts, when used as a substance in hair dye products.",114087-41-1,(EC) 2009/1223,EU
"3-[[4-[ethyl(2-hydroxyethyl)amino]-2-nitrophe nyl]amino]-1,2-propanediol and its salts, when used as a substance in hair dye products.",114087-42-2,(EC) 2009/1223,EU
"ethanaminium, n-[4-[[4-(diethylamino)phenyl][4-(ethylamino)-1-naphthalenyl]methylene]-2,5-cyclohexadien-1-ylidine]-n-ethyl-, and its salts, when used as a substance in hair dye products",2390-60-5,(EC) 2009/1223,EU
"4-[(4-aminophenyl)(4-iminocyclohexa-2,5-dien-1-ylidene)methyl]-o-toluidine (cas 3248-93-9",3248-93-9,(EC) 2013/344,EU
einecs 221-832-2) and its hydrochloride salt (basic violet 14,3248-93-9,(EC) 2013/344,EU
ci 42510) (cas 632-99-5,3248-93-9,(EC) 2013/344,EU
einecs 211-189-6) when used as a substance in hair dye products,3248-93-9,(EC) 2013/344,EU
"4-[(4-aminophenyl)(4-iminocyclohexa-2,5-dien-1-ylidene)methyl]-o-toluidine (cas 3248-93-9",632-99-5,(EC) 2013/344,EU
einecs 221-832-2) and its hydrochloride salt (basic violet 14,632-99-5,(EC) 2013/344,EU
ci 42510) (cas 632-99-5,632-99-5,(EC) 2013/344,EU
einecs 211-189-6) when used as a substance in hair dye products,632-99-5,(EC) 2013/344,EU
"4-(2,4-dihydroxyphenylazo)benzensulphonic acid (cas 2050-34-2",2050-34-2,(EC) 2013/344,EU
einecs 218-087-0) and its sodium salt (acid orange 6,2050-34-2,(EC) 2013/344,EU
ci 14270) (cas 547-57-9,2050-34-2,(EC) 2013/344,EU
einecs 208-924-8) when used as substance in hair dye products,2050-34-2,(EC) 2013/344,EU
"4-(2,4-dihydroxyphenylazo)benzensulphonic acid (cas 2050-34-2",547-57-9,(EC) 2013/344,EU
einecs 218-087-0) and its sodium salt (acid orange 6,547-57-9,(EC) 2013/344,EU
ci 14270) (cas 547-57-9,547-57-9,(EC) 2013/344,EU
einecs 208-924-8) when used as substance in hair dye products,547-57-9,(EC) 2013/344,EU
3-hydroxy-4-(phenylazo)-2-naphthoic acid and its calcium salt (pigment red 64:1,27757-79-5,(EC) 2013/344,EU
ci 15800)  when used as a substance in hair dye products,27757-79-5,(EC) 2013/344,EU
3-hydroxy-4-(phenylazo)-2-naphthoic acid and its calcium salt (pigment red 64:1,6371-76-2,(EC) 2013/344,EU
ci 15800)  when used as a substance in hair dye products,6371-76-2,(EC) 2013/344,EU
2-(6-hydroxy-3-oxo-(3h)xanthen-9-yl)benzoic acid,2321-07-5,(EC) 2013/344,EU
fluorescein and its disodium salt (acid yellow 73 sodium salt,2321-07-5,(EC) 2013/344,EU
"ci 45350), when used as a substance in hair dye products",2321-07-5,(EC) 2013/344,EU
2-(6-hydroxy-3-oxo-(3h)xanthen-9-yl)benzoic acid,518-47-8,(EC) 2013/344,EU
fluorescein and its disodium salt (acid yellow 73 sodium salt,518-47-8,(EC) 2013/344,EU
"ci 45350), when used as a substance in hair dye products",518-47-8,(EC) 2013/344,EU
"4',5'-dibromo-3',6'-dihydroxyspiro[isobenzofuran-1(3h),9'-[9h]xanthene]-3-one",596-03-2,(EC) 2013/344,EU
"4',5'-dibromofluorescein",596-03-2,(EC) 2013/344,EU
(solvent red 72)  and its disodium salt (ci 45370)  when used as a substance in hair dye products,596-03-2,(EC) 2013/344,EU
"4',5'-dibromo-3',6'-dihydroxyspiro[isobenzofuran-1(3h),9'-[9h]xanthene]-3-one",4372-02-5,(EC) 2013/344,EU
"4',5'-dibromofluorescein",4372-02-5,(EC) 2013/344,EU
(solvent red 72)  and its disodium salt (ci 45370)  when used as a substance in hair dye products,4372-02-5,(EC) 2013/344,EU
"2-(3,6-dihydroxy-2,4,5,7-tetrabromoxanthen-9-yl)benzoic acid",15086-94-9,(EC) 2013/344,EU
"fluorescein, 2',4',5',7'-tetrabromo-",15086-94-9,(EC) 2013/344,EU
"(solvent red 43), its disodium salt (acid red 87",15086-94-9,(EC) 2013/344,EU
ci 45380) and its aluminium salt (pigment red 90:1 aluminium lake) when used as a substance in hair dye products,15086-94-9,(EC) 2013/344,EU
"2-(3,6-dihydroxy-2,4,5,7-tetrabromoxanthen-9-yl)benzoic acid",17372-87-1,(EC) 2013/344,EU
"fluorescein, 2',4',5',7'-tetrabromo-",17372-87-1,(EC) 2013/344,EU
"(solvent red 43), its disodium salt (acid red 87",17372-87-1,(EC) 2013/344,EU
ci 45380) and its aluminium salt (pigment red 90:1 aluminium lake) when used as a substance in hair dye products,17372-87-1,(EC) 2013/344,EU
"2-(3,6-dihydroxy-2,4,5,7-tetrabromoxanthen-9-yl)benzoic acid",15876-39-8,(EC) 2013/344,EU
"fluorescein, 2',4',5',7'-tetrabromo-",15876-39-8,(EC) 2013/344,EU
"(solvent red 43), its disodium salt (acid red 87",15876-39-8,(EC) 2013/344,EU
ci 45380) and its aluminium salt (pigment red 90:1 aluminium lake) when used as a substance in hair dye products,15876-39-8,(EC) 2013/344,EU
"xanthylium, 9-(2-carboxyphenyl)-3-((2-methylphenyl)amino)-6-((2-methyl-4-sulfophenyl)amino)-, inner salt and its sodium salt (acid violet 9",10213-95-3,(EC) 2013/344,EU
ci 45190) when used as a substance in hair dye products,10213-95-3,(EC) 2013/344,EU
"xanthylium, 9-(2-carboxyphenyl)-3-((2-methylphenyl)amino)-6-((2-methyl-4-sulfophenyl)amino)-, inner salt and its sodium salt (acid violet 9",6252-76-2,(EC) 2013/344,EU
ci 45190) when used as a substance in hair dye products,6252-76-2,(EC) 2013/344,EU
"3',6'-dihydroxy-4',5'-diiodospiro(isobenzofuran-1(3h),9'-[9h]xanthene)-3-one",38577-97-8,(EC) 2013/344,EU
(solvent red 73) and its sodium salt (acid red 95,38577-97-8,(EC) 2013/344,EU
ci 45425) when used as a substance in hair dye products,38577-97-8,(EC) 2013/344,EU
"3',6'-dihydroxy-4',5'-diiodospiro(isobenzofuran-1(3h),9'-[9h]xanthene)-3-one",33239-19-9,(EC) 2013/344,EU
(solvent red 73) and its sodium salt (acid red 95,33239-19-9,(EC) 2013/344,EU
ci 45425) when used as a substance in hair dye products,33239-19-9,(EC) 2013/344,EU
"2',4',5',7'-tetraiodofluorescein, its disodium salt (acid red 51",15905-32-5,(EC) 2013/344,EU
ci 45430) and its aluminium salt (pigment red 172 aluminium lake) when used as a substance in hair dye products,15905-32-5,(EC) 2013/344,EU
"2',4',5',7'-tetraiodofluorescein, its disodium salt (acid red 51",16423-68-0,(EC) 2013/344,EU
ci 45430) and its aluminium salt (pigment red 172 aluminium lake) when used as a substance in hair dye products,16423-68-0,(EC) 2013/344,EU
"2',4',5',7'-tetraiodofluorescein, its disodium salt (acid red 51",12227-78-0,(EC) 2013/344,EU
ci 45430) and its aluminium salt (pigment red 172 aluminium lake) when used as a substance in hair dye products,12227-78-0,(EC) 2013/344,EU
"1-hydroxy-2,4-diaminobenzene (2,4-diaminophenol) and its dihydrochloride salts (2,4-diaminophenol hcl) when used as a substance in hair dye products",95-86-3,(EC) 2013/344,EU
"1-hydroxy-2,4-diaminobenzene (2,4-diaminophenol) and its dihydrochloride salts (2,4-diaminophenol hcl) when used as a substance in hair dye products",137-09-7,(EC) 2013/344,EU
"1,4-dihydroxybenzene (hydroquinone), with the exception of entry 14 in annex iii",123-31-9,(EC) 2013/344,EU
"[4-[[4-anilino-1-naphthyl][4-(dimethylamino)phenyl]methylene]cyclohexa-2,5-dien-1-ylidene]dimethylammonium chloride (basic blue 26",2580-56-5,(EC) 2013/344,EU
ci 44045) when used as a substance in hair dye products,2580-56-5,(EC) 2013/344,EU
"disodium 3-[(2,4-dimethyl-5-sulphonatophenyl)azo]-4-hydroxynaphthalene-1-sulphonate (ponceaux sx",4548-53-2,(EC) 2013/344,EU
ci 14700) when used as a substance in hair dye products,4548-53-2,(EC) 2013/344,EU
"trisodium tris[5,6-dihydro-5-(hydroxyimino)-6-oxonaphthalene-2-sulphonate(2-)-n5,o6]ferrate(3-)",19381-50-1,(EC) 2013/344,EU
(acid green 1,19381-50-1,(EC) 2013/344,EU
ci 10020) when used as a substance in hair dye products,19381-50-1,(EC) 2013/344,EU
4-(phenylazo)resorcinol (solvent orange 1,2051-85-6,(EC) 2013/344,EU
"ci 11920) and its salts, when used as a substance in hair dye products",2051-85-6,(EC) 2013/344,EU
4-[(4-ethoxyphenyl)azo]naphthol (solvent red 3,6535-42-8,(EC) 2013/344,EU
"ci 12010) and its salts, when used as a substance in hair dye products",6535-42-8,(EC) 2013/344,EU
1-[(2-chloro-4-nitrophenyl)azo]-2-naphthol (pigment red 4,2814-77-9,(EC) 2013/344,EU
ci 12085) and its salts when used as a substance in hair dye products,2814-77-9,(EC) 2013/344,EU
"3-hydroxy-n-(o-tolyl)-4-[(2,4,5-trichlorophenyl)azo]naphthalene-2-carboxamide (pigment red 112",6535-46-2,(EC) 2013/344,EU
ci 12370) and its salts when used as a substance in hair dye products,6535-46-2,(EC) 2013/344,EU
"n-(5-chloro-2,4-dimethoxyphenyl)-4-[[5-[(diethylamino)sulphonyl]-2-methoxyphenyl]azo]-3-hydroxynaphthalene-2-carboxamide (pigment red 5",6410-41-9,(EC) 2013/344,EU
ci 12490) and its salts when used as a substance in hair dye products,6410-41-9,(EC) 2013/344,EU
disodium 4-[(5-chloro-4-methyl-2-sulphonatophenyl)azo]-3-hydroxy-2-naphthoate (pigment red 48,3564-21-4,(EC) 2013/344,EU
ci 15865) when used as a substance in hair dye products,3564-21-4,(EC) 2013/344,EU
calcium 3-hydroxy-4-[(1-sulphonato-2-naphthyl)azo]-2-naphthoate (pigment red 63:1,6417-83-0,(EC) 2013/344,EU
ci 15880) when used as a substance in hair dye products,6417-83-0,(EC) 2013/344,EU
"trisodium 3-hydroxy-4-(4'-sulphonatonaphthylazo)naphthalene-2,7-disulphonate (acid red 27",915-67-3,(EC) 2013/344,EU
ci 16185) when used as a substance in hair dye products,915-67-3,(EC) 2013/344,EU
"2,2'-[(3,3'-dichloro[1,1'-biphenyl]-4,4'-diyl)bis(azo)]bis[n-(2,4-dimethylphenyl)-3-oxobutyramide] (pigment yellow 13",5102-83-0,(EC) 2013/344,EU
ci 21100) when used as a substance in hair dye products,5102-83-0,(EC) 2013/344,EU
"2,2'-[cyclohexylidenebis[(2-methyl-4,1-phenylene)azo]]bis[4-cyclohexylphenol] (solvent yellow 29",6706-82-7,(EC) 2013/344,EU
ci 21230) when used as a substance in hair dye products,6706-82-7,(EC) 2013/344,EU
1-((4-phenylazo)phenylazo)-2-naphthol (solvent red 23,85-86-9,(EC) 2013/344,EU
ci 26100) when used as a substance in hair dye products,85-86-9,(EC) 2013/344,EU
"tetrasodium 6-amino-4-hydroxy-3-[[7-sulphonato-4-[(4-sulphonatophenyl)azo]-1-naphthyl]azo]naphthalene-2,7-disulphonate (food black 2",2118-39-0,(EC) 2013/344,EU
ci 27755) when used as a substance in hair dye products,2118-39-0,(EC) 2013/344,EU
"ethanaminium, n-(4-((4-diethylamino)phenyl)(2,4-disulfophenyl)methylene)-2,5-cyclohexadien-1-ylidene)-n-ethyl-, hydroxide, inner salt, sodium salt (acid blue 1",129-17-9,(EC) 2013/344,EU
ci 42045) when used as a substance in hair dye products,129-17-9,(EC) 2013/344,EU
"ethanaminium, n-(4-((4-diethylamino)phenyl)(5-hydroxy-2,4-disulfophenyl)methylene)-2,5-cyclohexadien-1-ylidene)-n-ethyl-, hydroxide, inner salt, calcium salt (2:1) (acid blue 3",3536-49-0,(EC) 2013/344,EU
ci 42051) when used as a substance in hair dye products,3536-49-0,(EC) 2013/344,EU
"benzenemethanaminium, n-ethyl-n-(4-((4-(ethyl((3-sulfophenyl)methyl)amino)phenyl)(4-hydroxy-2-sulfophenyl)methylene)-2,5-cyclohexadien-1-ylidene)-3-sulfo-, hydroxide, inner salt, disodium salt (fast green fcf",2353-45-9,(EC) 2013/344,EU
ci 42053) when used as a substance in hair dye products,2353-45-9,(EC) 2013/344,EU
"1,3-isobenzofurandione, reaction products with methylquinoline and quinoline (solvent yellow 33",8003-22-3,(EC) 2013/344,EU
ci 47000) when used as a substance in hair dye products,8003-22-3,(EC) 2013/344,EU
nigrosine (ci 50420) when used as a substance in hair dye products,8005-03-6,(EC) 2013/344,EU
"8,18-dichloro-5,15-diethyl-5,15-dihydrodiindolo[3,2-b:3',2'-m]triphenodioxazine (pigment violet 23",6358-30-1,(EC) 2013/344,EU
ci 51319) when used as a substance in hair dye products,6358-30-1,(EC) 2013/344,EU
"1,2-dihydroxyanthraquinone (pigment red 83",72-48-0,(EC) 2013/344,EU
ci 58000) when used as a substance in hair dye products,72-48-0,(EC) 2013/344,EU
"trisodium 8-hydroxypyrene-1,3,6-trisulphonate (solvent green 7",6358-69-6,(EC) 2013/344,EU
ci 59040) when used as a substance in hair dye products,6358-69-6,(EC) 2013/344,EU
1-hydroxy-4-(p-toluidino)anthraquinone (solvent violet 13,81-48-1,(EC) 2013/344,EU
ci 60725) when used as a substance in hair dye products,81-48-1,(EC) 2013/344,EU
"1,4-bis(p-tolylamino)anthraquinone (solvent green 3",128-80-3,(EC) 2013/344,EU
ci 61565) when used as a substance in hair dye products,128-80-3,(EC) 2013/344,EU
6-chloro-2-(6-chloro-4-methyl-3-oxobenzo[b]thien-2(3h)-ylidene)-4-methylbenzo[b]thiophene-3(2h)-one (vat red 1,2379-74-0,(EC) 2013/344,EU
ci 73360) when used as a substance in hair dye products,2379-74-0,(EC) 2013/344,EU
"5,12-dihydroquino[2,3-b]acridine-7,14-dione (pigment violet 19",1047-16-1,(EC) 2013/344,EU
ci 73900) when used as a substance in hair dye products,1047-16-1,(EC) 2013/344,EU
"(29h,31h-phthalocyaninato(2-)-n29,n30,n31,n32)copper (pigment blue 15",147-14-8,(EC) 2013/344,EU
ci 74160) when used as a substance in hair dye products,147-14-8,(EC) 2013/344,EU
"disodium [29h,31h-phthalocyaninedisulphonato(4-)-n29,n30,n31,n32]cuprate(2-) (direct blue 86",1330-38-7,(EC) 2013/344,EU
ci 74180) when used as a substance in hair dye products,1330-38-7,(EC) 2013/344,EU
polychloro copper phthalocyanine (pigment green 7,1328-53-6,(EC) 2013/344,EU
ci 74260) when used as a substance in hair dye products,1328-53-6,(EC) 2013/344,EU
diethylene glycol (deg),111-46-6,(EC) 2013/344,EU
"2,2'-oxydiethanol for traces level, see annex iii",111-46-6,(EC) 2013/344,EU
"phytonadione [inci], phytomenadione [inn]",84-80-0,(EC) 2013/344,EU
"phytonadione [inci], phytomenadione [inn]",81818-54-4,(EC) 2013/344,EU
2-aminophenol,95-55-6,(EC) 2013/344,EU
bis(2-hydroxyanilinium) sulfate,95-55-6,(EC) 2013/344,EU
2-aminophenol hydrochloride,95-55-6,(EC) 2013/344,EU
2-aminophenol,67845-79-8,(EC) 2013/344,EU
bis(2-hydroxyanilinium) sulfate,67845-79-8,(EC) 2013/344,EU
2-aminophenol hydrochloride,67845-79-8,(EC) 2013/344,EU
2-aminophenol,51-19-4,(EC) 2013/344,EU
bis(2-hydroxyanilinium) sulfate,51-19-4,(EC) 2013/344,EU
2-aminophenol hydrochloride,51-19-4,(EC) 2013/344,EU
n-(2-niro-4-aminophenyl)-allylamine (hc red no 16) and its salts,160219-76-1,(EU) 2013/658,EU
isopropyl 4-hydroxybenzoate (inci: isopropylparaben) sodium salt or sats of isopropylparaben,4191-73-5,(EU) 2014/358,EU
isobutyl 4-hydroxybenzoate (inci: isobutylparaben) /sodium salt or salts of isobutylparaben,4247-02-3,(EU) 2014/358,EU
phenyl 4-hydroxybenzoate (inci: phenylparaben),17696-62-7,(EU) 2014/358,EU
benzyl 4-hydroxybenzoate (inci: benzylparaben),94-18-8,(EU) 2014/358,EU
pentyl 4-hydroxybenzoate (inci: pentylparaben),6521-29-5,(EU) 2014/358,EU
3-benzylidene camphor,15087-24-8,(EU) 2015/1298,EU
3 and 4-(4-hydroxy-4-methylpentyl)cyclohex-3-ene-1-carbaldehyde,31906-04-4,(EU) 2017/1410,EU
3 and 4-(4-hydroxy-4-methylpentyl)cyclohex-3-ene-1-carbaldehyde,51414-25-6,(EU) 2017/1410,EU
"2,6-dihydroxy-4-methyl-benzaldehyde (atranol)",526-37-4,(EU) 2017/1410,EU
"3-chloro-2,6-dihydroxy-4-methyl-benzaldehyde (chloroatranol)(*)",57074-21-2,(EU) 2017/1410,EU
"tagetes erecta flower extract, tagetes erecta flower oil",90131-43-4,(EU) 2018/978,EU
"2-chlorobenzene-1,4-diamine (2-chloro-p-phenylenediamine), its sulfate and dihydrochloride salts when used as a substance in hair dye products, including eyebrow dye products, and eyelash dye products",615-66-7,(EU) 2019/681,EU
"2-chlorobenzene-1,4-diamine (2-chloro-p-phenylenediamine), its sulfate and dihydrochloride salts when used as a substance in hair dye products, including eyebrow dye products, and eyelash dye products",61702-44-1,(EU) 2019/681,EU
"2-chlorobenzene-1,4-diamine (2-chloro-p-phenylenediamine), its sulfate and dihydrochloride salts when used as a substance in hair dye products, including eyebrow dye products, and eyelash dye products",615-46-3,(EU) 2019/681,EU
"cis-1-(3-chloroallyl)-3,5,7- triaza-1-azoniaadamantane chloride (cis-ctac)",51229-78-8,(EU) 2019/831,EU
"cis-1-(3-chlorallyl)-3,5,7-triaza-1-azoniaadamantane chloride (cis-ctac), quaternium-15",51229-78-8,(EU) 2019/831,EU
2-chloracetamide,79-07-2,(EU) 2019/831,EU
octamethylcyclotetrasiloxane,556-67-2,(EU) 2019/831,EU
d4,556-67-2,(EU) 2019/831,EU
dichloromethane,75-09-2,(EU) 2019/831,EU
methylene chloride,75-09-2,(EU) 2019/831,EU
"2,2'-((3,3',5,5'-tetramethyl-(1,1'-biphenyl)-4,4'-diyl)-bis(oxymethylene))-bis-oxirane",85954-11-6,(EU) 2019/831,EU
acetaldehyde,75-07-0,(EU) 2019/831,EU
ethanal,75-07-0,(EU) 2019/831,EU
"1-cyclopropyl-6,7-difluoro-1,4-dihydro-4-oxoquinoline-3-carboxylic acid",93107-30-3,(EU) 2019/831,EU
n-methyl-2-pyrrolidone,872-50-4,(EU) 2019/831,EU
1-methyl-2-pyrrolidone,872-50-4,(EU) 2019/831,EU
diboron trioxide,1303-86-2,(EU) 2019/831,EU
boric oxide,1303-86-2,(EU) 2019/831,EU
boric acid,10043-35-3,(EU) 2019/831,EU
boric acid,11113-50-1,(EU) 2019/831,EU
"borates, tetraborates, octaborates and boric acid salts and esters, including:",12008-41-2,(EU) 2019/1966,EU
disodium octaborate anhydrous,12008-41-2,(EU) 2019/1966,EU
disodium octaborate tetrahydrate,12008-41-2,(EU) 2019/1966,EU
"2-aminoethanol, monoester with boric acid",12008-41-2,(EU) 2019/1966,EU
2-hydroxypropyl ammonium dihydrogen orthoborate,12008-41-2,(EU) 2019/1966,EU
"potassium borate, boric acid potassium salt",12008-41-2,(EU) 2019/1966,EU
trioctyldodecyl borate,12008-41-2,(EU) 2019/1966,EU
zinc borate,12008-41-2,(EU) 2019/1966,EU
"sodium borate, disodium tetraborate anhydrous",12008-41-2,(EU) 2019/1966,EU
"boric acid, sodium salt",12008-41-2,(EU) 2019/1966,EU
"tetraboron disodium heptaoxide, hydrate",12008-41-2,(EU) 2019/1966,EU
"orthoboric acid, sodium salt",12008-41-2,(EU) 2019/1966,EU
disodium tetraborate decahydrate,12008-41-2,(EU) 2019/1966,EU
borax decahydrate,12008-41-2,(EU) 2019/1966,EU
disodium tetraborate pentahydrate,12008-41-2,(EU) 2019/1966,EU
borax pentahydrate,12008-41-2,(EU) 2019/1966,EU
"borates, tetraborates, octaborates and boric acid salts and esters, including:",12280-03-4,(EU) 2019/1966,EU
disodium octaborate anhydrous,12280-03-4,(EU) 2019/1966,EU
disodium octaborate tetrahydrate,12280-03-4,(EU) 2019/1966,EU
"2-aminoethanol, monoester with boric acid",12280-03-4,(EU) 2019/1966,EU
2-hydroxypropyl ammonium dihydrogen orthoborate,12280-03-4,(EU) 2019/1966,EU
"potassium borate, boric acid potassium salt",12280-03-4,(EU) 2019/1966,EU
trioctyldodecyl borate,12280-03-4,(EU) 2019/1966,EU
zinc borate,12280-03-4,(EU) 2019/1966,EU
"sodium borate, disodium tetraborate anhydrous",12280-03-4,(EU) 2019/1966,EU
"boric acid, sodium salt",12280-03-4,(EU) 2019/1966,EU
"tetraboron disodium heptaoxide, hydrate",12280-03-4,(EU) 2019/1966,EU
"orthoboric acid, sodium salt",12280-03-4,(EU) 2019/1966,EU
disodium tetraborate decahydrate,12280-03-4,(EU) 2019/1966,EU
borax decahydrate,12280-03-4,(EU) 2019/1966,EU
disodium tetraborate pentahydrate,12280-03-4,(EU) 2019/1966,EU
borax pentahydrate,12280-03-4,(EU) 2019/1966,EU
"borates, tetraborates, octaborates and boric acid salts and esters, including:",10377-81-8,(EU) 2019/1966,EU
disodium octaborate anhydrous,10377-81-8,(EU) 2019/1966,EU
disodium octaborate tetrahydrate,10377-81-8,(EU) 2019/1966,EU
"2-aminoethanol, monoester with boric acid",10377-81-8,(EU) 2019/1966,EU
2-hydroxypropyl ammonium dihydrogen orthoborate,10377-81-8,(EU) 2019/1966,EU
"potassium borate, boric acid potassium salt",10377-81-8,(EU) 2019/1966,EU
trioctyldodecyl borate,10377-81-8,(EU) 2019/1966,EU
zinc borate,10377-81-8,(EU) 2019/1966,EU
"sodium borate, disodium tetraborate anhydrous",10377-81-8,(EU) 2019/1966,EU
"boric acid, sodium salt",10377-81-8,(EU) 2019/1966,EU
"tetraboron disodium heptaoxide, hydrate",10377-81-8,(EU) 2019/1966,EU
"orthoboric acid, sodium salt",10377-81-8,(EU) 2019/1966,EU
disodium tetraborate decahydrate,10377-81-8,(EU) 2019/1966,EU
borax decahydrate,10377-81-8,(EU) 2019/1966,EU
disodium tetraborate pentahydrate,10377-81-8,(EU) 2019/1966,EU
borax pentahydrate,10377-81-8,(EU) 2019/1966,EU
"borates, tetraborates, octaborates and boric acid salts and esters, including:",68003-13-4,(EU) 2019/1966,EU
disodium octaborate anhydrous,68003-13-4,(EU) 2019/1966,EU
disodium octaborate tetrahydrate,68003-13-4,(EU) 2019/1966,EU
"2-aminoethanol, monoester with boric acid",68003-13-4,(EU) 2019/1966,EU
2-hydroxypropyl ammonium dihydrogen orthoborate,68003-13-4,(EU) 2019/1966,EU
"potassium borate, boric acid potassium salt",68003-13-4,(EU) 2019/1966,EU
trioctyldodecyl borate,68003-13-4,(EU) 2019/1966,EU
zinc borate,68003-13-4,(EU) 2019/1966,EU
"sodium borate, disodium tetraborate anhydrous",68003-13-4,(EU) 2019/1966,EU
"boric acid, sodium salt",68003-13-4,(EU) 2019/1966,EU
"tetraboron disodium heptaoxide, hydrate",68003-13-4,(EU) 2019/1966,EU
"orthoboric acid, sodium salt",68003-13-4,(EU) 2019/1966,EU
disodium tetraborate decahydrate,68003-13-4,(EU) 2019/1966,EU
borax decahydrate,68003-13-4,(EU) 2019/1966,EU
disodium tetraborate pentahydrate,68003-13-4,(EU) 2019/1966,EU
borax pentahydrate,68003-13-4,(EU) 2019/1966,EU
"borates, tetraborates, octaborates and boric acid salts and esters, including:",12712-38-8,(EU) 2019/1966,EU
disodium octaborate anhydrous,12712-38-8,(EU) 2019/1966,EU
disodium octaborate tetrahydrate,12712-38-8,(EU) 2019/1966,EU
"2-aminoethanol, monoester with boric acid",12712-38-8,(EU) 2019/1966,EU
2-hydroxypropyl ammonium dihydrogen orthoborate,12712-38-8,(EU) 2019/1966,EU
"potassium borate, boric acid potassium salt",12712-38-8,(EU) 2019/1966,EU
trioctyldodecyl borate,12712-38-8,(EU) 2019/1966,EU
zinc borate,12712-38-8,(EU) 2019/1966,EU
"sodium borate, disodium tetraborate anhydrous",12712-38-8,(EU) 2019/1966,EU
"boric acid, sodium salt",12712-38-8,(EU) 2019/1966,EU
"tetraboron disodium heptaoxide, hydrate",12712-38-8,(EU) 2019/1966,EU
"orthoboric acid, sodium salt",12712-38-8,(EU) 2019/1966,EU
disodium tetraborate decahydrate,12712-38-8,(EU) 2019/1966,EU
borax decahydrate,12712-38-8,(EU) 2019/1966,EU
disodium tetraborate pentahydrate,12712-38-8,(EU) 2019/1966,EU
borax pentahydrate,12712-38-8,(EU) 2019/1966,EU
"borates, tetraborates, octaborates and boric acid salts and esters, including:",1332-07-6,(EU) 2019/1966,EU
disodium octaborate anhydrous,1332-07-6,(EU) 2019/1966,EU
disodium octaborate tetrahydrate,1332-07-6,(EU) 2019/1966,EU
"2-aminoethanol, monoester with boric acid",1332-07-6,(EU) 2019/1966,EU
2-hydroxypropyl ammonium dihydrogen orthoborate,1332-07-6,(EU) 2019/1966,EU
"potassium borate, boric acid potassium salt",1332-07-6,(EU) 2019/1966,EU
trioctyldodecyl borate,1332-07-6,(EU) 2019/1966,EU
zinc borate,1332-07-6,(EU) 2019/1966,EU
"sodium borate, disodium tetraborate anhydrous",1332-07-6,(EU) 2019/1966,EU
"boric acid, sodium salt",1332-07-6,(EU) 2019/1966,EU
"tetraboron disodium heptaoxide, hydrate",1332-07-6,(EU) 2019/1966,EU
"orthoboric acid, sodium salt",1332-07-6,(EU) 2019/1966,EU
disodium tetraborate decahydrate,1332-07-6,(EU) 2019/1966,EU
borax decahydrate,1332-07-6,(EU) 2019/1966,EU
disodium tetraborate pentahydrate,1332-07-6,(EU) 2019/1966,EU
borax pentahydrate,1332-07-6,(EU) 2019/1966,EU
"borates, tetraborates, octaborates and boric acid salts and esters, including:",1330-43-4,(EU) 2019/1966,EU
disodium octaborate anhydrous,1330-43-4,(EU) 2019/1966,EU
disodium octaborate tetrahydrate,1330-43-4,(EU) 2019/1966,EU
"2-aminoethanol, monoester with boric acid",1330-43-4,(EU) 2019/1966,EU
2-hydroxypropyl ammonium dihydrogen orthoborate,1330-43-4,(EU) 2019/1966,EU
"potassium borate, boric acid potassium salt",1330-43-4,(EU) 2019/1966,EU
trioctyldodecyl borate,1330-43-4,(EU) 2019/1966,EU
zinc borate,1330-43-4,(EU) 2019/1966,EU
"sodium borate, disodium tetraborate anhydrous",1330-43-4,(EU) 2019/1966,EU
"boric acid, sodium salt",1330-43-4,(EU) 2019/1966,EU
"tetraboron disodium heptaoxide, hydrate",1330-43-4,(EU) 2019/1966,EU
"orthoboric acid, sodium salt",1330-43-4,(EU) 2019/1966,EU
disodium tetraborate decahydrate,1330-43-4,(EU) 2019/1966,EU
borax decahydrate,1330-43-4,(EU) 2019/1966,EU
disodium tetraborate pentahydrate,1330-43-4,(EU) 2019/1966,EU
borax pentahydrate,1330-43-4,(EU) 2019/1966,EU
"borates, tetraborates, octaborates and boric acid salts and esters, including:",12267-73-1,(EU) 2019/1966,EU
disodium octaborate anhydrous,12267-73-1,(EU) 2019/1966,EU
disodium octaborate tetrahydrate,12267-73-1,(EU) 2019/1966,EU
"2-aminoethanol, monoester with boric acid",12267-73-1,(EU) 2019/1966,EU
2-hydroxypropyl ammonium dihydrogen orthoborate,12267-73-1,(EU) 2019/1966,EU
"potassium borate, boric acid potassium salt",12267-73-1,(EU) 2019/1966,EU
trioctyldodecyl borate,12267-73-1,(EU) 2019/1966,EU
zinc borate,12267-73-1,(EU) 2019/1966,EU
"sodium borate, disodium tetraborate anhydrous",12267-73-1,(EU) 2019/1966,EU
"boric acid, sodium salt",12267-73-1,(EU) 2019/1966,EU
"tetraboron disodium heptaoxide, hydrate",12267-73-1,(EU) 2019/1966,EU
"orthoboric acid, sodium salt",12267-73-1,(EU) 2019/1966,EU
disodium tetraborate decahydrate,12267-73-1,(EU) 2019/1966,EU
borax decahydrate,12267-73-1,(EU) 2019/1966,EU
disodium tetraborate pentahydrate,12267-73-1,(EU) 2019/1966,EU
borax pentahydrate,12267-73-1,(EU) 2019/1966,EU
"borates, tetraborates, octaborates and boric acid salts and esters, including:",13840-56-7,(EU) 2019/1966,EU
disodium octaborate anhydrous,13840-56-7,(EU) 2019/1966,EU
disodium octaborate tetrahydrate,13840-56-7,(EU) 2019/1966,EU
"2-aminoethanol, monoester with boric acid",13840-56-7,(EU) 2019/1966,EU
2-hydroxypropyl ammonium dihydrogen orthoborate,13840-56-7,(EU) 2019/1966,EU
"potassium borate, boric acid potassium salt",13840-56-7,(EU) 2019/1966,EU
trioctyldodecyl borate,13840-56-7,(EU) 2019/1966,EU
zinc borate,13840-56-7,(EU) 2019/1966,EU
"sodium borate, disodium tetraborate anhydrous",13840-56-7,(EU) 2019/1966,EU
"boric acid, sodium salt",13840-56-7,(EU) 2019/1966,EU
"tetraboron disodium heptaoxide, hydrate",13840-56-7,(EU) 2019/1966,EU
"orthoboric acid, sodium salt",13840-56-7,(EU) 2019/1966,EU
disodium tetraborate decahydrate,13840-56-7,(EU) 2019/1966,EU
borax decahydrate,13840-56-7,(EU) 2019/1966,EU
disodium tetraborate pentahydrate,13840-56-7,(EU) 2019/1966,EU
borax pentahydrate,13840-56-7,(EU) 2019/1966,EU
"borates, tetraborates, octaborates and boric acid salts and esters, including:",1303-96-4,(EU) 2019/1966,EU
disodium octaborate anhydrous,1303-96-4,(EU) 2019/1966,EU
disodium octaborate tetrahydrate,1303-96-4,(EU) 2019/1966,EU
"2-aminoethanol, monoester with boric acid",1303-96-4,(EU) 2019/1966,EU
2-hydroxypropyl ammonium dihydrogen orthoborate,1303-96-4,(EU) 2019/1966,EU
"potassium borate, boric acid potassium salt",1303-96-4,(EU) 2019/1966,EU
trioctyldodecyl borate,1303-96-4,(EU) 2019/1966,EU
zinc borate,1303-96-4,(EU) 2019/1966,EU
"sodium borate, disodium tetraborate anhydrous",1303-96-4,(EU) 2019/1966,EU
"boric acid, sodium salt",1303-96-4,(EU) 2019/1966,EU
"tetraboron disodium heptaoxide, hydrate",1303-96-4,(EU) 2019/1966,EU
"orthoboric acid, sodium salt",1303-96-4,(EU) 2019/1966,EU
disodium tetraborate decahydrate,1303-96-4,(EU) 2019/1966,EU
borax decahydrate,1303-96-4,(EU) 2019/1966,EU
disodium tetraborate pentahydrate,1303-96-4,(EU) 2019/1966,EU
borax pentahydrate,1303-96-4,(EU) 2019/1966,EU
"borates, tetraborates, octaborates and boric acid salts and esters, including:",12179-04-3,(EU) 2019/1966,EU
disodium octaborate anhydrous,12179-04-3,(EU) 2019/1966,EU
disodium octaborate tetrahydrate,12179-04-3,(EU) 2019/1966,EU
"2-aminoethanol, monoester with boric acid",12179-04-3,(EU) 2019/1966,EU
2-hydroxypropyl ammonium dihydrogen orthoborate,12179-04-3,(EU) 2019/1966,EU
"potassium borate, boric acid potassium salt",12179-04-3,(EU) 2019/1966,EU
trioctyldodecyl borate,12179-04-3,(EU) 2019/1966,EU
zinc borate,12179-04-3,(EU) 2019/1966,EU
"sodium borate, disodium tetraborate anhydrous",12179-04-3,(EU) 2019/1966,EU
"boric acid, sodium salt",12179-04-3,(EU) 2019/1966,EU
"tetraboron disodium heptaoxide, hydrate",12179-04-3,(EU) 2019/1966,EU
"orthoboric acid, sodium salt",12179-04-3,(EU) 2019/1966,EU
disodium tetraborate decahydrate,12179-04-3,(EU) 2019/1966,EU
borax decahydrate,12179-04-3,(EU) 2019/1966,EU
disodium tetraborate pentahydrate,12179-04-3,(EU) 2019/1966,EU
borax pentahydrate,12179-04-3,(EU) 2019/1966,EU
"perboric acid (h3bo2(o2)), monosodium salt trihydrate",13517-20-9,(EU) 2026/78,EU
"perboric acid, sodium salt, tetrahydrate",13517-20-9,(EU) 2026/78,EU
"perboric acid (hbo(o2)), sodium salt, tetrahydrate",13517-20-9,(EU) 2026/78,EU
"sodium peroxoborate, hexahydrate",13517-20-9,(EU) 2026/78,EU
sodium perborate,13517-20-9,(EU) 2026/78,EU
sodium peroxometaborate,13517-20-9,(EU) 2026/78,EU
sodium peroxoborate,13517-20-9,(EU) 2026/78,EU
"perboric acid, sodium salt",13517-20-9,(EU) 2026/78,EU
"perboric acid, sodium salt, monohydrate",13517-20-9,(EU) 2026/78,EU
"perboric acid (hbo(o2)), sodium salt, monohydrate",13517-20-9,(EU) 2026/78,EU
trimethyl borate,13517-20-9,(EU) 2026/78,EU
"perboric acid (h3bo2(o2)), monosodium salt trihydrate",37244-98-7,(EU) 2026/78,EU
"perboric acid, sodium salt, tetrahydrate",37244-98-7,(EU) 2026/78,EU
"perboric acid (hbo(o2)), sodium salt, tetrahydrate",37244-98-7,(EU) 2026/78,EU
"sodium peroxoborate, hexahydrate",37244-98-7,(EU) 2026/78,EU
sodium perborate,37244-98-7,(EU) 2026/78,EU
sodium peroxometaborate,37244-98-7,(EU) 2026/78,EU
sodium peroxoborate,37244-98-7,(EU) 2026/78,EU
"perboric acid, sodium salt",37244-98-7,(EU) 2026/78,EU
"perboric acid, sodium salt, monohydrate",37244-98-7,(EU) 2026/78,EU
"perboric acid (hbo(o2)), sodium salt, monohydrate",37244-98-7,(EU) 2026/78,EU
trimethyl borate,37244-98-7,(EU) 2026/78,EU
"perboric acid (h3bo2(o2)), monosodium salt trihydrate",10486-00-7,(EU) 2026/78,EU
"perboric acid, sodium salt, tetrahydrate",10486-00-7,(EU) 2026/78,EU
"perboric acid (hbo(o2)), sodium salt, tetrahydrate",10486-00-7,(EU) 2026/78,EU
"sodium peroxoborate, hexahydrate",10486-00-7,(EU) 2026/78,EU
sodium perborate,10486-00-7,(EU) 2026/78,EU
sodium peroxometaborate,10486-00-7,(EU) 2026/78,EU
sodium peroxoborate,10486-00-7,(EU) 2026/78,EU
"perboric acid, sodium salt",10486-00-7,(EU) 2026/78,EU
"perboric acid, sodium salt, monohydrate",10486-00-7,(EU) 2026/78,EU
"perboric acid (hbo(o2)), sodium salt, monohydrate",10486-00-7,(EU) 2026/78,EU
trimethyl borate,10486-00-7,(EU) 2026/78,EU
"perboric acid (h3bo2(o2)), monosodium salt trihydrate",15120-21-5,(EU) 2026/78,EU
"perboric acid, sodium salt, tetrahydrate",15120-21-5,(EU) 2026/78,EU
"perboric acid (hbo(o2)), sodium salt, tetrahydrate",15120-21-5,(EU) 2026/78,EU
"sodium peroxoborate, hexahydrate",15120-21-5,(EU) 2026/78,EU
sodium perborate,15120-21-5,(EU) 2026/78,EU
sodium peroxometaborate,15120-21-5,(EU) 2026/78,EU
sodium peroxoborate,15120-21-5,(EU) 2026/78,EU
"perboric acid, sodium salt",15120-21-5,(EU) 2026/78,EU
"perboric acid, sodium salt, monohydrate",15120-21-5,(EU) 2026/78,EU
"perboric acid (hbo(o2)), sodium salt, monohydrate",15120-21-5,(EU) 2026/78,EU
trimethyl borate,15120-21-5,(EU) 2026/78,EU
"perboric acid (h3bo2(o2)), monosodium salt trihydrate",7632-04-4,(EU) 2026/78,EU
"perboric acid, sodium salt, tetrahydrate",7632-04-4,(EU) 2026/78,EU
"perboric acid (hbo(o2)), sodium salt, tetrahydrate",7632-04-4,(EU) 2026/78,EU
"sodium peroxoborate, hexahydrate",7632-04-4,(EU) 2026/78,EU
sodium perborate,7632-04-4,(EU) 2026/78,EU
sodium peroxometaborate,7632-04-4,(EU) 2026/78,EU
sodium peroxoborate,7632-04-4,(EU) 2026/78,EU
"perboric acid, sodium salt",7632-04-4,(EU) 2026/78,EU
"perboric acid, sodium salt, monohydrate",7632-04-4,(EU) 2026/78,EU
"perboric acid (hbo(o2)), sodium salt, monohydrate",7632-04-4,(EU) 2026/78,EU
trimethyl borate,7632-04-4,(EU) 2026/78,EU
"perboric acid (h3bo2(o2)), monosodium salt trihydrate",10332-33-9,(EU) 2026/78,EU
"perboric acid, sodium salt, tetrahydrate",10332-33-9,(EU) 2026/78,EU
"perboric acid (hbo(o2)), sodium salt, tetrahydrate",10332-33-9,(EU) 2026/78,EU
"sodium peroxoborate, hexahydrate",10332-33-9,(EU) 2026/78,EU
sodium perborate,10332-33-9,(EU) 2026/78,EU
sodium peroxometaborate,10332-33-9,(EU) 2026/78,EU
sodium peroxoborate,10332-33-9,(EU) 2026/78,EU
"perboric acid, sodium salt",10332-33-9,(EU) 2026/78,EU
"perboric acid, sodium salt, monohydrate",10332-33-9,(EU) 2026/78,EU
"perboric acid (hbo(o2)), sodium salt, monohydrate",10332-33-9,(EU) 2026/78,EU
trimethyl borate,10332-33-9,(EU) 2026/78,EU
"perboric acid (h3bo2(o2)), monosodium salt trihydrate",11138-47-9,(EU) 2026/78,EU
"perboric acid, sodium salt, tetrahydrate",11138-47-9,(EU) 2026/78,EU
"perboric acid (hbo(o2)), sodium salt, tetrahydrate",11138-47-9,(EU) 2026/78,EU
"sodium peroxoborate, hexahydrate",11138-47-9,(EU) 2026/78,EU
sodium perborate,11138-47-9,(EU) 2026/78,EU
sodium peroxometaborate,11138-47-9,(EU) 2026/78,EU
sodium peroxoborate,11138-47-9,(EU) 2026/78,EU
"perboric acid, sodium salt",11138-47-9,(EU) 2026/78,EU
"perboric acid, sodium salt, monohydrate",11138-47-9,(EU) 2026/78,EU
"perboric acid (hbo(o2)), sodium salt, monohydrate",11138-47-9,(EU) 2026/78,EU
trimethyl borate,11138-47-9,(EU) 2026/78,EU
"perboric acid (h3bo2(o2)), monosodium salt trihydrate",12040-72-1,(EU) 2026/78,EU
"perboric acid, sodium salt, tetrahydrate",12040-72-1,(EU) 2026/78,EU
"perboric acid (hbo(o2)), sodium salt, tetrahydrate",12040-72-1,(EU) 2026/78,EU
"sodium peroxoborate, hexahydrate",12040-72-1,(EU) 2026/78,EU
sodium perborate,12040-72-1,(EU) 2026/78,EU
sodium peroxometaborate,12040-72-1,(EU) 2026/78,EU
sodium peroxoborate,12040-72-1,(EU) 2026/78,EU
"perboric acid, sodium salt",12040-72-1,(EU) 2026/78,EU
"perboric acid, sodium salt, monohydrate",12040-72-1,(EU) 2026/78,EU
"perboric acid (hbo(o2)), sodium salt, monohydrate",12040-72-1,(EU) 2026/78,EU
trimethyl borate,12040-72-1,(EU) 2026/78,EU
"perboric acid (h3bo2(o2)), monosodium salt trihydrate",121-43-7,(EU) 2026/78,EU
"perboric acid, sodium salt, tetrahydrate",121-43-7,(EU) 2026/78,EU
"perboric acid (hbo(o2)), sodium salt, tetrahydrate",121-43-7,(EU) 2026/78,EU
"sodium peroxoborate, hexahydrate",121-43-7,(EU) 2026/78,EU
sodium perborate,121-43-7,(EU) 2026/78,EU
sodium peroxometaborate,121-43-7,(EU) 2026/78,EU
sodium peroxoborate,121-43-7,(EU) 2026/78,EU
"perboric acid, sodium salt",121-43-7,(EU) 2026/78,EU
"perboric acid, sodium salt, monohydrate",121-43-7,(EU) 2026/78,EU
"perboric acid (hbo(o2)), sodium salt, monohydrate",121-43-7,(EU) 2026/78,EU
trimethyl borate,121-43-7,(EU) 2026/78,EU
dibutyltin hydrogen borate,75113-37-0,(EU) 2019/831,EU
nickel bis(tetrafluoroborate),14708-14-6,(EU) 2019/831,EU
mancozeb (iso),8018-01-7,(EU) 2019/831,EU
manganese ethylenebis(dithiocarbamate) (polymeric) complex with zinc salt,8018-01-7,(EU) 2019/831,EU
maneb (iso),12427-38-2,(EU) 2019/831,EU
manganese ethylenebis(dithiocarbamate) (polymeric),12427-38-2,(EU) 2019/831,EU
benfuracarb (iso),82560-54-1,(EU) 2019/831,EU
"ethyl n-[2,3-dihydro-2,2-dimethylbenzofuran-7-yloxycarbonyl(methyl)aminothio]-n-isopropyl- ß-alaninate",82560-54-1,(EU) 2019/831,EU
o-isobutyl-n-ethoxy carbonylthiocarbamate,103122-66-3,(EU) 2019/831,EU
chlorpropham (iso),101-21-3,(EU) 2019/831,EU
isopropyl 3-chlorocarbanilate,101-21-3,(EU) 2019/831,EU
o-hexyl-n-ethoxycarbonylthiocarbamate,109202-58-6,(EU) 2019/831,EU
hydroxylammonium nitrate,13465-08-2,(EU) 2019/831,EU
(4-ethoxyphenyl)(3-(4-fluoro-3-phenoxyphenyl)propyl)dimethylsilane,105024-66-6,(EU) 2019/831,EU
phoxim (iso),14816-18-3,(EU) 2019/831,EU
a-(diethoxy-phosphinothioylimino) phenylacetonitrile,14816-18-3,(EU) 2019/831,EU
glufosinate ammonium (iso),77182-82-2,(EU) 2019/831,EU
ammonium 2-amino-4-(hydroxymethylphosphinyl)butyrate,77182-82-2,(EU) 2019/831,EU
reaction mass of: dimethyl (2-(hydroxymethylcarbamoyl)ethyl)phosphonate,,(EU) 2019/831,EU
diethyl (2-(hydroxymethylcarbamoyl)ethyl)phosphonate,,(EU) 2019/831,EU
methyl ethyl (2-(hydroxymethylcarbamoyl)ethyl)phosphonate,,(EU) 2019/831,EU
(4-phenylbutyl)phosphinic acid,86552-32-1,(EU) 2019/831,EU
"reaction mass of: 4,7-bis(mercaptomethyl)-3,6,9-trithia-1,11-undecanedithiol",170016-25-8,(EU) 2019/831,EU
"4,8-bis(mercaptomethyl)-3,6,9-trithia-1,11-undecanedithiol",170016-25-8,(EU) 2019/831,EU
"5,7-bis(mercaptomethyl)-3,6,9-trithia-1,11-undecanedithiol",170016-25-8,(EU) 2019/831,EU
potassium titanium oxide (k2ti6o13),12056-51-8,(EU) 2019/831,EU
cobalt di(acetate),71-48-7,(EU) 2019/831,EU
cobalt dinitrate,10141-05-6,(EU) 2019/831,EU
cobalt carbonate,513-79-1,(EU) 2019/831,EU
nickel dichloride,7718-54-9,(EU) 2019/831,EU
nickel dinitrate,13138-45-9,(EU) 2019/831,EU
"nitric acid, nickel salt",13138-45-9,(EU) 2019/831,EU
nickel dinitrate,14216-75-2,(EU) 2019/831,EU
"nitric acid, nickel salt",14216-75-2,(EU) 2019/831,EU
nickel matte,69012-50-6,(EU) 2019/831,EU
"slimes and sludges, copper electrolytic refining, decopperised, nickel sulfate",92129-57-2,(EU) 2019/831,EU
"slimes and sludges, copper electrolyte refining, decopperised",94551-87-8,(EU) 2019/831,EU
nickel diperchlorate,13637-71-3,(EU) 2019/831,EU
"perchloric acid, nickel(ii) salt",13637-71-3,(EU) 2019/831,EU
nickel dipotassium bis(sulfate),13842-46-1,(EU) 2019/831,EU
diammonium nickel bis(sulfate),13842-46-1,(EU) 2019/831,EU
nickel dipotassium bis(sulfate),15699-18-0,(EU) 2019/831,EU
diammonium nickel bis(sulfate),15699-18-0,(EU) 2019/831,EU
nickel bis(sulfamidate),13770-89-3,(EU) 2019/831,EU
nickel sulfamate,13770-89-3,(EU) 2019/831,EU
nickel diformate,3349-06-2,(EU) 2019/831,EU
"formic acid, nickel salt",3349-06-2,(EU) 2019/831,EU
"formic acid, copper nickel salt",3349-06-2,(EU) 2019/831,EU
nickel diformate,15843-02-4,(EU) 2019/831,EU
"formic acid, nickel salt",15843-02-4,(EU) 2019/831,EU
"formic acid, copper nickel salt",15843-02-4,(EU) 2019/831,EU
nickel diformate,68134-59-8,(EU) 2019/831,EU
"formic acid, nickel salt",68134-59-8,(EU) 2019/831,EU
"formic acid, copper nickel salt",68134-59-8,(EU) 2019/831,EU
nickel di(acetate),373-02-4,(EU) 2019/831,EU
nickel acetate,373-02-4,(EU) 2019/831,EU
nickel di(acetate),14998-37-9,(EU) 2019/831,EU
nickel acetate,14998-37-9,(EU) 2019/831,EU
nickel dibenzoate,553-71-9,(EU) 2019/831,EU
nickel bis(4-cyclohexylbutyrate),3906-55-6,(EU) 2019/831,EU
nickel(ii) stearate,2223-95-2,(EU) 2019/831,EU
nickel(ii) octadecanoate,2223-95-2,(EU) 2019/831,EU
nickel dilactate,16039-61-5,(EU) 2019/831,EU
nickel(ii) octanoate,4995-91-9,(EU) 2019/831,EU
nickel difluoride,10028-18-9,(EU) 2019/831,EU
nickel dibromide,10028-18-9,(EU) 2019/831,EU
nickel diiodide,10028-18-9,(EU) 2019/831,EU
nickel potassium fluoride,10028-18-9,(EU) 2019/831,EU
nickel difluoride,13462-88-9,(EU) 2019/831,EU
nickel dibromide,13462-88-9,(EU) 2019/831,EU
nickel diiodide,13462-88-9,(EU) 2019/831,EU
nickel potassium fluoride,13462-88-9,(EU) 2019/831,EU
nickel difluoride,13462-90-3,(EU) 2019/831,EU
nickel dibromide,13462-90-3,(EU) 2019/831,EU
nickel diiodide,13462-90-3,(EU) 2019/831,EU
nickel potassium fluoride,13462-90-3,(EU) 2019/831,EU
nickel difluoride,11132-10-8,(EU) 2019/831,EU
nickel dibromide,11132-10-8,(EU) 2019/831,EU
nickel diiodide,11132-10-8,(EU) 2019/831,EU
nickel potassium fluoride,11132-10-8,(EU) 2019/831,EU
nickel hexafluorosilicate,26043-11-8,(EU) 2019/831,EU
nickel selenate,15060-62-5,(EU) 2019/831,EU
nickel hydrogen phosphate,14332-34-4,(EU) 2019/831,EU
nickel bis(dihydrogen phosphate),14332-34-4,(EU) 2019/831,EU
trinickel bis(orthophosphate),14332-34-4,(EU) 2019/831,EU
dinickel diphosphate,14332-34-4,(EU) 2019/831,EU
nickel bis(phosphinate),14332-34-4,(EU) 2019/831,EU
nickel phosphinate,14332-34-4,(EU) 2019/831,EU
"phosphoric acid, calcium nickel salt",14332-34-4,(EU) 2019/831,EU
"diphosphoric acid, nickel(ii) salt",14332-34-4,(EU) 2019/831,EU
nickel hydrogen phosphate,18718-11-1,(EU) 2019/831,EU
nickel bis(dihydrogen phosphate),18718-11-1,(EU) 2019/831,EU
trinickel bis(orthophosphate),18718-11-1,(EU) 2019/831,EU
dinickel diphosphate,18718-11-1,(EU) 2019/831,EU
nickel bis(phosphinate),18718-11-1,(EU) 2019/831,EU
nickel phosphinate,18718-11-1,(EU) 2019/831,EU
"phosphoric acid, calcium nickel salt",18718-11-1,(EU) 2019/831,EU
"diphosphoric acid, nickel(ii) salt",18718-11-1,(EU) 2019/831,EU
nickel hydrogen phosphate,10381-36-9,(EU) 2019/831,EU
nickel bis(dihydrogen phosphate),10381-36-9,(EU) 2019/831,EU
trinickel bis(orthophosphate),10381-36-9,(EU) 2019/831,EU
dinickel diphosphate,10381-36-9,(EU) 2019/831,EU
nickel bis(phosphinate),10381-36-9,(EU) 2019/831,EU
nickel phosphinate,10381-36-9,(EU) 2019/831,EU
"phosphoric acid, calcium nickel salt",10381-36-9,(EU) 2019/831,EU
"diphosphoric acid, nickel(ii) salt",10381-36-9,(EU) 2019/831,EU
nickel hydrogen phosphate,14448-18-1,(EU) 2019/831,EU
nickel bis(dihydrogen phosphate),14448-18-1,(EU) 2019/831,EU
trinickel bis(orthophosphate),14448-18-1,(EU) 2019/831,EU
dinickel diphosphate,14448-18-1,(EU) 2019/831,EU
nickel bis(phosphinate),14448-18-1,(EU) 2019/831,EU
nickel phosphinate,14448-18-1,(EU) 2019/831,EU
"phosphoric acid, calcium nickel salt",14448-18-1,(EU) 2019/831,EU
"diphosphoric acid, nickel(ii) salt",14448-18-1,(EU) 2019/831,EU
nickel hydrogen phosphate,14507-36-9,(EU) 2019/831,EU
nickel bis(dihydrogen phosphate),14507-36-9,(EU) 2019/831,EU
trinickel bis(orthophosphate),14507-36-9,(EU) 2019/831,EU
dinickel diphosphate,14507-36-9,(EU) 2019/831,EU
nickel bis(phosphinate),14507-36-9,(EU) 2019/831,EU
nickel phosphinate,14507-36-9,(EU) 2019/831,EU
"phosphoric acid, calcium nickel salt",14507-36-9,(EU) 2019/831,EU
"diphosphoric acid, nickel(ii) salt",14507-36-9,(EU) 2019/831,EU
nickel hydrogen phosphate,36026-88-7,(EU) 2019/831,EU
nickel bis(dihydrogen phosphate),36026-88-7,(EU) 2019/831,EU
trinickel bis(orthophosphate),36026-88-7,(EU) 2019/831,EU
dinickel diphosphate,36026-88-7,(EU) 2019/831,EU
nickel bis(phosphinate),36026-88-7,(EU) 2019/831,EU
nickel phosphinate,36026-88-7,(EU) 2019/831,EU
"phosphoric acid, calcium nickel salt",36026-88-7,(EU) 2019/831,EU
"diphosphoric acid, nickel(ii) salt",36026-88-7,(EU) 2019/831,EU
nickel hydrogen phosphate,17169-61-8,(EU) 2019/831,EU
nickel bis(dihydrogen phosphate),17169-61-8,(EU) 2019/831,EU
trinickel bis(orthophosphate),17169-61-8,(EU) 2019/831,EU
dinickel diphosphate,17169-61-8,(EU) 2019/831,EU
nickel bis(phosphinate),17169-61-8,(EU) 2019/831,EU
nickel phosphinate,17169-61-8,(EU) 2019/831,EU
"phosphoric acid, calcium nickel salt",17169-61-8,(EU) 2019/831,EU
"diphosphoric acid, nickel(ii) salt",17169-61-8,(EU) 2019/831,EU
nickel hydrogen phosphate,19372-20-4,(EU) 2019/831,EU
nickel bis(dihydrogen phosphate),19372-20-4,(EU) 2019/831,EU
trinickel bis(orthophosphate),19372-20-4,(EU) 2019/831,EU
dinickel diphosphate,19372-20-4,(EU) 2019/831,EU
nickel bis(phosphinate),19372-20-4,(EU) 2019/831,EU
nickel phosphinate,19372-20-4,(EU) 2019/831,EU
"phosphoric acid, calcium nickel salt",19372-20-4,(EU) 2019/831,EU
"diphosphoric acid, nickel(ii) salt",19372-20-4,(EU) 2019/831,EU
diammonium nickel hexacyanoferrate,74195-78-1,(EU) 2019/831,EU
nickel dicyanide,557-19-7,(EU) 2019/831,EU
nickel chromate,14721-18-7,(EU) 2019/831,EU
nickel(ii) silicate,21784-78-1,(EU) 2019/831,EU
dinickel orthosilicate,21784-78-1,(EU) 2019/831,EU
nickel silicate (3:4),21784-78-1,(EU) 2019/831,EU
"silicic acid, nickel salt",21784-78-1,(EU) 2019/831,EU
trihydrogen hydroxybis[orthosilicato(4-)]trinickelate(3-),21784-78-1,(EU) 2019/831,EU
nickel(ii) silicate,13775-54-7,(EU) 2019/831,EU
dinickel orthosilicate,13775-54-7,(EU) 2019/831,EU
nickel silicate (3:4),13775-54-7,(EU) 2019/831,EU
"silicic acid, nickel salt",13775-54-7,(EU) 2019/831,EU
trihydrogen hydroxybis[orthosilicato(4-)]trinickelate(3-),13775-54-7,(EU) 2019/831,EU
nickel(ii) silicate,31748-25-1,(EU) 2019/831,EU
dinickel orthosilicate,31748-25-1,(EU) 2019/831,EU
nickel silicate (3:4),31748-25-1,(EU) 2019/831,EU
"silicic acid, nickel salt",31748-25-1,(EU) 2019/831,EU
trihydrogen hydroxybis[orthosilicato(4-)]trinickelate(3-),31748-25-1,(EU) 2019/831,EU
nickel(ii) silicate,37321-15-6,(EU) 2019/831,EU
dinickel orthosilicate,37321-15-6,(EU) 2019/831,EU
nickel silicate (3:4),37321-15-6,(EU) 2019/831,EU
"silicic acid, nickel salt",37321-15-6,(EU) 2019/831,EU
trihydrogen hydroxybis[orthosilicato(4-)]trinickelate(3-),37321-15-6,(EU) 2019/831,EU
nickel(ii) silicate,12519-85-6,(EU) 2019/831,EU
dinickel orthosilicate,12519-85-6,(EU) 2019/831,EU
nickel silicate (3:4),12519-85-6,(EU) 2019/831,EU
"silicic acid, nickel salt",12519-85-6,(EU) 2019/831,EU
trihydrogen hydroxybis[orthosilicato(4-)]trinickelate(3-),12519-85-6,(EU) 2019/831,EU
dinickel hexacyanoferrate,14874-78-3,(EU) 2019/831,EU
trinickel bis(arsenate),13477-70-8,(EU) 2019/831,EU
nickel(ii) arsenate,13477-70-8,(EU) 2019/831,EU
nickel oxalate,547-67-1,(EU) 2019/831,EU
"oxalic acid, nickel salt",547-67-1,(EU) 2019/831,EU
nickel oxalate,20543-06-0,(EU) 2019/831,EU
"oxalic acid, nickel salt",20543-06-0,(EU) 2019/831,EU
nickel telluride,12142-88-0,(EU) 2019/831,EU
trinickel tetrasulfide,12137-12-1,(EU) 2019/831,EU
trinickel bis(arsenite),74646-29-0,(EU) 2019/831,EU
cobalt nickel gray periclase,68186-89-0,(EU) 2019/831,EU
c.i. pigment black 25,68186-89-0,(EU) 2019/831,EU
c.i. 77332,68186-89-0,(EU) 2019/831,EU
cobalt nickel dioxide,68186-89-0,(EU) 2019/831,EU
cobalt nickel oxide,68186-89-0,(EU) 2019/831,EU
nickel arsenide,68186-89-0,(EU) 2019/831,EU
cobalt nickel gray periclase,58591-45-0,(EU) 2019/831,EU
c.i. pigment black 25,58591-45-0,(EU) 2019/831,EU
c.i. 77332,58591-45-0,(EU) 2019/831,EU
cobalt nickel dioxide,58591-45-0,(EU) 2019/831,EU
cobalt nickel oxide,58591-45-0,(EU) 2019/831,EU
nickel arsenide,58591-45-0,(EU) 2019/831,EU
cobalt nickel gray periclase,12737-30-3,(EU) 2019/831,EU
c.i. pigment black 25,12737-30-3,(EU) 2019/831,EU
c.i. 77332,12737-30-3,(EU) 2019/831,EU
cobalt nickel dioxide,12737-30-3,(EU) 2019/831,EU
cobalt nickel oxide,12737-30-3,(EU) 2019/831,EU
nickel arsenide,12737-30-3,(EU) 2019/831,EU
cobalt nickel gray periclase,27016-75-7,(EU) 2019/831,EU
c.i. pigment black 25,27016-75-7,(EU) 2019/831,EU
c.i. 77332,27016-75-7,(EU) 2019/831,EU
cobalt nickel dioxide,27016-75-7,(EU) 2019/831,EU
cobalt nickel oxide,27016-75-7,(EU) 2019/831,EU
nickel arsenide,27016-75-7,(EU) 2019/831,EU
nickel tin trioxide,12035-38-0,(EU) 2019/831,EU
nickel stannate,12035-38-0,(EU) 2019/831,EU
nickel triuranium decaoxide,15780-33-3,(EU) 2019/831,EU
nickel dithiocyanate,13689-92-4,(EU) 2019/831,EU
nickel dichromate,15586-38-6,(EU) 2019/831,EU
nickel(ii) selenite,10101-96-9,(EU) 2019/831,EU
nickel selenide,1314-05-2,(EU) 2019/831,EU
"silicic acid, lead nickel salt",68130-19-8,(EU) 2019/831,EU
nickel diarsenide,12068-61-0,(EU) 2019/831,EU
nickel arsenide,12068-61-0,(EU) 2019/831,EU
nickel diarsenide,27016-75-7,(EU) 2019/831,EU
nickel barium titanium primrose priderite,68610-24-2,(EU) 2019/831,EU
c.i. pigment yellow 157,68610-24-2,(EU) 2019/831,EU
c.i. 77900,68610-24-2,(EU) 2019/831,EU
nickel dichlorate,67952-43-6,(EU) 2019/831,EU
nickel dibromate,67952-43-6,(EU) 2019/831,EU
"ethyl hydrogen sulfate, nickel(ii) salt",67952-43-6,(EU) 2019/831,EU
nickel dichlorate,14550-87-9,(EU) 2019/831,EU
nickel dibromate,14550-87-9,(EU) 2019/831,EU
"ethyl hydrogen sulfate, nickel(ii) salt",14550-87-9,(EU) 2019/831,EU
nickel dichlorate,71720-48-4,(EU) 2019/831,EU
nickel dibromate,71720-48-4,(EU) 2019/831,EU
"ethyl hydrogen sulfate, nickel(ii) salt",71720-48-4,(EU) 2019/831,EU
nickel(ii) trifluoroacetate,16083-14-0,(EU) 2019/831,EU
nickel(ii) propionate,16083-14-0,(EU) 2019/831,EU
nickel bis(benzenesulfonate),16083-14-0,(EU) 2019/831,EU
nickel(ii) hydrogen citrate,16083-14-0,(EU) 2019/831,EU
"citric acid, ammonium nickel salt",16083-14-0,(EU) 2019/831,EU
"citric acid, nickel salt",16083-14-0,(EU) 2019/831,EU
nickel bis(2-ethylhexanoate),16083-14-0,(EU) 2019/831,EU
"2-ethylhexanoic acid, nickel salt",16083-14-0,(EU) 2019/831,EU
dimethylhexanoic acid nickel salt,16083-14-0,(EU) 2019/831,EU
nickel(ii) isooctanoate,16083-14-0,(EU) 2019/831,EU
nickel isooctanoate,16083-14-0,(EU) 2019/831,EU
nickel bis(isononanoate),16083-14-0,(EU) 2019/831,EU
nickel(ii) neononanoate,16083-14-0,(EU) 2019/831,EU
nickel(ii) isodecanoate,16083-14-0,(EU) 2019/831,EU
nickel(ii) neodecanoate,16083-14-0,(EU) 2019/831,EU
"neodecanoic acid, nickel salt",16083-14-0,(EU) 2019/831,EU
nickel(ii) neoundecanoate,16083-14-0,(EU) 2019/831,EU
"bis(d-gluconato-o1,o2)nickel",16083-14-0,(EU) 2019/831,EU
"nickel 3,5-bis(tert-butyl)-4-hydroxybenzoate (1:2)",16083-14-0,(EU) 2019/831,EU
nickel(ii) palmitate,16083-14-0,(EU) 2019/831,EU
(2-ethylhexanoato-o)(isononanoato-o)nickel,16083-14-0,(EU) 2019/831,EU
(isononanoato-o)(isooctanoato-o)nickel,16083-14-0,(EU) 2019/831,EU
(isooctanoato-o)(neodecanoato-o)nickel,16083-14-0,(EU) 2019/831,EU
(2-ethylhexanoato-o)(isodecanoato-o)nickel,16083-14-0,(EU) 2019/831,EU
(2-ethylhexanoato-o)(neodecanoato-o)nickel,16083-14-0,(EU) 2019/831,EU
(isodecanoato-o)(isooctanoato-o)nickel,16083-14-0,(EU) 2019/831,EU
(isodecanoato-o)(isononanoato-o)nickel,16083-14-0,(EU) 2019/831,EU
(isononanoato-o)(neodecanoato-o)nickel,16083-14-0,(EU) 2019/831,EU
"fatty acids, c6-19-branched, nickel salts",16083-14-0,(EU) 2019/831,EU
"fatty acids, c8-18 and c18-unsaturated, nickel salts",16083-14-0,(EU) 2019/831,EU
"2,7-naphthalenedisulfonic acid, nickel(ii) salt",16083-14-0,(EU) 2019/831,EU
nickel(ii) trifluoroacetate,3349-08-4,(EU) 2019/831,EU
nickel(ii) propionate,3349-08-4,(EU) 2019/831,EU
nickel bis(benzenesulfonate),3349-08-4,(EU) 2019/831,EU
nickel(ii) hydrogen citrate,3349-08-4,(EU) 2019/831,EU
"citric acid, ammonium nickel salt",3349-08-4,(EU) 2019/831,EU
"citric acid, nickel salt",3349-08-4,(EU) 2019/831,EU
nickel bis(2-ethylhexanoate),3349-08-4,(EU) 2019/831,EU
"2-ethylhexanoic acid, nickel salt",3349-08-4,(EU) 2019/831,EU
dimethylhexanoic acid nickel salt,3349-08-4,(EU) 2019/831,EU
nickel(ii) isooctanoate,3349-08-4,(EU) 2019/831,EU
nickel isooctanoate,3349-08-4,(EU) 2019/831,EU
nickel bis(isononanoate),3349-08-4,(EU) 2019/831,EU
nickel(ii) neononanoate,3349-08-4,(EU) 2019/831,EU
nickel(ii) isodecanoate,3349-08-4,(EU) 2019/831,EU
nickel(ii) neodecanoate,3349-08-4,(EU) 2019/831,EU
"neodecanoic acid, nickel salt",3349-08-4,(EU) 2019/831,EU
nickel(ii) neoundecanoate,3349-08-4,(EU) 2019/831,EU
"bis(d-gluconato-o1,o2)nickel",3349-08-4,(EU) 2019/831,EU
"nickel 3,5-bis(tert-butyl)-4-hydroxybenzoate (1:2)",3349-08-4,(EU) 2019/831,EU
nickel(ii) palmitate,3349-08-4,(EU) 2019/831,EU
(2-ethylhexanoato-o)(isononanoato-o)nickel,3349-08-4,(EU) 2019/831,EU
(isononanoato-o)(isooctanoato-o)nickel,3349-08-4,(EU) 2019/831,EU
(isooctanoato-o)(neodecanoato-o)nickel,3349-08-4,(EU) 2019/831,EU
(2-ethylhexanoato-o)(isodecanoato-o)nickel,3349-08-4,(EU) 2019/831,EU
(2-ethylhexanoato-o)(neodecanoato-o)nickel,3349-08-4,(EU) 2019/831,EU
(isodecanoato-o)(isooctanoato-o)nickel,3349-08-4,(EU) 2019/831,EU
(isodecanoato-o)(isononanoato-o)nickel,3349-08-4,(EU) 2019/831,EU
(isononanoato-o)(neodecanoato-o)nickel,3349-08-4,(EU) 2019/831,EU
"fatty acids, c6-19-branched, nickel salts",3349-08-4,(EU) 2019/831,EU
"fatty acids, c8-18 and c18-unsaturated, nickel salts",3349-08-4,(EU) 2019/831,EU
"2,7-naphthalenedisulfonic acid, nickel(ii) salt",3349-08-4,(EU) 2019/831,EU
nickel(ii) trifluoroacetate,39819-65-3,(EU) 2019/831,EU
nickel(ii) propionate,39819-65-3,(EU) 2019/831,EU
nickel bis(benzenesulfonate),39819-65-3,(EU) 2019/831,EU
nickel(ii) hydrogen citrate,39819-65-3,(EU) 2019/831,EU
"citric acid, ammonium nickel salt",39819-65-3,(EU) 2019/831,EU
"citric acid, nickel salt",39819-65-3,(EU) 2019/831,EU
nickel bis(2-ethylhexanoate),39819-65-3,(EU) 2019/831,EU
"2-ethylhexanoic acid, nickel salt",39819-65-3,(EU) 2019/831,EU
dimethylhexanoic acid nickel salt,39819-65-3,(EU) 2019/831,EU
nickel(ii) isooctanoate,39819-65-3,(EU) 2019/831,EU
nickel isooctanoate,39819-65-3,(EU) 2019/831,EU
nickel bis(isononanoate),39819-65-3,(EU) 2019/831,EU
nickel(ii) neononanoate,39819-65-3,(EU) 2019/831,EU
nickel(ii) isodecanoate,39819-65-3,(EU) 2019/831,EU
nickel(ii) neodecanoate,39819-65-3,(EU) 2019/831,EU
"neodecanoic acid, nickel salt",39819-65-3,(EU) 2019/831,EU
nickel(ii) neoundecanoate,39819-65-3,(EU) 2019/831,EU
"bis(d-gluconato-o1,o2)nickel",39819-65-3,(EU) 2019/831,EU
"nickel 3,5-bis(tert-butyl)-4-hydroxybenzoate (1:2)",39819-65-3,(EU) 2019/831,EU
nickel(ii) palmitate,39819-65-3,(EU) 2019/831,EU
(2-ethylhexanoato-o)(isononanoato-o)nickel,39819-65-3,(EU) 2019/831,EU
(isononanoato-o)(isooctanoato-o)nickel,39819-65-3,(EU) 2019/831,EU
(isooctanoato-o)(neodecanoato-o)nickel,39819-65-3,(EU) 2019/831,EU
(2-ethylhexanoato-o)(isodecanoato-o)nickel,39819-65-3,(EU) 2019/831,EU
(2-ethylhexanoato-o)(neodecanoato-o)nickel,39819-65-3,(EU) 2019/831,EU
(isodecanoato-o)(isooctanoato-o)nickel,39819-65-3,(EU) 2019/831,EU
(isodecanoato-o)(isononanoato-o)nickel,39819-65-3,(EU) 2019/831,EU
(isononanoato-o)(neodecanoato-o)nickel,39819-65-3,(EU) 2019/831,EU
"fatty acids, c6-19-branched, nickel salts",39819-65-3,(EU) 2019/831,EU
"fatty acids, c8-18 and c18-unsaturated, nickel salts",39819-65-3,(EU) 2019/831,EU
"2,7-naphthalenedisulfonic acid, nickel(ii) salt",39819-65-3,(EU) 2019/831,EU
nickel(ii) trifluoroacetate,18721-51-2,(EU) 2019/831,EU
nickel(ii) propionate,18721-51-2,(EU) 2019/831,EU
nickel bis(benzenesulfonate),18721-51-2,(EU) 2019/831,EU
nickel(ii) hydrogen citrate,18721-51-2,(EU) 2019/831,EU
"citric acid, ammonium nickel salt",18721-51-2,(EU) 2019/831,EU
"citric acid, nickel salt",18721-51-2,(EU) 2019/831,EU
nickel bis(2-ethylhexanoate),18721-51-2,(EU) 2019/831,EU
"2-ethylhexanoic acid, nickel salt",18721-51-2,(EU) 2019/831,EU
dimethylhexanoic acid nickel salt,18721-51-2,(EU) 2019/831,EU
nickel(ii) isooctanoate,18721-51-2,(EU) 2019/831,EU
nickel isooctanoate,18721-51-2,(EU) 2019/831,EU
nickel bis(isononanoate),18721-51-2,(EU) 2019/831,EU
nickel(ii) neononanoate,18721-51-2,(EU) 2019/831,EU
nickel(ii) isodecanoate,18721-51-2,(EU) 2019/831,EU
nickel(ii) neodecanoate,18721-51-2,(EU) 2019/831,EU
"neodecanoic acid, nickel salt",18721-51-2,(EU) 2019/831,EU
nickel(ii) neoundecanoate,18721-51-2,(EU) 2019/831,EU
"bis(d-gluconato-o1,o2)nickel",18721-51-2,(EU) 2019/831,EU
"nickel 3,5-bis(tert-butyl)-4-hydroxybenzoate (1:2)",18721-51-2,(EU) 2019/831,EU
nickel(ii) palmitate,18721-51-2,(EU) 2019/831,EU
(2-ethylhexanoato-o)(isononanoato-o)nickel,18721-51-2,(EU) 2019/831,EU
(isononanoato-o)(isooctanoato-o)nickel,18721-51-2,(EU) 2019/831,EU
(isooctanoato-o)(neodecanoato-o)nickel,18721-51-2,(EU) 2019/831,EU
(2-ethylhexanoato-o)(isodecanoato-o)nickel,18721-51-2,(EU) 2019/831,EU
(2-ethylhexanoato-o)(neodecanoato-o)nickel,18721-51-2,(EU) 2019/831,EU
(isodecanoato-o)(isooctanoato-o)nickel,18721-51-2,(EU) 2019/831,EU
(isodecanoato-o)(isononanoato-o)nickel,18721-51-2,(EU) 2019/831,EU
(isononanoato-o)(neodecanoato-o)nickel,18721-51-2,(EU) 2019/831,EU
"fatty acids, c6-19-branched, nickel salts",18721-51-2,(EU) 2019/831,EU
"fatty acids, c8-18 and c18-unsaturated, nickel salts",18721-51-2,(EU) 2019/831,EU
"2,7-naphthalenedisulfonic acid, nickel(ii) salt",18721-51-2,(EU) 2019/831,EU
nickel(ii) trifluoroacetate,18283-82-4,(EU) 2019/831,EU
nickel(ii) propionate,18283-82-4,(EU) 2019/831,EU
nickel bis(benzenesulfonate),18283-82-4,(EU) 2019/831,EU
nickel(ii) hydrogen citrate,18283-82-4,(EU) 2019/831,EU
"citric acid, ammonium nickel salt",18283-82-4,(EU) 2019/831,EU
"citric acid, nickel salt",18283-82-4,(EU) 2019/831,EU
nickel bis(2-ethylhexanoate),18283-82-4,(EU) 2019/831,EU
"2-ethylhexanoic acid, nickel salt",18283-82-4,(EU) 2019/831,EU
dimethylhexanoic acid nickel salt,18283-82-4,(EU) 2019/831,EU
nickel(ii) isooctanoate,18283-82-4,(EU) 2019/831,EU
nickel isooctanoate,18283-82-4,(EU) 2019/831,EU
nickel bis(isononanoate),18283-82-4,(EU) 2019/831,EU
nickel(ii) neononanoate,18283-82-4,(EU) 2019/831,EU
nickel(ii) isodecanoate,18283-82-4,(EU) 2019/831,EU
nickel(ii) neodecanoate,18283-82-4,(EU) 2019/831,EU
"neodecanoic acid, nickel salt",18283-82-4,(EU) 2019/831,EU
nickel(ii) neoundecanoate,18283-82-4,(EU) 2019/831,EU
"bis(d-gluconato-o1,o2)nickel",18283-82-4,(EU) 2019/831,EU
"nickel 3,5-bis(tert-butyl)-4-hydroxybenzoate (1:2)",18283-82-4,(EU) 2019/831,EU
nickel(ii) palmitate,18283-82-4,(EU) 2019/831,EU
(2-ethylhexanoato-o)(isononanoato-o)nickel,18283-82-4,(EU) 2019/831,EU
(isononanoato-o)(isooctanoato-o)nickel,18283-82-4,(EU) 2019/831,EU
(isooctanoato-o)(neodecanoato-o)nickel,18283-82-4,(EU) 2019/831,EU
(2-ethylhexanoato-o)(isodecanoato-o)nickel,18283-82-4,(EU) 2019/831,EU
(2-ethylhexanoato-o)(neodecanoato-o)nickel,18283-82-4,(EU) 2019/831,EU
(isodecanoato-o)(isooctanoato-o)nickel,18283-82-4,(EU) 2019/831,EU
(isodecanoato-o)(isononanoato-o)nickel,18283-82-4,(EU) 2019/831,EU
(isononanoato-o)(neodecanoato-o)nickel,18283-82-4,(EU) 2019/831,EU
"fatty acids, c6-19-branched, nickel salts",18283-82-4,(EU) 2019/831,EU
"fatty acids, c8-18 and c18-unsaturated, nickel salts",18283-82-4,(EU) 2019/831,EU
"2,7-naphthalenedisulfonic acid, nickel(ii) salt",18283-82-4,(EU) 2019/831,EU
nickel(ii) trifluoroacetate,22605-92-1,(EU) 2019/831,EU
nickel(ii) propionate,22605-92-1,(EU) 2019/831,EU
nickel bis(benzenesulfonate),22605-92-1,(EU) 2019/831,EU
nickel(ii) hydrogen citrate,22605-92-1,(EU) 2019/831,EU
"citric acid, ammonium nickel salt",22605-92-1,(EU) 2019/831,EU
"citric acid, nickel salt",22605-92-1,(EU) 2019/831,EU
nickel bis(2-ethylhexanoate),22605-92-1,(EU) 2019/831,EU
"2-ethylhexanoic acid, nickel salt",22605-92-1,(EU) 2019/831,EU
dimethylhexanoic acid nickel salt,22605-92-1,(EU) 2019/831,EU
nickel(ii) isooctanoate,22605-92-1,(EU) 2019/831,EU
nickel isooctanoate,22605-92-1,(EU) 2019/831,EU
nickel bis(isononanoate),22605-92-1,(EU) 2019/831,EU
nickel(ii) neononanoate,22605-92-1,(EU) 2019/831,EU
nickel(ii) isodecanoate,22605-92-1,(EU) 2019/831,EU
nickel(ii) neodecanoate,22605-92-1,(EU) 2019/831,EU
"neodecanoic acid, nickel salt",22605-92-1,(EU) 2019/831,EU
nickel(ii) neoundecanoate,22605-92-1,(EU) 2019/831,EU
"bis(d-gluconato-o1,o2)nickel",22605-92-1,(EU) 2019/831,EU
"nickel 3,5-bis(tert-butyl)-4-hydroxybenzoate (1:2)",22605-92-1,(EU) 2019/831,EU
nickel(ii) palmitate,22605-92-1,(EU) 2019/831,EU
(2-ethylhexanoato-o)(isononanoato-o)nickel,22605-92-1,(EU) 2019/831,EU
(isononanoato-o)(isooctanoato-o)nickel,22605-92-1,(EU) 2019/831,EU
(isooctanoato-o)(neodecanoato-o)nickel,22605-92-1,(EU) 2019/831,EU
(2-ethylhexanoato-o)(isodecanoato-o)nickel,22605-92-1,(EU) 2019/831,EU
(2-ethylhexanoato-o)(neodecanoato-o)nickel,22605-92-1,(EU) 2019/831,EU
(isodecanoato-o)(isooctanoato-o)nickel,22605-92-1,(EU) 2019/831,EU
(isodecanoato-o)(isononanoato-o)nickel,22605-92-1,(EU) 2019/831,EU
(isononanoato-o)(neodecanoato-o)nickel,22605-92-1,(EU) 2019/831,EU
"fatty acids, c6-19-branched, nickel salts",22605-92-1,(EU) 2019/831,EU
"fatty acids, c8-18 and c18-unsaturated, nickel salts",22605-92-1,(EU) 2019/831,EU
"2,7-naphthalenedisulfonic acid, nickel(ii) salt",22605-92-1,(EU) 2019/831,EU
nickel(ii) trifluoroacetate,4454-16-4,(EU) 2019/831,EU
nickel(ii) propionate,4454-16-4,(EU) 2019/831,EU
nickel bis(benzenesulfonate),4454-16-4,(EU) 2019/831,EU
nickel(ii) hydrogen citrate,4454-16-4,(EU) 2019/831,EU
"citric acid, ammonium nickel salt",4454-16-4,(EU) 2019/831,EU
"citric acid, nickel salt",4454-16-4,(EU) 2019/831,EU
nickel bis(2-ethylhexanoate),4454-16-4,(EU) 2019/831,EU
"2-ethylhexanoic acid, nickel salt",4454-16-4,(EU) 2019/831,EU
dimethylhexanoic acid nickel salt,4454-16-4,(EU) 2019/831,EU
nickel(ii) isooctanoate,4454-16-4,(EU) 2019/831,EU
nickel isooctanoate,4454-16-4,(EU) 2019/831,EU
nickel bis(isononanoate),4454-16-4,(EU) 2019/831,EU
nickel(ii) neononanoate,4454-16-4,(EU) 2019/831,EU
nickel(ii) isodecanoate,4454-16-4,(EU) 2019/831,EU
nickel(ii) neodecanoate,4454-16-4,(EU) 2019/831,EU
"neodecanoic acid, nickel salt",4454-16-4,(EU) 2019/831,EU
nickel(ii) neoundecanoate,4454-16-4,(EU) 2019/831,EU
"bis(d-gluconato-o1,o2)nickel",4454-16-4,(EU) 2019/831,EU
"nickel 3,5-bis(tert-butyl)-4-hydroxybenzoate (1:2)",4454-16-4,(EU) 2019/831,EU
nickel(ii) palmitate,4454-16-4,(EU) 2019/831,EU
(2-ethylhexanoato-o)(isononanoato-o)nickel,4454-16-4,(EU) 2019/831,EU
(isononanoato-o)(isooctanoato-o)nickel,4454-16-4,(EU) 2019/831,EU
(isooctanoato-o)(neodecanoato-o)nickel,4454-16-4,(EU) 2019/831,EU
(2-ethylhexanoato-o)(isodecanoato-o)nickel,4454-16-4,(EU) 2019/831,EU
(2-ethylhexanoato-o)(neodecanoato-o)nickel,4454-16-4,(EU) 2019/831,EU
(isodecanoato-o)(isooctanoato-o)nickel,4454-16-4,(EU) 2019/831,EU
(isodecanoato-o)(isononanoato-o)nickel,4454-16-4,(EU) 2019/831,EU
(isononanoato-o)(neodecanoato-o)nickel,4454-16-4,(EU) 2019/831,EU
"fatty acids, c6-19-branched, nickel salts",4454-16-4,(EU) 2019/831,EU
"fatty acids, c8-18 and c18-unsaturated, nickel salts",4454-16-4,(EU) 2019/831,EU
"2,7-naphthalenedisulfonic acid, nickel(ii) salt",4454-16-4,(EU) 2019/831,EU
nickel(ii) trifluoroacetate,7580-31-6,(EU) 2019/831,EU
nickel(ii) propionate,7580-31-6,(EU) 2019/831,EU
nickel bis(benzenesulfonate),7580-31-6,(EU) 2019/831,EU
nickel(ii) hydrogen citrate,7580-31-6,(EU) 2019/831,EU
"citric acid, ammonium nickel salt",7580-31-6,(EU) 2019/831,EU
"citric acid, nickel salt",7580-31-6,(EU) 2019/831,EU
nickel bis(2-ethylhexanoate),7580-31-6,(EU) 2019/831,EU
"2-ethylhexanoic acid, nickel salt",7580-31-6,(EU) 2019/831,EU
dimethylhexanoic acid nickel salt,7580-31-6,(EU) 2019/831,EU
nickel(ii) isooctanoate,7580-31-6,(EU) 2019/831,EU
nickel isooctanoate,7580-31-6,(EU) 2019/831,EU
nickel bis(isononanoate),7580-31-6,(EU) 2019/831,EU
nickel(ii) neononanoate,7580-31-6,(EU) 2019/831,EU
nickel(ii) isodecanoate,7580-31-6,(EU) 2019/831,EU
nickel(ii) neodecanoate,7580-31-6,(EU) 2019/831,EU
"neodecanoic acid, nickel salt",7580-31-6,(EU) 2019/831,EU
nickel(ii) neoundecanoate,7580-31-6,(EU) 2019/831,EU
"bis(d-gluconato-o1,o2)nickel",7580-31-6,(EU) 2019/831,EU
"nickel 3,5-bis(tert-butyl)-4-hydroxybenzoate (1:2)",7580-31-6,(EU) 2019/831,EU
nickel(ii) palmitate,7580-31-6,(EU) 2019/831,EU
(2-ethylhexanoato-o)(isononanoato-o)nickel,7580-31-6,(EU) 2019/831,EU
(isononanoato-o)(isooctanoato-o)nickel,7580-31-6,(EU) 2019/831,EU
(isooctanoato-o)(neodecanoato-o)nickel,7580-31-6,(EU) 2019/831,EU
(2-ethylhexanoato-o)(isodecanoato-o)nickel,7580-31-6,(EU) 2019/831,EU
(2-ethylhexanoato-o)(neodecanoato-o)nickel,7580-31-6,(EU) 2019/831,EU
(isodecanoato-o)(isooctanoato-o)nickel,7580-31-6,(EU) 2019/831,EU
(isodecanoato-o)(isononanoato-o)nickel,7580-31-6,(EU) 2019/831,EU
(isononanoato-o)(neodecanoato-o)nickel,7580-31-6,(EU) 2019/831,EU
"fatty acids, c6-19-branched, nickel salts",7580-31-6,(EU) 2019/831,EU
"fatty acids, c8-18 and c18-unsaturated, nickel salts",7580-31-6,(EU) 2019/831,EU
"2,7-naphthalenedisulfonic acid, nickel(ii) salt",7580-31-6,(EU) 2019/831,EU
nickel(ii) trifluoroacetate,93983-68-7,(EU) 2019/831,EU
nickel(ii) propionate,93983-68-7,(EU) 2019/831,EU
nickel bis(benzenesulfonate),93983-68-7,(EU) 2019/831,EU
nickel(ii) hydrogen citrate,93983-68-7,(EU) 2019/831,EU
"citric acid, ammonium nickel salt",93983-68-7,(EU) 2019/831,EU
"citric acid, nickel salt",93983-68-7,(EU) 2019/831,EU
nickel bis(2-ethylhexanoate),93983-68-7,(EU) 2019/831,EU
"2-ethylhexanoic acid, nickel salt",93983-68-7,(EU) 2019/831,EU
dimethylhexanoic acid nickel salt,93983-68-7,(EU) 2019/831,EU
nickel(ii) isooctanoate,93983-68-7,(EU) 2019/831,EU
nickel isooctanoate,93983-68-7,(EU) 2019/831,EU
nickel bis(isononanoate),93983-68-7,(EU) 2019/831,EU
nickel(ii) neononanoate,93983-68-7,(EU) 2019/831,EU
nickel(ii) isodecanoate,93983-68-7,(EU) 2019/831,EU
nickel(ii) neodecanoate,93983-68-7,(EU) 2019/831,EU
"neodecanoic acid, nickel salt",93983-68-7,(EU) 2019/831,EU
nickel(ii) neoundecanoate,93983-68-7,(EU) 2019/831,EU
"bis(d-gluconato-o1,o2)nickel",93983-68-7,(EU) 2019/831,EU
"nickel 3,5-bis(tert-butyl)-4-hydroxybenzoate (1:2)",93983-68-7,(EU) 2019/831,EU
nickel(ii) palmitate,93983-68-7,(EU) 2019/831,EU
(2-ethylhexanoato-o)(isononanoato-o)nickel,93983-68-7,(EU) 2019/831,EU
(isononanoato-o)(isooctanoato-o)nickel,93983-68-7,(EU) 2019/831,EU
(isooctanoato-o)(neodecanoato-o)nickel,93983-68-7,(EU) 2019/831,EU
(2-ethylhexanoato-o)(isodecanoato-o)nickel,93983-68-7,(EU) 2019/831,EU
(2-ethylhexanoato-o)(neodecanoato-o)nickel,93983-68-7,(EU) 2019/831,EU
(isodecanoato-o)(isooctanoato-o)nickel,93983-68-7,(EU) 2019/831,EU
(isodecanoato-o)(isononanoato-o)nickel,93983-68-7,(EU) 2019/831,EU
(isononanoato-o)(neodecanoato-o)nickel,93983-68-7,(EU) 2019/831,EU
"fatty acids, c6-19-branched, nickel salts",93983-68-7,(EU) 2019/831,EU
"fatty acids, c8-18 and c18-unsaturated, nickel salts",93983-68-7,(EU) 2019/831,EU
"2,7-naphthalenedisulfonic acid, nickel(ii) salt",93983-68-7,(EU) 2019/831,EU
nickel(ii) trifluoroacetate,29317-63-3,(EU) 2019/831,EU
nickel(ii) propionate,29317-63-3,(EU) 2019/831,EU
nickel bis(benzenesulfonate),29317-63-3,(EU) 2019/831,EU
nickel(ii) hydrogen citrate,29317-63-3,(EU) 2019/831,EU
"citric acid, ammonium nickel salt",29317-63-3,(EU) 2019/831,EU
"citric acid, nickel salt",29317-63-3,(EU) 2019/831,EU
nickel bis(2-ethylhexanoate),29317-63-3,(EU) 2019/831,EU
"2-ethylhexanoic acid, nickel salt",29317-63-3,(EU) 2019/831,EU
dimethylhexanoic acid nickel salt,29317-63-3,(EU) 2019/831,EU
nickel(ii) isooctanoate,29317-63-3,(EU) 2019/831,EU
nickel isooctanoate,29317-63-3,(EU) 2019/831,EU
nickel bis(isononanoate),29317-63-3,(EU) 2019/831,EU
nickel(ii) neononanoate,29317-63-3,(EU) 2019/831,EU
nickel(ii) isodecanoate,29317-63-3,(EU) 2019/831,EU
nickel(ii) neodecanoate,29317-63-3,(EU) 2019/831,EU
"neodecanoic acid, nickel salt",29317-63-3,(EU) 2019/831,EU
nickel(ii) neoundecanoate,29317-63-3,(EU) 2019/831,EU
"bis(d-gluconato-o1,o2)nickel",29317-63-3,(EU) 2019/831,EU
"nickel 3,5-bis(tert-butyl)-4-hydroxybenzoate (1:2)",29317-63-3,(EU) 2019/831,EU
nickel(ii) palmitate,29317-63-3,(EU) 2019/831,EU
(2-ethylhexanoato-o)(isononanoato-o)nickel,29317-63-3,(EU) 2019/831,EU
(isononanoato-o)(isooctanoato-o)nickel,29317-63-3,(EU) 2019/831,EU
(isooctanoato-o)(neodecanoato-o)nickel,29317-63-3,(EU) 2019/831,EU
(2-ethylhexanoato-o)(isodecanoato-o)nickel,29317-63-3,(EU) 2019/831,EU
(2-ethylhexanoato-o)(neodecanoato-o)nickel,29317-63-3,(EU) 2019/831,EU
(isodecanoato-o)(isooctanoato-o)nickel,29317-63-3,(EU) 2019/831,EU
(isodecanoato-o)(isononanoato-o)nickel,29317-63-3,(EU) 2019/831,EU
(isononanoato-o)(neodecanoato-o)nickel,29317-63-3,(EU) 2019/831,EU
"fatty acids, c6-19-branched, nickel salts",29317-63-3,(EU) 2019/831,EU
"fatty acids, c8-18 and c18-unsaturated, nickel salts",29317-63-3,(EU) 2019/831,EU
"2,7-naphthalenedisulfonic acid, nickel(ii) salt",29317-63-3,(EU) 2019/831,EU
nickel(ii) trifluoroacetate,27637-46-3,(EU) 2019/831,EU
nickel(ii) propionate,27637-46-3,(EU) 2019/831,EU
nickel bis(benzenesulfonate),27637-46-3,(EU) 2019/831,EU
nickel(ii) hydrogen citrate,27637-46-3,(EU) 2019/831,EU
"citric acid, ammonium nickel salt",27637-46-3,(EU) 2019/831,EU
"citric acid, nickel salt",27637-46-3,(EU) 2019/831,EU
nickel bis(2-ethylhexanoate),27637-46-3,(EU) 2019/831,EU
"2-ethylhexanoic acid, nickel salt",27637-46-3,(EU) 2019/831,EU
dimethylhexanoic acid nickel salt,27637-46-3,(EU) 2019/831,EU
nickel(ii) isooctanoate,27637-46-3,(EU) 2019/831,EU
nickel isooctanoate,27637-46-3,(EU) 2019/831,EU
nickel bis(isononanoate),27637-46-3,(EU) 2019/831,EU
nickel(ii) neononanoate,27637-46-3,(EU) 2019/831,EU
nickel(ii) isodecanoate,27637-46-3,(EU) 2019/831,EU
nickel(ii) neodecanoate,27637-46-3,(EU) 2019/831,EU
"neodecanoic acid, nickel salt",27637-46-3,(EU) 2019/831,EU
nickel(ii) neoundecanoate,27637-46-3,(EU) 2019/831,EU
"bis(d-gluconato-o1,o2)nickel",27637-46-3,(EU) 2019/831,EU
"nickel 3,5-bis(tert-butyl)-4-hydroxybenzoate (1:2)",27637-46-3,(EU) 2019/831,EU
nickel(ii) palmitate,27637-46-3,(EU) 2019/831,EU
(2-ethylhexanoato-o)(isononanoato-o)nickel,27637-46-3,(EU) 2019/831,EU
(isononanoato-o)(isooctanoato-o)nickel,27637-46-3,(EU) 2019/831,EU
(isooctanoato-o)(neodecanoato-o)nickel,27637-46-3,(EU) 2019/831,EU
(2-ethylhexanoato-o)(isodecanoato-o)nickel,27637-46-3,(EU) 2019/831,EU
(2-ethylhexanoato-o)(neodecanoato-o)nickel,27637-46-3,(EU) 2019/831,EU
(isodecanoato-o)(isooctanoato-o)nickel,27637-46-3,(EU) 2019/831,EU
(isodecanoato-o)(isononanoato-o)nickel,27637-46-3,(EU) 2019/831,EU
(isononanoato-o)(neodecanoato-o)nickel,27637-46-3,(EU) 2019/831,EU
"fatty acids, c6-19-branched, nickel salts",27637-46-3,(EU) 2019/831,EU
"fatty acids, c8-18 and c18-unsaturated, nickel salts",27637-46-3,(EU) 2019/831,EU
"2,7-naphthalenedisulfonic acid, nickel(ii) salt",27637-46-3,(EU) 2019/831,EU
nickel(ii) trifluoroacetate,84852-37-9,(EU) 2019/831,EU
nickel(ii) propionate,84852-37-9,(EU) 2019/831,EU
nickel bis(benzenesulfonate),84852-37-9,(EU) 2019/831,EU
nickel(ii) hydrogen citrate,84852-37-9,(EU) 2019/831,EU
"citric acid, ammonium nickel salt",84852-37-9,(EU) 2019/831,EU
"citric acid, nickel salt",84852-37-9,(EU) 2019/831,EU
nickel bis(2-ethylhexanoate),84852-37-9,(EU) 2019/831,EU
"2-ethylhexanoic acid, nickel salt",84852-37-9,(EU) 2019/831,EU
dimethylhexanoic acid nickel salt,84852-37-9,(EU) 2019/831,EU
nickel(ii) isooctanoate,84852-37-9,(EU) 2019/831,EU
nickel isooctanoate,84852-37-9,(EU) 2019/831,EU
nickel bis(isononanoate),84852-37-9,(EU) 2019/831,EU
nickel(ii) neononanoate,84852-37-9,(EU) 2019/831,EU
nickel(ii) isodecanoate,84852-37-9,(EU) 2019/831,EU
nickel(ii) neodecanoate,84852-37-9,(EU) 2019/831,EU
"neodecanoic acid, nickel salt",84852-37-9,(EU) 2019/831,EU
nickel(ii) neoundecanoate,84852-37-9,(EU) 2019/831,EU
"bis(d-gluconato-o1,o2)nickel",84852-37-9,(EU) 2019/831,EU
"nickel 3,5-bis(tert-butyl)-4-hydroxybenzoate (1:2)",84852-37-9,(EU) 2019/831,EU
nickel(ii) palmitate,84852-37-9,(EU) 2019/831,EU
(2-ethylhexanoato-o)(isononanoato-o)nickel,84852-37-9,(EU) 2019/831,EU
(isononanoato-o)(isooctanoato-o)nickel,84852-37-9,(EU) 2019/831,EU
(isooctanoato-o)(neodecanoato-o)nickel,84852-37-9,(EU) 2019/831,EU
(2-ethylhexanoato-o)(isodecanoato-o)nickel,84852-37-9,(EU) 2019/831,EU
(2-ethylhexanoato-o)(neodecanoato-o)nickel,84852-37-9,(EU) 2019/831,EU
(isodecanoato-o)(isooctanoato-o)nickel,84852-37-9,(EU) 2019/831,EU
(isodecanoato-o)(isononanoato-o)nickel,84852-37-9,(EU) 2019/831,EU
(isononanoato-o)(neodecanoato-o)nickel,84852-37-9,(EU) 2019/831,EU
"fatty acids, c6-19-branched, nickel salts",84852-37-9,(EU) 2019/831,EU
"fatty acids, c8-18 and c18-unsaturated, nickel salts",84852-37-9,(EU) 2019/831,EU
"2,7-naphthalenedisulfonic acid, nickel(ii) salt",84852-37-9,(EU) 2019/831,EU
nickel(ii) trifluoroacetate,93920-10-6,(EU) 2019/831,EU
nickel(ii) propionate,93920-10-6,(EU) 2019/831,EU
nickel bis(benzenesulfonate),93920-10-6,(EU) 2019/831,EU
nickel(ii) hydrogen citrate,93920-10-6,(EU) 2019/831,EU
"citric acid, ammonium nickel salt",93920-10-6,(EU) 2019/831,EU
"citric acid, nickel salt",93920-10-6,(EU) 2019/831,EU
nickel bis(2-ethylhexanoate),93920-10-6,(EU) 2019/831,EU
"2-ethylhexanoic acid, nickel salt",93920-10-6,(EU) 2019/831,EU
dimethylhexanoic acid nickel salt,93920-10-6,(EU) 2019/831,EU
nickel(ii) isooctanoate,93920-10-6,(EU) 2019/831,EU
nickel isooctanoate,93920-10-6,(EU) 2019/831,EU
nickel bis(isononanoate),93920-10-6,(EU) 2019/831,EU
nickel(ii) neononanoate,93920-10-6,(EU) 2019/831,EU
nickel(ii) isodecanoate,93920-10-6,(EU) 2019/831,EU
nickel(ii) neodecanoate,93920-10-6,(EU) 2019/831,EU
"neodecanoic acid, nickel salt",93920-10-6,(EU) 2019/831,EU
nickel(ii) neoundecanoate,93920-10-6,(EU) 2019/831,EU
"bis(d-gluconato-o1,o2)nickel",93920-10-6,(EU) 2019/831,EU
"nickel 3,5-bis(tert-butyl)-4-hydroxybenzoate (1:2)",93920-10-6,(EU) 2019/831,EU
nickel(ii) palmitate,93920-10-6,(EU) 2019/831,EU
(2-ethylhexanoato-o)(isononanoato-o)nickel,93920-10-6,(EU) 2019/831,EU
(isononanoato-o)(isooctanoato-o)nickel,93920-10-6,(EU) 2019/831,EU
(isooctanoato-o)(neodecanoato-o)nickel,93920-10-6,(EU) 2019/831,EU
(2-ethylhexanoato-o)(isodecanoato-o)nickel,93920-10-6,(EU) 2019/831,EU
(2-ethylhexanoato-o)(neodecanoato-o)nickel,93920-10-6,(EU) 2019/831,EU
(isodecanoato-o)(isooctanoato-o)nickel,93920-10-6,(EU) 2019/831,EU
(isodecanoato-o)(isononanoato-o)nickel,93920-10-6,(EU) 2019/831,EU
(isononanoato-o)(neodecanoato-o)nickel,93920-10-6,(EU) 2019/831,EU
"fatty acids, c6-19-branched, nickel salts",93920-10-6,(EU) 2019/831,EU
"fatty acids, c8-18 and c18-unsaturated, nickel salts",93920-10-6,(EU) 2019/831,EU
"2,7-naphthalenedisulfonic acid, nickel(ii) salt",93920-10-6,(EU) 2019/831,EU
nickel(ii) trifluoroacetate,85508-43-6,(EU) 2019/831,EU
nickel(ii) propionate,85508-43-6,(EU) 2019/831,EU
nickel bis(benzenesulfonate),85508-43-6,(EU) 2019/831,EU
nickel(ii) hydrogen citrate,85508-43-6,(EU) 2019/831,EU
"citric acid, ammonium nickel salt",85508-43-6,(EU) 2019/831,EU
"citric acid, nickel salt",85508-43-6,(EU) 2019/831,EU
nickel bis(2-ethylhexanoate),85508-43-6,(EU) 2019/831,EU
"2-ethylhexanoic acid, nickel salt",85508-43-6,(EU) 2019/831,EU
dimethylhexanoic acid nickel salt,85508-43-6,(EU) 2019/831,EU
nickel(ii) isooctanoate,85508-43-6,(EU) 2019/831,EU
nickel isooctanoate,85508-43-6,(EU) 2019/831,EU
nickel bis(isononanoate),85508-43-6,(EU) 2019/831,EU
nickel(ii) neononanoate,85508-43-6,(EU) 2019/831,EU
nickel(ii) isodecanoate,85508-43-6,(EU) 2019/831,EU
nickel(ii) neodecanoate,85508-43-6,(EU) 2019/831,EU
"neodecanoic acid, nickel salt",85508-43-6,(EU) 2019/831,EU
nickel(ii) neoundecanoate,85508-43-6,(EU) 2019/831,EU
"bis(d-gluconato-o1,o2)nickel",85508-43-6,(EU) 2019/831,EU
"nickel 3,5-bis(tert-butyl)-4-hydroxybenzoate (1:2)",85508-43-6,(EU) 2019/831,EU
nickel(ii) palmitate,85508-43-6,(EU) 2019/831,EU
(2-ethylhexanoato-o)(isononanoato-o)nickel,85508-43-6,(EU) 2019/831,EU
(isononanoato-o)(isooctanoato-o)nickel,85508-43-6,(EU) 2019/831,EU
(isooctanoato-o)(neodecanoato-o)nickel,85508-43-6,(EU) 2019/831,EU
(2-ethylhexanoato-o)(isodecanoato-o)nickel,85508-43-6,(EU) 2019/831,EU
(2-ethylhexanoato-o)(neodecanoato-o)nickel,85508-43-6,(EU) 2019/831,EU
(isodecanoato-o)(isooctanoato-o)nickel,85508-43-6,(EU) 2019/831,EU
(isodecanoato-o)(isononanoato-o)nickel,85508-43-6,(EU) 2019/831,EU
(isononanoato-o)(neodecanoato-o)nickel,85508-43-6,(EU) 2019/831,EU
"fatty acids, c6-19-branched, nickel salts",85508-43-6,(EU) 2019/831,EU
"fatty acids, c8-18 and c18-unsaturated, nickel salts",85508-43-6,(EU) 2019/831,EU
"2,7-naphthalenedisulfonic acid, nickel(ii) salt",85508-43-6,(EU) 2019/831,EU
nickel(ii) trifluoroacetate,85508-44-7,(EU) 2019/831,EU
nickel(ii) propionate,85508-44-7,(EU) 2019/831,EU
nickel bis(benzenesulfonate),85508-44-7,(EU) 2019/831,EU
nickel(ii) hydrogen citrate,85508-44-7,(EU) 2019/831,EU
"citric acid, ammonium nickel salt",85508-44-7,(EU) 2019/831,EU
"citric acid, nickel salt",85508-44-7,(EU) 2019/831,EU
nickel bis(2-ethylhexanoate),85508-44-7,(EU) 2019/831,EU
"2-ethylhexanoic acid, nickel salt",85508-44-7,(EU) 2019/831,EU
dimethylhexanoic acid nickel salt,85508-44-7,(EU) 2019/831,EU
nickel(ii) isooctanoate,85508-44-7,(EU) 2019/831,EU
nickel isooctanoate,85508-44-7,(EU) 2019/831,EU
nickel bis(isononanoate),85508-44-7,(EU) 2019/831,EU
nickel(ii) neononanoate,85508-44-7,(EU) 2019/831,EU
nickel(ii) isodecanoate,85508-44-7,(EU) 2019/831,EU
nickel(ii) neodecanoate,85508-44-7,(EU) 2019/831,EU
"neodecanoic acid, nickel salt",85508-44-7,(EU) 2019/831,EU
nickel(ii) neoundecanoate,85508-44-7,(EU) 2019/831,EU
"bis(d-gluconato-o1,o2)nickel",85508-44-7,(EU) 2019/831,EU
"nickel 3,5-bis(tert-butyl)-4-hydroxybenzoate (1:2)",85508-44-7,(EU) 2019/831,EU
nickel(ii) palmitate,85508-44-7,(EU) 2019/831,EU
(2-ethylhexanoato-o)(isononanoato-o)nickel,85508-44-7,(EU) 2019/831,EU
(isononanoato-o)(isooctanoato-o)nickel,85508-44-7,(EU) 2019/831,EU
(isooctanoato-o)(neodecanoato-o)nickel,85508-44-7,(EU) 2019/831,EU
(2-ethylhexanoato-o)(isodecanoato-o)nickel,85508-44-7,(EU) 2019/831,EU
(2-ethylhexanoato-o)(neodecanoato-o)nickel,85508-44-7,(EU) 2019/831,EU
(isodecanoato-o)(isooctanoato-o)nickel,85508-44-7,(EU) 2019/831,EU
(isodecanoato-o)(isononanoato-o)nickel,85508-44-7,(EU) 2019/831,EU
(isononanoato-o)(neodecanoato-o)nickel,85508-44-7,(EU) 2019/831,EU
"fatty acids, c6-19-branched, nickel salts",85508-44-7,(EU) 2019/831,EU
"fatty acids, c8-18 and c18-unsaturated, nickel salts",85508-44-7,(EU) 2019/831,EU
"2,7-naphthalenedisulfonic acid, nickel(ii) salt",85508-44-7,(EU) 2019/831,EU
nickel(ii) trifluoroacetate,51818-56-5,(EU) 2019/831,EU
nickel(ii) propionate,51818-56-5,(EU) 2019/831,EU
nickel bis(benzenesulfonate),51818-56-5,(EU) 2019/831,EU
nickel(ii) hydrogen citrate,51818-56-5,(EU) 2019/831,EU
"citric acid, ammonium nickel salt",51818-56-5,(EU) 2019/831,EU
"citric acid, nickel salt",51818-56-5,(EU) 2019/831,EU
nickel bis(2-ethylhexanoate),51818-56-5,(EU) 2019/831,EU
"2-ethylhexanoic acid, nickel salt",51818-56-5,(EU) 2019/831,EU
dimethylhexanoic acid nickel salt,51818-56-5,(EU) 2019/831,EU
nickel(ii) isooctanoate,51818-56-5,(EU) 2019/831,EU
nickel isooctanoate,51818-56-5,(EU) 2019/831,EU
nickel bis(isononanoate),51818-56-5,(EU) 2019/831,EU
nickel(ii) neononanoate,51818-56-5,(EU) 2019/831,EU
nickel(ii) isodecanoate,51818-56-5,(EU) 2019/831,EU
nickel(ii) neodecanoate,51818-56-5,(EU) 2019/831,EU
"neodecanoic acid, nickel salt",51818-56-5,(EU) 2019/831,EU
nickel(ii) neoundecanoate,51818-56-5,(EU) 2019/831,EU
"bis(d-gluconato-o1,o2)nickel",51818-56-5,(EU) 2019/831,EU
"nickel 3,5-bis(tert-butyl)-4-hydroxybenzoate (1:2)",51818-56-5,(EU) 2019/831,EU
nickel(ii) palmitate,51818-56-5,(EU) 2019/831,EU
(2-ethylhexanoato-o)(isononanoato-o)nickel,51818-56-5,(EU) 2019/831,EU
(isononanoato-o)(isooctanoato-o)nickel,51818-56-5,(EU) 2019/831,EU
(isooctanoato-o)(neodecanoato-o)nickel,51818-56-5,(EU) 2019/831,EU
(2-ethylhexanoato-o)(isodecanoato-o)nickel,51818-56-5,(EU) 2019/831,EU
(2-ethylhexanoato-o)(neodecanoato-o)nickel,51818-56-5,(EU) 2019/831,EU
(isodecanoato-o)(isooctanoato-o)nickel,51818-56-5,(EU) 2019/831,EU
(isodecanoato-o)(isononanoato-o)nickel,51818-56-5,(EU) 2019/831,EU
(isononanoato-o)(neodecanoato-o)nickel,51818-56-5,(EU) 2019/831,EU
"fatty acids, c6-19-branched, nickel salts",51818-56-5,(EU) 2019/831,EU
"fatty acids, c8-18 and c18-unsaturated, nickel salts",51818-56-5,(EU) 2019/831,EU
"2,7-naphthalenedisulfonic acid, nickel(ii) salt",51818-56-5,(EU) 2019/831,EU
nickel(ii) sulfite,7757-95-1,(EU) 2019/831,EU
nickel tellurium trioxide,7757-95-1,(EU) 2019/831,EU
nickel tellurium tetraoxide,7757-95-1,(EU) 2019/831,EU
molybdenum nickel hydroxide oxide phosphate,7757-95-1,(EU) 2019/831,EU
nickel(ii) sulfite,15851-52-2,(EU) 2019/831,EU
nickel tellurium trioxide,15851-52-2,(EU) 2019/831,EU
nickel tellurium tetraoxide,15851-52-2,(EU) 2019/831,EU
molybdenum nickel hydroxide oxide phosphate,15851-52-2,(EU) 2019/831,EU
nickel(ii) sulfite,15852-21-8,(EU) 2019/831,EU
nickel tellurium trioxide,15852-21-8,(EU) 2019/831,EU
nickel tellurium tetraoxide,15852-21-8,(EU) 2019/831,EU
molybdenum nickel hydroxide oxide phosphate,15852-21-8,(EU) 2019/831,EU
nickel(ii) sulfite,68130-36-9,(EU) 2019/831,EU
nickel tellurium trioxide,68130-36-9,(EU) 2019/831,EU
nickel tellurium tetraoxide,68130-36-9,(EU) 2019/831,EU
molybdenum nickel hydroxide oxide phosphate,68130-36-9,(EU) 2019/831,EU
nickel boride (nib),12007-00-0,(EU) 2019/831,EU
dinickel boride,12007-00-0,(EU) 2019/831,EU
trinickel boride,12007-00-0,(EU) 2019/831,EU
nickel boride,12007-00-0,(EU) 2019/831,EU
dinickel silicide,12007-00-0,(EU) 2019/831,EU
nickel disilicide,12007-00-0,(EU) 2019/831,EU
dinickel phosphide,12007-00-0,(EU) 2019/831,EU
nickel boron phosphide,12007-00-0,(EU) 2019/831,EU
nickel boride (nib),12007-01-1,(EU) 2019/831,EU
dinickel boride,12007-01-1,(EU) 2019/831,EU
trinickel boride,12007-01-1,(EU) 2019/831,EU
nickel boride,12007-01-1,(EU) 2019/831,EU
dinickel silicide,12007-01-1,(EU) 2019/831,EU
nickel disilicide,12007-01-1,(EU) 2019/831,EU
dinickel phosphide,12007-01-1,(EU) 2019/831,EU
nickel boron phosphide,12007-01-1,(EU) 2019/831,EU
nickel boride (nib),12007-02-2,(EU) 2019/831,EU
dinickel boride,12007-02-2,(EU) 2019/831,EU
trinickel boride,12007-02-2,(EU) 2019/831,EU
nickel boride,12007-02-2,(EU) 2019/831,EU
dinickel silicide,12007-02-2,(EU) 2019/831,EU
nickel disilicide,12007-02-2,(EU) 2019/831,EU
dinickel phosphide,12007-02-2,(EU) 2019/831,EU
nickel boron phosphide,12007-02-2,(EU) 2019/831,EU
nickel boride (nib),12619-90-8,(EU) 2019/831,EU
dinickel boride,12619-90-8,(EU) 2019/831,EU
trinickel boride,12619-90-8,(EU) 2019/831,EU
nickel boride,12619-90-8,(EU) 2019/831,EU
dinickel silicide,12619-90-8,(EU) 2019/831,EU
nickel disilicide,12619-90-8,(EU) 2019/831,EU
dinickel phosphide,12619-90-8,(EU) 2019/831,EU
nickel boron phosphide,12619-90-8,(EU) 2019/831,EU
nickel boride (nib),12059-14-2,(EU) 2019/831,EU
dinickel boride,12059-14-2,(EU) 2019/831,EU
trinickel boride,12059-14-2,(EU) 2019/831,EU
nickel boride,12059-14-2,(EU) 2019/831,EU
dinickel silicide,12059-14-2,(EU) 2019/831,EU
nickel disilicide,12059-14-2,(EU) 2019/831,EU
dinickel phosphide,12059-14-2,(EU) 2019/831,EU
nickel boron phosphide,12059-14-2,(EU) 2019/831,EU
nickel boride (nib),12201-89-7,(EU) 2019/831,EU
dinickel boride,12201-89-7,(EU) 2019/831,EU
trinickel boride,12201-89-7,(EU) 2019/831,EU
nickel boride,12201-89-7,(EU) 2019/831,EU
dinickel silicide,12201-89-7,(EU) 2019/831,EU
nickel disilicide,12201-89-7,(EU) 2019/831,EU
dinickel phosphide,12201-89-7,(EU) 2019/831,EU
nickel boron phosphide,12201-89-7,(EU) 2019/831,EU
nickel boride (nib),12035-64-2,(EU) 2019/831,EU
dinickel boride,12035-64-2,(EU) 2019/831,EU
trinickel boride,12035-64-2,(EU) 2019/831,EU
nickel boride,12035-64-2,(EU) 2019/831,EU
dinickel silicide,12035-64-2,(EU) 2019/831,EU
nickel disilicide,12035-64-2,(EU) 2019/831,EU
dinickel phosphide,12035-64-2,(EU) 2019/831,EU
nickel boron phosphide,12035-64-2,(EU) 2019/831,EU
nickel boride (nib),65229-23-4,(EU) 2019/831,EU
dinickel boride,65229-23-4,(EU) 2019/831,EU
trinickel boride,65229-23-4,(EU) 2019/831,EU
nickel boride,65229-23-4,(EU) 2019/831,EU
dinickel silicide,65229-23-4,(EU) 2019/831,EU
nickel disilicide,65229-23-4,(EU) 2019/831,EU
dinickel phosphide,65229-23-4,(EU) 2019/831,EU
nickel boron phosphide,65229-23-4,(EU) 2019/831,EU
dialuminium nickel tetraoxide,12004-35-2,(EU) 2019/831,EU
nickel titanium trioxide,12004-35-2,(EU) 2019/831,EU
nickel titanium oxide,12004-35-2,(EU) 2019/831,EU
nickel divanadium hexaoxide,12004-35-2,(EU) 2019/831,EU
cobalt dimolybdenum nickel octaoxide,12004-35-2,(EU) 2019/831,EU
nickel zirkonium trioxide,12004-35-2,(EU) 2019/831,EU
molybdenum nickel tetraoxide,12004-35-2,(EU) 2019/831,EU
nickel tungsten tetraoxide,12004-35-2,(EU) 2019/831,EU
"olivine, nickel green",12004-35-2,(EU) 2019/831,EU
lithium nickel dioxide,12004-35-2,(EU) 2019/831,EU
molybdenum nickel oxide,12004-35-2,(EU) 2019/831,EU
dialuminium nickel tetraoxide,12035-39-1,(EU) 2019/831,EU
nickel titanium trioxide,12035-39-1,(EU) 2019/831,EU
nickel titanium oxide,12035-39-1,(EU) 2019/831,EU
nickel divanadium hexaoxide,12035-39-1,(EU) 2019/831,EU
cobalt dimolybdenum nickel octaoxide,12035-39-1,(EU) 2019/831,EU
nickel zirkonium trioxide,12035-39-1,(EU) 2019/831,EU
molybdenum nickel tetraoxide,12035-39-1,(EU) 2019/831,EU
nickel tungsten tetraoxide,12035-39-1,(EU) 2019/831,EU
"olivine, nickel green",12035-39-1,(EU) 2019/831,EU
lithium nickel dioxide,12035-39-1,(EU) 2019/831,EU
molybdenum nickel oxide,12035-39-1,(EU) 2019/831,EU
dialuminium nickel tetraoxide,12653-76-8,(EU) 2019/831,EU
nickel titanium trioxide,12653-76-8,(EU) 2019/831,EU
nickel titanium oxide,12653-76-8,(EU) 2019/831,EU
nickel divanadium hexaoxide,12653-76-8,(EU) 2019/831,EU
cobalt dimolybdenum nickel octaoxide,12653-76-8,(EU) 2019/831,EU
nickel zirkonium trioxide,12653-76-8,(EU) 2019/831,EU
molybdenum nickel tetraoxide,12653-76-8,(EU) 2019/831,EU
nickel tungsten tetraoxide,12653-76-8,(EU) 2019/831,EU
"olivine, nickel green",12653-76-8,(EU) 2019/831,EU
lithium nickel dioxide,12653-76-8,(EU) 2019/831,EU
molybdenum nickel oxide,12653-76-8,(EU) 2019/831,EU
dialuminium nickel tetraoxide,52502-12-2,(EU) 2019/831,EU
nickel titanium trioxide,52502-12-2,(EU) 2019/831,EU
nickel titanium oxide,52502-12-2,(EU) 2019/831,EU
nickel divanadium hexaoxide,52502-12-2,(EU) 2019/831,EU
cobalt dimolybdenum nickel octaoxide,52502-12-2,(EU) 2019/831,EU
nickel zirkonium trioxide,52502-12-2,(EU) 2019/831,EU
molybdenum nickel tetraoxide,52502-12-2,(EU) 2019/831,EU
nickel tungsten tetraoxide,52502-12-2,(EU) 2019/831,EU
"olivine, nickel green",52502-12-2,(EU) 2019/831,EU
lithium nickel dioxide,52502-12-2,(EU) 2019/831,EU
molybdenum nickel oxide,52502-12-2,(EU) 2019/831,EU
dialuminium nickel tetraoxide,68016-03-5,(EU) 2019/831,EU
nickel titanium trioxide,68016-03-5,(EU) 2019/831,EU
nickel titanium oxide,68016-03-5,(EU) 2019/831,EU
nickel divanadium hexaoxide,68016-03-5,(EU) 2019/831,EU
cobalt dimolybdenum nickel octaoxide,68016-03-5,(EU) 2019/831,EU
nickel zirkonium trioxide,68016-03-5,(EU) 2019/831,EU
molybdenum nickel tetraoxide,68016-03-5,(EU) 2019/831,EU
nickel tungsten tetraoxide,68016-03-5,(EU) 2019/831,EU
"olivine, nickel green",68016-03-5,(EU) 2019/831,EU
lithium nickel dioxide,68016-03-5,(EU) 2019/831,EU
molybdenum nickel oxide,68016-03-5,(EU) 2019/831,EU
dialuminium nickel tetraoxide,70692-93-2,(EU) 2019/831,EU
nickel titanium trioxide,70692-93-2,(EU) 2019/831,EU
nickel titanium oxide,70692-93-2,(EU) 2019/831,EU
nickel divanadium hexaoxide,70692-93-2,(EU) 2019/831,EU
cobalt dimolybdenum nickel octaoxide,70692-93-2,(EU) 2019/831,EU
nickel zirkonium trioxide,70692-93-2,(EU) 2019/831,EU
molybdenum nickel tetraoxide,70692-93-2,(EU) 2019/831,EU
nickel tungsten tetraoxide,70692-93-2,(EU) 2019/831,EU
"olivine, nickel green",70692-93-2,(EU) 2019/831,EU
lithium nickel dioxide,70692-93-2,(EU) 2019/831,EU
molybdenum nickel oxide,70692-93-2,(EU) 2019/831,EU
dialuminium nickel tetraoxide,14177-55-0,(EU) 2019/831,EU
nickel titanium trioxide,14177-55-0,(EU) 2019/831,EU
nickel titanium oxide,14177-55-0,(EU) 2019/831,EU
nickel divanadium hexaoxide,14177-55-0,(EU) 2019/831,EU
cobalt dimolybdenum nickel octaoxide,14177-55-0,(EU) 2019/831,EU
nickel zirkonium trioxide,14177-55-0,(EU) 2019/831,EU
molybdenum nickel tetraoxide,14177-55-0,(EU) 2019/831,EU
nickel tungsten tetraoxide,14177-55-0,(EU) 2019/831,EU
"olivine, nickel green",14177-55-0,(EU) 2019/831,EU
lithium nickel dioxide,14177-55-0,(EU) 2019/831,EU
molybdenum nickel oxide,14177-55-0,(EU) 2019/831,EU
dialuminium nickel tetraoxide,14177-51-6,(EU) 2019/831,EU
nickel titanium trioxide,14177-51-6,(EU) 2019/831,EU
nickel titanium oxide,14177-51-6,(EU) 2019/831,EU
nickel divanadium hexaoxide,14177-51-6,(EU) 2019/831,EU
cobalt dimolybdenum nickel octaoxide,14177-51-6,(EU) 2019/831,EU
nickel zirkonium trioxide,14177-51-6,(EU) 2019/831,EU
molybdenum nickel tetraoxide,14177-51-6,(EU) 2019/831,EU
nickel tungsten tetraoxide,14177-51-6,(EU) 2019/831,EU
"olivine, nickel green",14177-51-6,(EU) 2019/831,EU
lithium nickel dioxide,14177-51-6,(EU) 2019/831,EU
molybdenum nickel oxide,14177-51-6,(EU) 2019/831,EU
dialuminium nickel tetraoxide,68515-84-4,(EU) 2019/831,EU
nickel titanium trioxide,68515-84-4,(EU) 2019/831,EU
nickel titanium oxide,68515-84-4,(EU) 2019/831,EU
nickel divanadium hexaoxide,68515-84-4,(EU) 2019/831,EU
cobalt dimolybdenum nickel octaoxide,68515-84-4,(EU) 2019/831,EU
nickel zirkonium trioxide,68515-84-4,(EU) 2019/831,EU
molybdenum nickel tetraoxide,68515-84-4,(EU) 2019/831,EU
nickel tungsten tetraoxide,68515-84-4,(EU) 2019/831,EU
"olivine, nickel green",68515-84-4,(EU) 2019/831,EU
lithium nickel dioxide,68515-84-4,(EU) 2019/831,EU
molybdenum nickel oxide,68515-84-4,(EU) 2019/831,EU
dialuminium nickel tetraoxide,12031-65-1,(EU) 2019/831,EU
nickel titanium trioxide,12031-65-1,(EU) 2019/831,EU
nickel titanium oxide,12031-65-1,(EU) 2019/831,EU
nickel divanadium hexaoxide,12031-65-1,(EU) 2019/831,EU
cobalt dimolybdenum nickel octaoxide,12031-65-1,(EU) 2019/831,EU
nickel zirkonium trioxide,12031-65-1,(EU) 2019/831,EU
molybdenum nickel tetraoxide,12031-65-1,(EU) 2019/831,EU
nickel tungsten tetraoxide,12031-65-1,(EU) 2019/831,EU
"olivine, nickel green",12031-65-1,(EU) 2019/831,EU
lithium nickel dioxide,12031-65-1,(EU) 2019/831,EU
molybdenum nickel oxide,12031-65-1,(EU) 2019/831,EU
dialuminium nickel tetraoxide,12673-58-4,(EU) 2019/831,EU
nickel titanium trioxide,12673-58-4,(EU) 2019/831,EU
nickel titanium oxide,12673-58-4,(EU) 2019/831,EU
nickel divanadium hexaoxide,12673-58-4,(EU) 2019/831,EU
cobalt dimolybdenum nickel octaoxide,12673-58-4,(EU) 2019/831,EU
nickel zirkonium trioxide,12673-58-4,(EU) 2019/831,EU
molybdenum nickel tetraoxide,12673-58-4,(EU) 2019/831,EU
nickel tungsten tetraoxide,12673-58-4,(EU) 2019/831,EU
"olivine, nickel green",12673-58-4,(EU) 2019/831,EU
lithium nickel dioxide,12673-58-4,(EU) 2019/831,EU
molybdenum nickel oxide,12673-58-4,(EU) 2019/831,EU
cobalt lithium nickel oxide,,(EU) 2019/831,EU
molybdenum trioxide,1313-27-5,(EU) 2019/831,EU
dibutyltin dichloride,683-18-1,(EU) 2019/831,EU
(dbtc),683-18-1,(EU) 2019/831,EU
"4,4'-bis(n-carbamoyl-4-methylbenzenesulfonamide)diphenylmethane",151882-81-4,(EU) 2019/831,EU
furfuryl alcohol,98-00-0,(EU) 2019/831,EU
"1,2-epoxy-4-epoxyethylcyclohexane",106-87-6,(EU) 2019/831,EU
4-vinylcyclohexene diepoxide,106-87-6,(EU) 2019/831,EU
6-glycidyloxynapht-1-yl oxymethyloxirane,27610-48-6,(EU) 2019/831,EU
2-(2-aminoethylamino)ethanol,111-41-1,(EU) 2019/831,EU
(aeea),111-41-1,(EU) 2019/831,EU
"1,2-diethoxyethane",629-14-1,(EU) 2019/831,EU
"2,3-epoxypropyltrimethylammonium chloride",3033-77-0,(EU) 2019/831,EU
glycidyl trimethylammonium chloride,3033-77-0,(EU) 2019/831,EU
"1-(2-amino-5-chlorophenyl)-2,2,2-trifluoro-1,1-ethanediol, hydrochloride",214353-17-0,(EU) 2019/831,EU
(e)-3-[1-[4-[2-(dimethylamino)ethoxy]phenyl]-2-phenylbut-1-enyl]phenol,82413-20-5,(EU) 2019/831,EU
"4,4'-(1,3-phenylene-bis(1-methylethylidene))bis-phenol",13595-25-0,(EU) 2019/831,EU
2-chloro-6-fluoro-phenol,2040-90-6,(EU) 2019/831,EU
2-methyl-5-tert-butylthiophenol,,(EU) 2019/831,EU
2-butyryl-3-hydroxy-5-thiocyclohexan-3-yl-cyclohex-2-en-1-one,94723-86-1,(EU) 2019/831,EU
profoxydim (iso),139001-49-3,(EU) 2019/831,EU
2-{(ez)-1-[(2rs)-2-(4-chlorophenoxy)propoxyimino]butyl}-3-hydroxy-5-(thian-3-yl)cyclohex-2-en-1-one,139001-49-3,(EU) 2019/831,EU
tepraloxydim (iso),149979-41-9,(EU) 2019/831,EU
(rs)-(ez)-2-{1-[(2e)-3-chloroallyloxyimino]propyl}-3-hydroxy-5-perhydropyran-4-ylcyclohex-2-en-1-one,149979-41-9,(EU) 2019/831,EU
"cyclic 3-(1,2-ethanediylacetale)-estra-5(10),9(11)-diene-3,17-dione",5571-36-8,(EU) 2019/831,EU
"androsta-1,4,9(11)-triene-3,17-dione",15375-21-0,(EU) 2019/831,EU
reaction mass of: ca salicylates (branched c10-14 and c18-30 alkylated),,(EU) 2019/831,EU
ca phenates (branched c10-14 and c18-30 alkylated),,(EU) 2019/831,EU
ca sulfurised phenates (branched c10-14 and c18-30 alkylated),,(EU) 2019/831,EU
"1,2-benzenedicarboxylic acid",71888-89-6,(EU) 2019/831,EU
"di-c6-8-branched alkylesters, c7-rich",71888-89-6,(EU) 2019/831,EU
"reaction mass of: diester of 4,4'-methylenebis[2-(2-hydroxy-5-methylbenzyl)-3,6-dimethylphenol] and 6-diazo-5,6-dihydro-5-oxonaphthalene-1-sulfonic acid (1:2)",,(EU) 2019/831,EU
"triester of 4,4'-methylenebis[2-(2-hydroxy-5-methylbenzyl)-3,6-dimethylphenol] and 6-diazo-5,6-dihydro-5-oxonaphthalene-1-sulfonic acid (1:3)",,(EU) 2019/831,EU
"diammonium 1-hydroxy-2-(4-(4-carboxyphenylazo)-2,5-dimethoxyphenylazo)-7-amino-3-naphthalenesulfonate",150202-11-2,(EU) 2019/831,EU
3-oxoandrost-4-ene-17-ß-carboxylic acid,302-97-6,(EU) 2019/831,EU
(z)-2-methoxymino-2-[2-(tritylamino)thiazol-4-yl]acetic acid,64485-90-1,(EU) 2019/831,EU
trisodium nitrilotriacetate,5064-31-3,(EU) 2019/831,EU
2-ethylhexyl-2-ethylhexanoate,7425-14-1,(EU) 2019/831,EU
diisobutyl phthalate,84-69-5,(EU) 2019/831,EU
perfluorooctane sulfonic acid,1763-23-1,(EU) 2019/831,EU
heptadecafluorooctane-1-sulfonic acid,1763-23-1,(EU) 2019/831,EU
potassium perfluorooctanesulfonate,1763-23-1,(EU) 2019/831,EU
potassium heptadecafluorooctane-1-sulfonate,1763-23-1,(EU) 2019/831,EU
diethanolamine perfluorooctane sulfonate,1763-23-1,(EU) 2019/831,EU
ammonium perfluorooctane sulfonate,1763-23-1,(EU) 2019/831,EU
ammonium heptadecafluorooctanesulfonate,1763-23-1,(EU) 2019/831,EU
lithium perfluorooctane sulfonate,1763-23-1,(EU) 2019/831,EU
lithium heptadecafluorooctanesulfonate,1763-23-1,(EU) 2019/831,EU
perfluorooctane sulfonic acid,2795-39-3,(EU) 2019/831,EU
heptadecafluorooctane-1-sulfonic acid,2795-39-3,(EU) 2019/831,EU
potassium perfluorooctanesulfonate,2795-39-3,(EU) 2019/831,EU
potassium heptadecafluorooctane-1-sulfonate,2795-39-3,(EU) 2019/831,EU
diethanolamine perfluorooctane sulfonate,2795-39-3,(EU) 2019/831,EU
ammonium perfluorooctane sulfonate,2795-39-3,(EU) 2019/831,EU
ammonium heptadecafluorooctanesulfonate,2795-39-3,(EU) 2019/831,EU
lithium perfluorooctane sulfonate,2795-39-3,(EU) 2019/831,EU
lithium heptadecafluorooctanesulfonate,2795-39-3,(EU) 2019/831,EU
perfluorooctane sulfonic acid,70225-14-8,(EU) 2019/831,EU
heptadecafluorooctane-1-sulfonic acid,70225-14-8,(EU) 2019/831,EU
potassium perfluorooctanesulfonate,70225-14-8,(EU) 2019/831,EU
potassium heptadecafluorooctane-1-sulfonate,70225-14-8,(EU) 2019/831,EU
diethanolamine perfluorooctane sulfonate,70225-14-8,(EU) 2019/831,EU
ammonium perfluorooctane sulfonate,70225-14-8,(EU) 2019/831,EU
ammonium heptadecafluorooctanesulfonate,70225-14-8,(EU) 2019/831,EU
lithium perfluorooctane sulfonate,70225-14-8,(EU) 2019/831,EU
lithium heptadecafluorooctanesulfonate,70225-14-8,(EU) 2019/831,EU
perfluorooctane sulfonic acid,29081-56-9,(EU) 2019/831,EU
heptadecafluorooctane-1-sulfonic acid,29081-56-9,(EU) 2019/831,EU
potassium perfluorooctanesulfonate,29081-56-9,(EU) 2019/831,EU
potassium heptadecafluorooctane-1-sulfonate,29081-56-9,(EU) 2019/831,EU
diethanolamine perfluorooctane sulfonate,29081-56-9,(EU) 2019/831,EU
ammonium perfluorooctane sulfonate,29081-56-9,(EU) 2019/831,EU
ammonium heptadecafluorooctanesulfonate,29081-56-9,(EU) 2019/831,EU
lithium perfluorooctane sulfonate,29081-56-9,(EU) 2019/831,EU
lithium heptadecafluorooctanesulfonate,29081-56-9,(EU) 2019/831,EU
perfluorooctane sulfonic acid,29457-72-5,(EU) 2019/831,EU
heptadecafluorooctane-1-sulfonic acid,29457-72-5,(EU) 2019/831,EU
potassium perfluorooctanesulfonate,29457-72-5,(EU) 2019/831,EU
potassium heptadecafluorooctane-1-sulfonate,29457-72-5,(EU) 2019/831,EU
diethanolamine perfluorooctane sulfonate,29457-72-5,(EU) 2019/831,EU
ammonium perfluorooctane sulfonate,29457-72-5,(EU) 2019/831,EU
ammonium heptadecafluorooctanesulfonate,29457-72-5,(EU) 2019/831,EU
lithium perfluorooctane sulfonate,29457-72-5,(EU) 2019/831,EU
lithium heptadecafluorooctanesulfonate,29457-72-5,(EU) 2019/831,EU
"ethyl 1-(2,4-dichlorophenyl)5-(trichloromethyl)-1h-1,2,4-triazole-3-carboxylate",103112-35-2,(EU) 2019/831,EU
1-bromo-2-methylpropyl propionate,158894-67-8,(EU) 2019/831,EU
chloro-1-ethylcyclohexyl carbonate,99464-83-2,(EU) 2019/831,EU
"6,6'-bis(diazo-5,5',6,6'-tetrahydro-5,5'-dioxo)[methylene-bis(5-(6-diazo-5,6-dihydro-5-oxo-1-naphthylsulphonyloxy)-6-methyl-2-phenylene]di(naphthalene-1-sulfonate)",,(EU) 2019/831,EU
trifluralin (iso),1582-09-8,(EU) 2019/831,EU
"a,a,a-trifluoro-2,6-dinitro-n,n-dipropyl-p-toluidine",1582-09-8,(EU) 2019/831,EU
"2,6-dinitro-n,n-dipropyl-4-trifluoromethylaniline",1582-09-8,(EU) 2019/831,EU
"n,n-dipropyl-2,6-dinitro-4-trifluoromethylaniline",1582-09-8,(EU) 2019/831,EU
4-mesyl-2-nitrotoluene,1671-49-4,(EU) 2019/831,EU
"triammonium 4-[4-[7-(4-carboxylatoanilino)-1-hydroxy-3-sulfonato-2-naphthylazo]-2,5-dimethoxyphenylazo]benzoate",221354-37-6,(EU) 2019/831,EU
"reaction mass of: triammonium 6-amino-3-((2,5-diethoxy-4-(3-phosphonophenyl)azo)phenyl)azo-4-hydroxy-2-naphthalenesulfonate",163879-69-4,(EU) 2019/831,EU
"diammonium 3-((4-((7-amino-1-hydroxy-3-sulfo-naphthalen-2-yl)azo)-2,5-diethoxyphenyl)azo)benzoate",163879-69-4,(EU) 2019/831,EU
"n,n'-diacetylbenzidine",613-35-4,(EU) 2019/831,EU
cyclohexylamine,108-91-8,(EU) 2019/831,EU
piperazine,110-85-0,(EU) 2019/831,EU
hydroxylamine,7803-49-8,(EU) 2019/831,EU
hydroxylammonium chloride,5470-11-1,(EU) 2019/831,EU
hydroxylamine hydrochloride,5470-11-1,(EU) 2019/831,EU
bis(hydroxylammonium) sulfate,5470-11-1,(EU) 2019/831,EU
hydroxylamine sulfate (2:1),5470-11-1,(EU) 2019/831,EU
hydroxylammonium chloride,10039-54-0,(EU) 2019/831,EU
hydroxylamine hydrochloride,10039-54-0,(EU) 2019/831,EU
bis(hydroxylammonium) sulfate,10039-54-0,(EU) 2019/831,EU
hydroxylamine sulfate (2:1),10039-54-0,(EU) 2019/831,EU
"diaminotoluene, methyl-phenylenediamine, technical product-reaction mass of [4-methyl-m-phenylenediamine and 2-methyl-m-phenylenediamine]",,(EU) 2019/1966,EU
mepanipyrim,110235-47-7,(EU) 2019/831,EU
4-methyl-n-phenyl-6-(1-propynyl)-2-pyrimidinamine,110235-47-7,(EU) 2019/831,EU
hydroxylammonium hydrogensulfate,10046-00-1,(EU) 2019/831,EU
hydroxylamine sulfate(1:1),10046-00-1,(EU) 2019/831,EU
hydroxylamine phosphate,10046-00-1,(EU) 2019/831,EU
hydroxylamine dihydrogenphosphate,10046-00-1,(EU) 2019/831,EU
hydroxylamine 4-methylbenzenesulfonate,10046-00-1,(EU) 2019/831,EU
hydroxylammonium hydrogensulfate,20845-01-6,(EU) 2019/831,EU
hydroxylamine sulfate(1:1),20845-01-6,(EU) 2019/831,EU
hydroxylamine phosphate,20845-01-6,(EU) 2019/831,EU
hydroxylamine dihydrogenphosphate,20845-01-6,(EU) 2019/831,EU
hydroxylamine 4-methylbenzenesulfonate,20845-01-6,(EU) 2019/831,EU
hydroxylammonium hydrogensulfate,19098-16-9,(EU) 2019/831,EU
hydroxylamine sulfate(1:1),19098-16-9,(EU) 2019/831,EU
hydroxylamine phosphate,19098-16-9,(EU) 2019/831,EU
hydroxylamine dihydrogenphosphate,19098-16-9,(EU) 2019/831,EU
hydroxylamine 4-methylbenzenesulfonate,19098-16-9,(EU) 2019/831,EU
hydroxylammonium hydrogensulfate,53933-48-5,(EU) 2019/831,EU
hydroxylamine sulfate(1:1),53933-48-5,(EU) 2019/831,EU
hydroxylamine phosphate,53933-48-5,(EU) 2019/831,EU
hydroxylamine dihydrogenphosphate,53933-48-5,(EU) 2019/831,EU
hydroxylamine 4-methylbenzenesulfonate,53933-48-5,(EU) 2019/831,EU
(3-chloro-2-hydroxypropyl) trimethylammonium chloride,3327-22-8,(EU) 2019/831,EU
"biphenyl-3,3',4,4'-tetrayltetraamine",91-95-2,(EU) 2019/831,EU
diaminobenzidine,91-95-2,(EU) 2019/831,EU
piperazine hydrochloride,6094-40-2,(EU) 2019/831,EU
piperazine dihydrochloride,6094-40-2,(EU) 2019/831,EU
piperazine phosphate,6094-40-2,(EU) 2019/831,EU
piperazine hydrochloride,142-64-3,(EU) 2019/831,EU
piperazine dihydrochloride,142-64-3,(EU) 2019/831,EU
piperazine phosphate,142-64-3,(EU) 2019/831,EU
piperazine hydrochloride,1951-97-9,(EU) 2019/831,EU
piperazine dihydrochloride,1951-97-9,(EU) 2019/831,EU
piperazine phosphate,1951-97-9,(EU) 2019/831,EU
3-(piperazin-1-yl)-benzo[d]isothiazole hydrochloride,87691-88-1,(EU) 2019/831,EU
2-ethylphenylhydrazine hydrochloride,19398-06-2,(EU) 2019/831,EU
(2-chloroethyl)(3-hydroxypropyl)ammonium chloride,40722-80-3,(EU) 2019/831,EU
"4-[(3-chlorophenyl)(1h-imidazol-1-yl)methyl]-1,2-benzenediamine dihydrochloride",159939-85-2,(EU) 2019/831,EU
"chloro-n,n-dimethylformiminium chloride",3724-43-4,(EU) 2019/831,EU
7-methoxy-6-(3-morpholin-4-yl-propoxy)-3h-quinazolin-4-one,199327-61-2,(EU) 2019/831,EU
reaction products of diisopropanolamine with formaldehyde (1:4),220444-73-5,(EU) 2019/831,EU
3-chloro-4-(3-fluorobenzyloxy)aniline,202197-26-0,(EU) 2019/831,EU
ethidium bromide,1239-45-8,(EU) 2019/831,EU
"3,8-diamino-1-ethyl-6-phenylphenantridinium bromide",1239-45-8,(EU) 2019/831,EU
"(r,s)-2-amino-3,3-dimethylbutane amide",144177-62-8,(EU) 2019/831,EU
3-amino-9-ethyl carbazole,132-32-1,(EU) 2019/831,EU
9-ethylcarbazol-3-ylamine,132-32-1,(EU) 2019/831,EU
(6r-trans)-1-((7-ammonio-2-carboxylato-8-oxo-5-thia-1-azabicyclo-[4.2.0]oct-2-en-3-yl)methyl)pyridinium iodide,100988-63-4,(EU) 2019/831,EU
forchlorfenuron (iso),68157-60-8,(EU) 2019/831,EU
1-(2-chloro-4-pyridyl)-3-phenylurea,68157-60-8,(EU) 2019/831,EU
"tetrahydro-1,3-dimethyl-1h-pyrimidin-2-one",7226-23-5,(EU) 2019/831,EU
dimethyl propyleneurea,7226-23-5,(EU) 2019/831,EU
quinoline,91-22-5,(EU) 2019/831,EU
ketoconazole,65277-42-1,(EU) 2019/831,EU
"1-[4-[4-[[(2sr,4rs)-2-(2,4-dichlorophenyl)-2-(imidazol-1-ylmethyl)-1,3-dioxolan-4-yl]methoxy]phenyl]piperazin-1-yl]ethanone",65277-42-1,(EU) 2019/831,EU
metconazole (iso),125116-23-6,(EU) 2019/831,EU
"(1rs,5rs",125116-23-6,(EU) 2019/831,EU
"1rs,5sr)-5-(4-chlorobenzyl)-2,2-dimethyl-1-(1h-1,2,4-triazol-1-ylmethyl)cyclopentanol",125116-23-6,(EU) 2019/831,EU
potassium 1-methyl-3-morpholinocarbonyl-4-[3-(1-methyl-3-morpholinocarbonyl-5-oxo-2-pyrazolin-4-ylidene)-1-propenyl]pyrazole-5-olate,183196-57-8,(EU) 2019/831,EU
"n,n',n''-tris(2-methyl-2,3-epoxypropyl)-perhydro-2,4,6-oxo-1,3,5-triazine",26157-73-3,(EU) 2019/831,EU
trimethylopropane tri(3-aziridinylpropanoate),52234-82-9,(EU) 2019/831,EU
(taz),52234-82-9,(EU) 2019/831,EU
"4,4'-methylenediphenyl diisocyanate",101-68-8,(EU) 2019/831,EU
"diphenylmethane-4,4'-diisocyanate",101-68-8,(EU) 2019/831,EU
"2,2'-methylenediphenyl diisocyanate",101-68-8,(EU) 2019/831,EU
"diphenylmethane-2,2'-diisocyanate",101-68-8,(EU) 2019/831,EU
o-(p-isocyanatobenzyl)phenyl isocyanate,101-68-8,(EU) 2019/831,EU
"diphenylmethane-2,4'-diisocyanate",101-68-8,(EU) 2019/831,EU
methylenediphenyl diisocyanate,101-68-8,(EU) 2019/831,EU
"4,4'-methylenediphenyl diisocyanate",2536-05-2,(EU) 2019/831,EU
"diphenylmethane-4,4'-diisocyanate",2536-05-2,(EU) 2019/831,EU
"2,2'-methylenediphenyl diisocyanate",2536-05-2,(EU) 2019/831,EU
"diphenylmethane-2,2'-diisocyanate",2536-05-2,(EU) 2019/831,EU
o-(p-isocyanatobenzyl)phenyl isocyanate,2536-05-2,(EU) 2019/831,EU
"diphenylmethane-2,4'-diisocyanate",2536-05-2,(EU) 2019/831,EU
methylenediphenyl diisocyanate,2536-05-2,(EU) 2019/831,EU
"4,4'-methylenediphenyl diisocyanate",5873-54-1,(EU) 2019/831,EU
"diphenylmethane-4,4'-diisocyanate",5873-54-1,(EU) 2019/831,EU
"2,2'-methylenediphenyl diisocyanate",5873-54-1,(EU) 2019/831,EU
"diphenylmethane-2,2'-diisocyanate",5873-54-1,(EU) 2019/831,EU
o-(p-isocyanatobenzyl)phenyl isocyanate,5873-54-1,(EU) 2019/831,EU
"diphenylmethane-2,4'-diisocyanate",5873-54-1,(EU) 2019/831,EU
methylenediphenyl diisocyanate,5873-54-1,(EU) 2019/831,EU
"4,4'-methylenediphenyl diisocyanate",26447-40-5,(EU) 2019/831,EU
"diphenylmethane-4,4'-diisocyanate",26447-40-5,(EU) 2019/831,EU
"2,2'-methylenediphenyl diisocyanate",26447-40-5,(EU) 2019/831,EU
"diphenylmethane-2,2'-diisocyanate",26447-40-5,(EU) 2019/831,EU
o-(p-isocyanatobenzyl)phenyl isocyanate,26447-40-5,(EU) 2019/831,EU
"diphenylmethane-2,4'-diisocyanate",26447-40-5,(EU) 2019/831,EU
methylenediphenyl diisocyanate,26447-40-5,(EU) 2019/831,EU
cinidon ethyl (iso),142891-20-1,(EU) 2019/831,EU
"ethyl (z)-2-chloro-3-[2-chloro-5-(cyclohex-1-ene-1,2-dicarboximido)phenyl]acrylate",142891-20-1,(EU) 2019/831,EU
"n-[6,9-dihydro-9-[[2-hydroxy-1-(hydroxymethyl)ethoxy]methyl]-6-oxo-1h-purin-2-yl]acetamide",84245-12-5,(EU) 2019/831,EU
dimoxystrobin (iso),149961-52-4,(EU) 2019/831,EU
"(e)-2-(methoxyimino)-n-methyl-2-[a-(2,5-xylyloxy)-o-tolyl]acetamide",149961-52-4,(EU) 2019/831,EU
"n,n-(dimethylamino)thioacetamide hydrochloride",27366-72-9,(EU) 2019/831,EU
"reaction mass of: 2,2'-[(3,3'-dichloro[1,1'-biphenyl]-4,4'-diyl)bis(azo)]bis[n-(2,4-dimethylphenyl)]-3-oxo-butanamide",,(EU) 2019/831,EU
"2-[[3,3'-dichloro-4'-[[1[[(2,4-dimethylphenyl)amino]carbonyl]-2-oxopropyl]azo][1,1'-biphenyl]-4-yl]azo]-n-(2-methylphenyl)-3-oxo-butanamide",,(EU) 2019/831,EU
"2-[[3,3'-dichloro-4'-[[1[[(2,4-dimethylphenyl)amino]carbonyl]-2-oxopropyl]azo][1,1'- biphenyl]-4-yl]azo]-n-(2-carboxylphenyl)-3- oxo-butanamide",,(EU) 2019/831,EU
"petroleum, coal, tar and natural gas and their derivatives generated using distillation and/or other processing methods if they contain = 0,1 % w/w benzene",85536-20-5,(EU) 2019/831,EU
"petroleum, coal, tar and natural gas and their derivatives generated using distillation and/or other processing methods if they contain = 0,1 % w/w benzene",85536-19-2,(EU) 2019/831,EU
"petroleum, coal, tar and natural gas and their derivatives generated using distillation and/or other processing methods if they contain = 0,1 % w/w benzene",90641-12-6,(EU) 2019/831,EU
"petroleum, coal, tar and natural gas and their derivatives generated using distillation and/or other processing methods if they contain = 0,1 % w/w benzene",90989-38-1,(EU) 2019/831,EU
"petroleum, coal, tar and natural gas and their derivatives generated using distillation and/or other processing methods if they contain = 0,1 % w/w benzene",91995-20-9,(EU) 2019/831,EU
"petroleum, coal, tar and natural gas and their derivatives generated using distillation and/or other processing methods if they contain = 0,1 % w/w benzene",92062-36-7,(EU) 2019/831,EU
"petroleum, coal, tar and natural gas and their derivatives generated using distillation and/or other processing methods if they contain = 0,1 % w/w benzene",91995-61-8,(EU) 2019/831,EU
"petroleum, coal, tar and natural gas and their derivatives generated using distillation and/or other processing methods if they contain = 0,1 % w/w benzene",101316-63-6,(EU) 2019/831,EU
"petroleum, coal, tar and natural gas and their derivatives generated using distillation and/or other processing methods if they contain = 0,1 % w/w benzene",93821-38-6,(EU) 2019/831,EU
"petroleum, coal, tar and natural gas and their derivatives generated using distillation and/or other processing methods if they contain = 0,1 % w/w benzene",90641-02-4,(EU) 2019/831,EU
"petroleum, coal, tar and natural gas and their derivatives generated using distillation and/or other processing methods if they contain = 0,1 % w/w benzene",101316-62-5,(EU) 2019/831,EU
"petroleum, coal, tar and natural gas and their derivatives generated using distillation and/or other processing methods if they contain = 0,1 % w/w benzene",90641-03-5,(EU) 2019/831,EU
"petroleum, coal, tar and natural gas and their derivatives generated using distillation and/or other processing methods if they contain = 0,1 % w/w benzene",65996-79-4,(EU) 2019/831,EU
"petroleum, coal, tar and natural gas and their derivatives generated using distillation and/or other processing methods if they contain = 0,1 % w/w benzene",101794-90-5,(EU) 2019/831,EU
"petroleum, coal, tar and natural gas and their derivatives generated using distillation and/or other processing methods if they contain = 0,1 % w/w benzene",90640-87-2,(EU) 2019/831,EU
"petroleum, coal, tar and natural gas and their derivatives generated using distillation and/or other processing methods if they contain = 0,1 % w/w benzene",84650-03-3,(EU) 2019/831,EU
"petroleum, coal, tar and natural gas and their derivatives generated using distillation and/or other processing methods if they contain = 0,1 % w/w benzene",65996-82-9,(EU) 2019/831,EU
"petroleum, coal, tar and natural gas and their derivatives generated using distillation and/or other processing methods if they contain = 0,1 % w/w benzene",90641-01-3,(EU) 2019/831,EU
"petroleum, coal, tar and natural gas and their derivatives generated using distillation and/or other processing methods if they contain = 0,1 % w/w benzene",65996-87-4,(EU) 2019/831,EU
"petroleum, coal, tar and natural gas and their derivatives generated using distillation and/or other processing methods if they contain = 0,1 % w/w benzene",90640-99-6,(EU) 2019/831,EU
"petroleum, coal, tar and natural gas and their derivatives generated using distillation and/or other processing methods if they contain = 0,1 % w/w benzene",68391-11-7,(EU) 2019/831,EU
"petroleum, coal, tar and natural gas and their derivatives generated using distillation and/or other processing methods if they contain = 0,1 % w/w benzene",92062-33-4,(EU) 2019/831,EU
"petroleum, coal, tar and natural gas and their derivatives generated using distillation and/or other processing methods if they contain = 0,1 % w/w benzene",91082-52-9,(EU) 2019/831,EU
"petroleum, coal, tar and natural gas and their derivatives generated using distillation and/or other processing methods if they contain = 0,1 % w/w benzene",68937-63-3,(EU) 2019/831,EU
"petroleum, coal, tar and natural gas and their derivatives generated using distillation and/or other processing methods if they contain = 0,1 % w/w benzene",92062-28-7,(EU) 2019/831,EU
"petroleum, coal, tar and natural gas and their derivatives generated using distillation and/or other processing methods if they contain = 0,1 % w/w benzene",92062-27-6,(EU) 2019/831,EU
"petroleum, coal, tar and natural gas and their derivatives generated using distillation and/or other processing methods if they contain = 0,1 % w/w benzene",91082-53-0,(EU) 2019/831,EU
"petroleum, coal, tar and natural gas and their derivatives generated using distillation and/or other processing methods if they contain = 0,1 % w/w benzene",91995-31-2,(EU) 2019/831,EU
"petroleum, coal, tar and natural gas and their derivatives generated using distillation and/or other processing methods if they contain = 0,1 % w/w benzene",91995-35-6,(EU) 2019/831,EU
"petroleum, coal, tar and natural gas and their derivatives generated using distillation and/or other processing methods if they contain = 0,1 % w/w benzene",91995-66-3,(EU) 2019/831,EU
"petroleum, coal, tar and natural gas and their derivatives generated using distillation and/or other processing methods if they contain = 0,1 % w/w benzene",122070-79-5,(EU) 2019/831,EU
"petroleum, coal, tar and natural gas and their derivatives generated using distillation and/or other processing methods if they contain = 0,1 % w/w benzene",122070-80-8,(EU) 2019/831,EU
"petroleum, coal, tar and natural gas and their derivatives generated using distillation and/or other processing methods if they contain = 0,1 % w/w benzene",65996-78-3,(EU) 2019/831,EU
"petroleum, coal, tar and natural gas and their derivatives generated using distillation and/or other processing methods if they contain = 0,1 % w/w benzene",94114-52-0,(EU) 2019/831,EU
"petroleum, coal, tar and natural gas and their derivatives generated using distillation and/or other processing methods if they contain = 0,1 % w/w benzene",94114-53-1,(EU) 2019/831,EU
"petroleum, coal, tar and natural gas and their derivatives generated using distillation and/or other processing methods if they contain = 0,1 % w/w benzene",94114-54-2,(EU) 2019/831,EU
"petroleum, coal, tar and natural gas and their derivatives generated using distillation and/or other processing methods if they contain = 0,1 % w/w benzene",94114-56-4,(EU) 2019/831,EU
"petroleum, coal, tar and natural gas and their derivatives generated using distillation and/or other processing methods if they contain = 0,1 % w/w benzene",94114-57-5,(EU) 2019/831,EU
"petroleum, coal, tar and natural gas and their derivatives generated using distillation and/or other processing methods if they contain = 0,1 % w/w benzene",90641-11-5,(EU) 2019/831,EU
"petroleum, coal, tar and natural gas and their derivatives generated using distillation and/or other processing methods if they contain = 0,1 % w/w benzene",8006-61-9,(EU) 2019/831,EU
"petroleum, coal, tar and natural gas and their derivatives generated using distillation and/or other processing methods if they contain = 0,1 % w/w benzene",8030-30-6,(EU) 2019/831,EU
"petroleum, coal, tar and natural gas and their derivatives generated using distillation and/or other processing methods if they contain = 0,1 % w/w benzene",8032-32-4,(EU) 2019/831,EU
"petroleum, coal, tar and natural gas and their derivatives generated using distillation and/or other processing methods if they contain = 0,1 % w/w benzene",64741-41-9,(EU) 2019/831,EU
"petroleum, coal, tar and natural gas and their derivatives generated using distillation and/or other processing methods if they contain = 0,1 % w/w benzene",64741-42-0,(EU) 2019/831,EU
"petroleum, coal, tar and natural gas and their derivatives generated using distillation and/or other processing methods if they contain = 0,1 % w/w benzene",64741-46-4,(EU) 2019/831,EU
"petroleum, coal, tar and natural gas and their derivatives generated using distillation and/or other processing methods if they contain = 0,1 % w/w benzene",64742-89-8,(EU) 2019/831,EU
"petroleum, coal, tar and natural gas and their derivatives generated using distillation and/or other processing methods if they contain = 0,1 % w/w benzene",68410-05-9,(EU) 2019/831,EU
"petroleum, coal, tar and natural gas and their derivatives generated using distillation and/or other processing methods if they contain = 0,1 % w/w benzene",68514-15-8,(EU) 2019/831,EU
"petroleum, coal, tar and natural gas and their derivatives generated using distillation and/or other processing methods if they contain = 0,1 % w/w benzene",68606-11-1,(EU) 2019/831,EU
"petroleum, coal, tar and natural gas and their derivatives generated using distillation and/or other processing methods if they contain = 0,1 % w/w benzene",68783-12-0,(EU) 2019/831,EU
"petroleum, coal, tar and natural gas and their derivatives generated using distillation and/or other processing methods if they contain = 0,1 % w/w benzene",68921-08-4,(EU) 2019/831,EU
"petroleum, coal, tar and natural gas and their derivatives generated using distillation and/or other processing methods if they contain = 0,1 % w/w benzene",101631-20-3,(EU) 2019/831,EU
"petroleum, coal, tar and natural gas and their derivatives generated using distillation and/or other processing methods if they contain = 0,1 % w/w benzene",64741-64-6,(EU) 2019/831,EU
"petroleum, coal, tar and natural gas and their derivatives generated using distillation and/or other processing methods if they contain = 0,1 % w/w benzene",64741-65-7,(EU) 2019/831,EU
"petroleum, coal, tar and natural gas and their derivatives generated using distillation and/or other processing methods if they contain = 0,1 % w/w benzene",64741-66-8,(EU) 2019/831,EU
"petroleum, coal, tar and natural gas and their derivatives generated using distillation and/or other processing methods if they contain = 0,1 % w/w benzene",64741-70-4,(EU) 2019/831,EU
"petroleum, coal, tar and natural gas and their derivatives generated using distillation and/or other processing methods if they contain = 0,1 % w/w benzene",64741-84-0,(EU) 2019/831,EU
"petroleum, coal, tar and natural gas and their derivatives generated using distillation and/or other processing methods if they contain = 0,1 % w/w benzene",64741-92-0,(EU) 2019/831,EU
"petroleum, coal, tar and natural gas and their derivatives generated using distillation and/or other processing methods if they contain = 0,1 % w/w benzene",68410-71-9,(EU) 2019/831,EU
"petroleum, coal, tar and natural gas and their derivatives generated using distillation and/or other processing methods if they contain = 0,1 % w/w benzene",68425-35-4,(EU) 2019/831,EU
"petroleum, coal, tar and natural gas and their derivatives generated using distillation and/or other processing methods if they contain = 0,1 % w/w benzene",68527-27-5,(EU) 2019/831,EU
"petroleum, coal, tar and natural gas and their derivatives generated using distillation and/or other processing methods if they contain = 0,1 % w/w benzene",91995-53-8,(EU) 2019/831,EU
"petroleum, coal, tar and natural gas and their derivatives generated using distillation and/or other processing methods if they contain = 0,1 % w/w benzene",92045-49-3,(EU) 2019/831,EU
"petroleum, coal, tar and natural gas and their derivatives generated using distillation and/or other processing methods if they contain = 0,1 % w/w benzene",92045-55-1,(EU) 2019/831,EU
"petroleum, coal, tar and natural gas and their derivatives generated using distillation and/or other processing methods if they contain = 0,1 % w/w benzene",92045-58-4,(EU) 2019/831,EU
"petroleum, coal, tar and natural gas and their derivatives generated using distillation and/or other processing methods if they contain = 0,1 % w/w benzene",92045-64-2,(EU) 2019/831,EU
"petroleum, coal, tar and natural gas and their derivatives generated using distillation and/or other processing methods if they contain = 0,1 % w/w benzene",101316-67-0,(EU) 2019/831,EU
"petroleum, coal, tar and natural gas and their derivatives generated using distillation and/or other processing methods if they contain = 0,1 % w/w benzene",64741-54-4,(EU) 2019/831,EU
"petroleum, coal, tar and natural gas and their derivatives generated using distillation and/or other processing methods if they contain = 0,1 % w/w benzene",64741-55-5,(EU) 2019/831,EU
"petroleum, coal, tar and natural gas and their derivatives generated using distillation and/or other processing methods if they contain = 0,1 % w/w benzene",68476-46-0,(EU) 2019/831,EU
"petroleum, coal, tar and natural gas and their derivatives generated using distillation and/or other processing methods if they contain = 0,1 % w/w benzene",68783-09-5,(EU) 2019/831,EU
"petroleum, coal, tar and natural gas and their derivatives generated using distillation and/or other processing methods if they contain = 0,1 % w/w benzene",91995-50-5,(EU) 2019/831,EU
"petroleum, coal, tar and natural gas and their derivatives generated using distillation and/or other processing methods if they contain = 0,1 % w/w benzene",92045-50-6,(EU) 2019/831,EU
"petroleum, coal, tar and natural gas and their derivatives generated using distillation and/or other processing methods if they contain = 0,1 % w/w benzene",92045-59-5,(EU) 2019/831,EU
"petroleum, coal, tar and natural gas and their derivatives generated using distillation and/or other processing methods if they contain = 0,1 % w/w benzene",92128-94-4,(EU) 2019/831,EU
"petroleum, coal, tar and natural gas and their derivatives generated using distillation and/or other processing methods if they contain = 0,1 % w/w benzene",101794-97-2,(EU) 2019/831,EU
"petroleum, coal, tar and natural gas and their derivatives generated using distillation and/or other processing methods if they contain = 0,1 % w/w benzene",101896-28-0,(EU) 2019/831,EU
"petroleum, coal, tar and natural gas and their derivatives generated using distillation and/or other processing methods if they contain = 0,1 % w/w benzene",64741-63-5,(EU) 2019/831,EU
"petroleum, coal, tar and natural gas and their derivatives generated using distillation and/or other processing methods if they contain = 0,1 % w/w benzene",64741-68-0,(EU) 2019/831,EU
"petroleum, coal, tar and natural gas and their derivatives generated using distillation and/or other processing methods if they contain = 0,1 % w/w benzene",68475-79-6,(EU) 2019/831,EU
"petroleum, coal, tar and natural gas and their derivatives generated using distillation and/or other processing methods if they contain = 0,1 % w/w benzene",68476-47-1,(EU) 2019/831,EU
"petroleum, coal, tar and natural gas and their derivatives generated using distillation and/or other processing methods if they contain = 0,1 % w/w benzene",68478-15-9,(EU) 2019/831,EU
"petroleum, coal, tar and natural gas and their derivatives generated using distillation and/or other processing methods if they contain = 0,1 % w/w benzene",68513-03-1,(EU) 2019/831,EU
"petroleum, coal, tar and natural gas and their derivatives generated using distillation and/or other processing methods if they contain = 0,1 % w/w benzene",68513-63-3,(EU) 2019/831,EU
"petroleum, coal, tar and natural gas and their derivatives generated using distillation and/or other processing methods if they contain = 0,1 % w/w benzene",68514-79-4,(EU) 2019/831,EU
"petroleum, coal, tar and natural gas and their derivatives generated using distillation and/or other processing methods if they contain = 0,1 % w/w benzene",68919-37-9,(EU) 2019/831,EU
"petroleum, coal, tar and natural gas and their derivatives generated using distillation and/or other processing methods if they contain = 0,1 % w/w benzene",68955-35-1,(EU) 2019/831,EU
"petroleum, coal, tar and natural gas and their derivatives generated using distillation and/or other processing methods if they contain = 0,1 % w/w benzene",85116-58-1,(EU) 2019/831,EU
"petroleum, coal, tar and natural gas and their derivatives generated using distillation and/or other processing methods if they contain = 0,1 % w/w benzene",91995-18-5,(EU) 2019/831,EU
"petroleum, coal, tar and natural gas and their derivatives generated using distillation and/or other processing methods if they contain = 0,1 % w/w benzene",93571-75-6,(EU) 2019/831,EU
"petroleum, coal, tar and natural gas and their derivatives generated using distillation and/or other processing methods if they contain = 0,1 % w/w benzene",93572-29-3,(EU) 2019/831,EU
"petroleum, coal, tar and natural gas and their derivatives generated using distillation and/or other processing methods if they contain = 0,1 % w/w benzene",93572-35-1,(EU) 2019/831,EU
"petroleum, coal, tar and natural gas and their derivatives generated using distillation and/or other processing methods if they contain = 0,1 % w/w benzene",93572-36-2,(EU) 2019/831,EU
"petroleum, coal, tar and natural gas and their derivatives generated using distillation and/or other processing methods if they contain = 0,1 % w/w benzene",64741-74-8,(EU) 2019/831,EU
"petroleum, coal, tar and natural gas and their derivatives generated using distillation and/or other processing methods if they contain = 0,1 % w/w benzene",64741-83-9,(EU) 2019/831,EU
"petroleum, coal, tar and natural gas and their derivatives generated using distillation and/or other processing methods if they contain = 0,1 % w/w benzene",67891-79-6,(EU) 2019/831,EU
"petroleum, coal, tar and natural gas and their derivatives generated using distillation and/or other processing methods if they contain = 0,1 % w/w benzene",67891-80-9,(EU) 2019/831,EU
"petroleum, coal, tar and natural gas and their derivatives generated using distillation and/or other processing methods if they contain = 0,1 % w/w benzene",68425-29-6,(EU) 2019/831,EU
"petroleum, coal, tar and natural gas and their derivatives generated using distillation and/or other processing methods if they contain = 0,1 % w/w benzene",68475-70-7,(EU) 2019/831,EU
"petroleum, coal, tar and natural gas and their derivatives generated using distillation and/or other processing methods if they contain = 0,1 % w/w benzene",68603-00-9,(EU) 2019/831,EU
"petroleum, coal, tar and natural gas and their derivatives generated using distillation and/or other processing methods if they contain = 0,1 % w/w benzene",68603-01-0,(EU) 2019/831,EU
"petroleum, coal, tar and natural gas and their derivatives generated using distillation and/or other processing methods if they contain = 0,1 % w/w benzene",68603-03-2,(EU) 2019/831,EU
"petroleum, coal, tar and natural gas and their derivatives generated using distillation and/or other processing methods if they contain = 0,1 % w/w benzene",68955-29-3,(EU) 2019/831,EU
"petroleum, coal, tar and natural gas and their derivatives generated using distillation and/or other processing methods if they contain = 0,1 % w/w benzene",92045-65-3,(EU) 2019/831,EU
"petroleum, coal, tar and natural gas and their derivatives generated using distillation and/or other processing methods if they contain = 0,1 % w/w benzene",64742-48-9,(EU) 2019/831,EU
"petroleum, coal, tar and natural gas and their derivatives generated using distillation and/or other processing methods if they contain = 0,1 % w/w benzene",64742-49-0,(EU) 2019/831,EU
"petroleum, coal, tar and natural gas and their derivatives generated using distillation and/or other processing methods if they contain = 0,1 % w/w benzene",64742-73-0,(EU) 2019/831,EU
"petroleum, coal, tar and natural gas and their derivatives generated using distillation and/or other processing methods if they contain = 0,1 % w/w benzene",68410-96-8,(EU) 2019/831,EU
"petroleum, coal, tar and natural gas and their derivatives generated using distillation and/or other processing methods if they contain = 0,1 % w/w benzene",68410-97-9,(EU) 2019/831,EU
"petroleum, coal, tar and natural gas and their derivatives generated using distillation and/or other processing methods if they contain = 0,1 % w/w benzene",68410-98-0,(EU) 2019/831,EU
"petroleum, coal, tar and natural gas and their derivatives generated using distillation and/or other processing methods if they contain = 0,1 % w/w benzene",68512-78-7,(EU) 2019/831,EU
"petroleum, coal, tar and natural gas and their derivatives generated using distillation and/or other processing methods if they contain = 0,1 % w/w benzene",85116-60-5,(EU) 2019/831,EU
"petroleum, coal, tar and natural gas and their derivatives generated using distillation and/or other processing methods if they contain = 0,1 % w/w benzene",85116-61-6,(EU) 2019/831,EU
"petroleum, coal, tar and natural gas and their derivatives generated using distillation and/or other processing methods if they contain = 0,1 % w/w benzene",92045-51-7,(EU) 2019/831,EU
"petroleum, coal, tar and natural gas and their derivatives generated using distillation and/or other processing methods if they contain = 0,1 % w/w benzene",92045-52-8,(EU) 2019/831,EU
"petroleum, coal, tar and natural gas and their derivatives generated using distillation and/or other processing methods if they contain = 0,1 % w/w benzene",92045-57-3,(EU) 2019/831,EU
"petroleum, coal, tar and natural gas and their derivatives generated using distillation and/or other processing methods if they contain = 0,1 % w/w benzene",92045-61-9,(EU) 2019/831,EU
"petroleum, coal, tar and natural gas and their derivatives generated using distillation and/or other processing methods if they contain = 0,1 % w/w benzene",92062-15-2,(EU) 2019/831,EU
"petroleum, coal, tar and natural gas and their derivatives generated using distillation and/or other processing methods if they contain = 0,1 % w/w benzene",93165-55-0,(EU) 2019/831,EU
"petroleum, coal, tar and natural gas and their derivatives generated using distillation and/or other processing methods if they contain = 0,1 % w/w benzene",93763-33-8,(EU) 2019/831,EU
"petroleum, coal, tar and natural gas and their derivatives generated using distillation and/or other processing methods if they contain = 0,1 % w/w benzene",93763-34-9,(EU) 2019/831,EU
"petroleum, coal, tar and natural gas and their derivatives generated using distillation and/or other processing methods if they contain = 0,1 % w/w benzene",64741-47-5,(EU) 2019/831,EU
"petroleum, coal, tar and natural gas and their derivatives generated using distillation and/or other processing methods if they contain = 0,1 % w/w benzene",64741-48-6,(EU) 2019/831,EU
"petroleum, coal, tar and natural gas and their derivatives generated using distillation and/or other processing methods if they contain = 0,1 % w/w benzene",64741-69-1,(EU) 2019/831,EU
"petroleum, coal, tar and natural gas and their derivatives generated using distillation and/or other processing methods if they contain = 0,1 % w/w benzene",64741-78-2,(EU) 2019/831,EU
"petroleum, coal, tar and natural gas and their derivatives generated using distillation and/or other processing methods if they contain = 0,1 % w/w benzene",64741-87-3,(EU) 2019/831,EU
"petroleum, coal, tar and natural gas and their derivatives generated using distillation and/or other processing methods if they contain = 0,1 % w/w benzene",64742-15-0,(EU) 2019/831,EU
"petroleum, coal, tar and natural gas and their derivatives generated using distillation and/or other processing methods if they contain = 0,1 % w/w benzene",64742-22-9,(EU) 2019/831,EU
"petroleum, coal, tar and natural gas and their derivatives generated using distillation and/or other processing methods if they contain = 0,1 % w/w benzene",64742-23-0,(EU) 2019/831,EU
"petroleum, coal, tar and natural gas and their derivatives generated using distillation and/or other processing methods if they contain = 0,1 % w/w benzene",64742-66-1,(EU) 2019/831,EU
"petroleum, coal, tar and natural gas and their derivatives generated using distillation and/or other processing methods if they contain = 0,1 % w/w benzene",64742-83-2,(EU) 2019/831,EU
"petroleum, coal, tar and natural gas and their derivatives generated using distillation and/or other processing methods if they contain = 0,1 % w/w benzene",64742-95-6,(EU) 2019/831,EU
"petroleum, coal, tar and natural gas and their derivatives generated using distillation and/or other processing methods if they contain = 0,1 % w/w benzene",68131-49-7,(EU) 2019/831,EU
"petroleum, coal, tar and natural gas and their derivatives generated using distillation and/or other processing methods if they contain = 0,1 % w/w benzene",68477-34-9,(EU) 2019/831,EU
"petroleum, coal, tar and natural gas and their derivatives generated using distillation and/or other processing methods if they contain = 0,1 % w/w benzene",68477-50-9,(EU) 2019/831,EU
"petroleum, coal, tar and natural gas and their derivatives generated using distillation and/or other processing methods if they contain = 0,1 % w/w benzene",68477-53-2,(EU) 2019/831,EU
"petroleum, coal, tar and natural gas and their derivatives generated using distillation and/or other processing methods if they contain = 0,1 % w/w benzene",68477-55-4,(EU) 2019/831,EU
"petroleum, coal, tar and natural gas and their derivatives generated using distillation and/or other processing methods if they contain = 0,1 % w/w benzene",68477-61-2,(EU) 2019/831,EU
"petroleum, coal, tar and natural gas and their derivatives generated using distillation and/or other processing methods if they contain = 0,1 % w/w benzene",68477-89-4,(EU) 2019/831,EU
"petroleum, coal, tar and natural gas and their derivatives generated using distillation and/or other processing methods if they contain = 0,1 % w/w benzene",68478-12-6,(EU) 2019/831,EU
"petroleum, coal, tar and natural gas and their derivatives generated using distillation and/or other processing methods if they contain = 0,1 % w/w benzene",68478-16-0,(EU) 2019/831,EU
"petroleum, coal, tar and natural gas and their derivatives generated using distillation and/or other processing methods if they contain = 0,1 % w/w benzene",68513-02-0,(EU) 2019/831,EU
"petroleum, coal, tar and natural gas and their derivatives generated using distillation and/or other processing methods if they contain = 0,1 % w/w benzene",68516-20-1,(EU) 2019/831,EU
"petroleum, coal, tar and natural gas and their derivatives generated using distillation and/or other processing methods if they contain = 0,1 % w/w benzene",68527-21-9,(EU) 2019/831,EU
"petroleum, coal, tar and natural gas and their derivatives generated using distillation and/or other processing methods if they contain = 0,1 % w/w benzene",68527-22-0,(EU) 2019/831,EU
"petroleum, coal, tar and natural gas and their derivatives generated using distillation and/or other processing methods if they contain = 0,1 % w/w benzene",68527-23-1,(EU) 2019/831,EU
"petroleum, coal, tar and natural gas and their derivatives generated using distillation and/or other processing methods if they contain = 0,1 % w/w benzene",68527-26-4,(EU) 2019/831,EU
"petroleum, coal, tar and natural gas and their derivatives generated using distillation and/or other processing methods if they contain = 0,1 % w/w benzene",68603-08-7,(EU) 2019/831,EU
"petroleum, coal, tar and natural gas and their derivatives generated using distillation and/or other processing methods if they contain = 0,1 % w/w benzene",68606-10-0,(EU) 2019/831,EU
"petroleum, coal, tar and natural gas and their derivatives generated using distillation and/or other processing methods if they contain = 0,1 % w/w benzene",68783-66-4,(EU) 2019/831,EU
"petroleum, coal, tar and natural gas and their derivatives generated using distillation and/or other processing methods if they contain = 0,1 % w/w benzene",68919-39-1,(EU) 2019/831,EU
"petroleum, coal, tar and natural gas and their derivatives generated using distillation and/or other processing methods if they contain = 0,1 % w/w benzene",68921-09-5,(EU) 2019/831,EU
"petroleum, coal, tar and natural gas and their derivatives generated using distillation and/or other processing methods if they contain = 0,1 % w/w benzene",85116-59-2,(EU) 2019/831,EU
"petroleum, coal, tar and natural gas and their derivatives generated using distillation and/or other processing methods if they contain = 0,1 % w/w benzene",86290-81-5,(EU) 2019/831,EU
"petroleum, coal, tar and natural gas and their derivatives generated using distillation and/or other processing methods if they contain = 0,1 % w/w benzene",90989-42-7,(EU) 2019/831,EU
"petroleum, coal, tar and natural gas and their derivatives generated using distillation and/or other processing methods if they contain = 0,1 % w/w benzene",91995-38-9,(EU) 2019/831,EU
"petroleum, coal, tar and natural gas and their derivatives generated using distillation and/or other processing methods if they contain = 0,1 % w/w benzene",91995-41-4,(EU) 2019/831,EU
"petroleum, coal, tar and natural gas and their derivatives generated using distillation and/or other processing methods if they contain = 0,1 % w/w benzene",91995-68-5,(EU) 2019/831,EU
"petroleum, coal, tar and natural gas and their derivatives generated using distillation and/or other processing methods if they contain = 0,1 % w/w benzene",92045-53-9,(EU) 2019/831,EU
"petroleum, coal, tar and natural gas and their derivatives generated using distillation and/or other processing methods if they contain = 0,1 % w/w benzene",92045-60-8,(EU) 2019/831,EU
"petroleum, coal, tar and natural gas and their derivatives generated using distillation and/or other processing methods if they contain = 0,1 % w/w benzene",92045-62-0,(EU) 2019/831,EU
"petroleum, coal, tar and natural gas and their derivatives generated using distillation and/or other processing methods if they contain = 0,1 % w/w benzene",92045-63-1,(EU) 2019/831,EU
"petroleum, coal, tar and natural gas and their derivatives generated using distillation and/or other processing methods if they contain = 0,1 % w/w benzene",92201-97-3,(EU) 2019/831,EU
"petroleum, coal, tar and natural gas and their derivatives generated using distillation and/or other processing methods if they contain = 0,1 % w/w benzene",93165-19-6,(EU) 2019/831,EU
"petroleum, coal, tar and natural gas and their derivatives generated using distillation and/or other processing methods if they contain = 0,1 % w/w benzene",94114-03-1,(EU) 2019/831,EU
"petroleum, coal, tar and natural gas and their derivatives generated using distillation and/or other processing methods if they contain = 0,1 % w/w benzene",95009-23-7,(EU) 2019/831,EU
"petroleum, coal, tar and natural gas and their derivatives generated using distillation and/or other processing methods if they contain = 0,1 % w/w benzene",97926-43-7,(EU) 2019/831,EU
"petroleum, coal, tar and natural gas and their derivatives generated using distillation and/or other processing methods if they contain = 0,1 % w/w benzene",98219-46-6,(EU) 2019/831,EU
"petroleum, coal, tar and natural gas and their derivatives generated using distillation and/or other processing methods if they contain = 0,1 % w/w benzene",98219-47-7,(EU) 2019/831,EU
"petroleum, coal, tar and natural gas and their derivatives generated using distillation and/or other processing methods if they contain = 0,1 % w/w benzene",101316-56-7,(EU) 2019/831,EU
"petroleum, coal, tar and natural gas and their derivatives generated using distillation and/or other processing methods if they contain = 0,1 % w/w benzene",101316-66-9,(EU) 2019/831,EU
"petroleum, coal, tar and natural gas and their derivatives generated using distillation and/or other processing methods if they contain = 0,1 % w/w benzene",101316-76-1,(EU) 2019/831,EU
"petroleum, coal, tar and natural gas and their derivatives generated using distillation and/or other processing methods if they contain = 0,1 % w/w benzene",101795-01-1,(EU) 2019/831,EU
"petroleum, coal, tar and natural gas and their derivatives generated using distillation and/or other processing methods if they contain = 0,1 % w/w benzene",102110-14-5,(EU) 2019/831,EU
"petroleum, coal, tar and natural gas and their derivatives generated using distillation and/or other processing methods if they contain = 0,1 % w/w benzene",68476-50-6,(EU) 2019/831,EU
"petroleum, coal, tar and natural gas and their derivatives generated using distillation and/or other processing methods if they contain = 0,1 % w/w benzene",68476-55-1,(EU) 2019/831,EU
"petroleum, coal, tar and natural gas and their derivatives generated using distillation and/or other processing methods if they contain = 0,1 % w/w benzene",90989-39-2,(EU) 2019/831,EU
"petroleum, coal, tar and natural gas and their derivatives generated using distillation and/or other processing methods if they contain = 0,005 % w/w benzo[a]pyrene",90640-85-0,(EU) 2019/831,EU
"petroleum, coal, tar and natural gas and their derivatives generated using distillation and/or other processing methods if they contain = 0,005 % w/w benzo[a]pyrene",92061-93-3,(EU) 2019/831,EU
"petroleum, coal, tar and natural gas and their derivatives generated using distillation and/or other processing methods if they contain = 0,005 % w/w benzo[a]pyrene",90640-84-9,(EU) 2019/831,EU
"petroleum, coal, tar and natural gas and their derivatives generated using distillation and/or other processing methods if they contain = 0,005 % w/w benzo[a]pyrene",61789-28-4,(EU) 2019/831,EU
"petroleum, coal, tar and natural gas and their derivatives generated using distillation and/or other processing methods if they contain = 0,005 % w/w benzo[a]pyrene",70321-79-8,(EU) 2019/831,EU
"petroleum, coal, tar and natural gas and their derivatives generated using distillation and/or other processing methods if they contain = 0,005 % w/w benzo[a]pyrene",122384-77-4,(EU) 2019/831,EU
"petroleum, coal, tar and natural gas and their derivatives generated using distillation and/or other processing methods if they contain = 0,005 % w/w benzo[a]pyrene",70321-80-1,(EU) 2019/831,EU
"petroleum, coal, tar and natural gas and their derivatives generated using distillation and/or other processing methods if they contain = 0,1 % w/w benzene or if they contain = 0,005 % w/w benzo[a]pyrene",85029-51-2,(EU) 2019/831,EU
"petroleum, coal, tar and natural gas and their derivatives generated using distillation and/or other processing methods if they contain = 0,1 % w/w benzene or if they contain = 0,005 % w/w benzo[a]pyrene",84650-04-4,(EU) 2019/831,EU
"petroleum, coal, tar and natural gas and their derivatives generated using distillation and/or other processing methods if they contain = 0,1 % w/w benzene or if they contain = 0,005 % w/w benzo[a]pyrene",84989-09-3,(EU) 2019/831,EU
"petroleum, coal, tar and natural gas and their derivatives generated using distillation and/or other processing methods if they contain = 0,1 % w/w benzene or if they contain = 0,005 % w/w benzo[a]pyrene",91995-49-2,(EU) 2019/831,EU
"petroleum, coal, tar and natural gas and their derivatives generated using distillation and/or other processing methods if they contain = 0,1 % w/w benzene or if they contain = 0,005 % w/w benzo[a]pyrene",121620-47-1,(EU) 2019/831,EU
"petroleum, coal, tar and natural gas and their derivatives generated using distillation and/or other processing methods if they contain = 0,1 % w/w benzene or if they contain = 0,005 % w/w benzo[a]pyrene",121620-48-2,(EU) 2019/831,EU
"petroleum, coal, tar and natural gas and their derivatives generated using distillation and/or other processing methods if they contain = 0,1 % w/w benzene or if they contain = 0,005 % w/w benzo[a]pyrene",90640-90-7,(EU) 2019/831,EU
"petroleum, coal, tar and natural gas and their derivatives generated using distillation and/or other processing methods if they contain = 0,1 % w/w benzene or if they contain = 0,005 % w/w benzo[a]pyrene",90641-04-6,(EU) 2019/831,EU
"petroleum, coal, tar and natural gas and their derivatives generated using distillation and/or other processing methods if they contain = 0,1 % w/w benzene or if they contain = 0,005 % w/w benzo[a]pyrene",101896-27-9,(EU) 2019/831,EU
"petroleum, coal, tar and natural gas and their derivatives generated using distillation and/or other processing methods if they contain = 0,1 % w/w benzene or if they contain = 0,005 % w/w benzo[a]pyrene",101794-91-6,(EU) 2019/831,EU
"petroleum, coal, tar and natural gas and their derivatives generated using distillation and/or other processing methods if they contain = 0,1 % w/w benzene or if they contain = 0,005 % w/w benzo[a]pyrene",91995-48-1,(EU) 2019/831,EU
"petroleum, coal, tar and natural gas and their derivatives generated using distillation and/or other processing methods if they contain = 0,1 % w/w benzene or if they contain = 0,005 % w/w benzo[a]pyrene",90641-05-7,(EU) 2019/831,EU
"petroleum, coal, tar and natural gas and their derivatives generated using distillation and/or other processing methods if they contain = 0,1 % w/w benzene or if they contain = 0,005 % w/w benzo[a]pyrene",84989-12-8,(EU) 2019/831,EU
"petroleum, coal, tar and natural gas and their derivatives generated using distillation and/or other processing methods if they contain = 0,1 % w/w benzene or if they contain = 0,005 % w/w benzo[a]pyrene",121620-46-0,(EU) 2019/831,EU
"petroleum, coal, tar and natural gas and their derivatives generated using distillation and/or other processing methods if they contain = 0,1 % w/w benzene or if they contain = 0,005 % w/w benzo[a]pyrene",90640-81-6,(EU) 2019/831,EU
"petroleum, coal, tar and natural gas and their derivatives generated using distillation and/or other processing methods if they contain = 0,1 % w/w benzene or if they contain = 0,005 % w/w benzo[a]pyrene",90640-82-7,(EU) 2019/831,EU
"petroleum, coal, tar and natural gas and their derivatives generated using distillation and/or other processing methods if they contain = 0,1 % w/w benzene or if they contain = 0,005 % w/w benzo[a]pyrene",92061-92-2,(EU) 2019/831,EU
"petroleum, coal, tar and natural gas and their derivatives generated using distillation and/or other processing methods if they contain = 0,1 % w/w benzene or if they contain = 0,005 % w/w benzo[a]pyrene",91995-15-2,(EU) 2019/831,EU
"petroleum, coal, tar and natural gas and their derivatives generated using distillation and/or other processing methods if they contain = 0,1 % w/w benzene or if they contain = 0,005 % w/w benzo[a]pyrene",91995-16-3,(EU) 2019/831,EU
"petroleum, coal, tar and natural gas and their derivatives generated using distillation and/or other processing methods if they contain = 0,1 % w/w benzene or if they contain = 0,005 % w/w benzo[a]pyrene",91995-17-4,(EU) 2019/831,EU
"petroleum, coal, tar and natural gas and their derivatives generated using distillation and/or other processing methods if they contain = 0,1 % w/w benzene or if they contain = 0,005 % w/w benzo[a]pyrene",101316-87-4,(EU) 2019/831,EU
"petroleum, coal, tar and natural gas and their derivatives generated using distillation and/or other processing methods if they contain = 0,1 % w/w benzene or if they contain = 0,005 % w/w benzo[a]pyrene",122384-78-5,(EU) 2019/831,EU
"petroleum, coal, tar and natural gas and their derivatives generated using distillation and/or other processing methods if they contain = 0,1 % w/w benzene or if they contain = 0,005 % w/w benzo[a]pyrene",84988-93-2,(EU) 2019/831,EU
"petroleum, coal, tar and natural gas and their derivatives generated using distillation and/or other processing methods if they contain = 0,1 % w/w benzene or if they contain = 0,005 % w/w benzo[a]pyrene",90640-88-3,(EU) 2019/831,EU
"petroleum, coal, tar and natural gas and their derivatives generated using distillation and/or other processing methods if they contain = 0,1 % w/w benzene or if they contain = 0,005 % w/w benzo[a]pyrene",65996-83-0,(EU) 2019/831,EU
"petroleum, coal, tar and natural gas and their derivatives generated using distillation and/or other processing methods if they contain = 0,1 % w/w benzene or if they contain = 0,005 % w/w benzo[a]pyrene",90640-89-4,(EU) 2019/831,EU
"petroleum, coal, tar and natural gas and their derivatives generated using distillation and/or other processing methods if they contain = 0,1 % w/w benzene or if they contain = 0,005 % w/w benzo[a]pyrene",90641-06-8,(EU) 2019/831,EU
"petroleum, coal, tar and natural gas and their derivatives generated using distillation and/or other processing methods if they contain = 0,1 % w/w benzene or if they contain = 0,005 % w/w benzo[a]pyrene",65996-85-2,(EU) 2019/831,EU
"petroleum, coal, tar and natural gas and their derivatives generated using distillation and/or other processing methods if they contain = 0,1 % w/w benzene or if they contain = 0,005 % w/w benzo[a]pyrene",101316-86-3,(EU) 2019/831,EU
"petroleum, coal, tar and natural gas and their derivatives generated using distillation and/or other processing methods if they contain = 0,1 % w/w benzene or if they contain = 0,005 % w/w benzo[a]pyrene",92062-22-1,(EU) 2019/831,EU
"petroleum, coal, tar and natural gas and their derivatives generated using distillation and/or other processing methods if they contain = 0,1 % w/w benzene or if they contain = 0,005 % w/w benzo[a]pyrene",96690-55-0,(EU) 2019/831,EU
"petroleum, coal, tar and natural gas and their derivatives generated using distillation and/or other processing methods if they contain = 0,1 % w/w benzene or if they contain = 0,005 % w/w benzo[a]pyrene",84989-04-8,(EU) 2019/831,EU
"petroleum, coal, tar and natural gas and their derivatives generated using distillation and/or other processing methods if they contain = 0,1 % w/w benzene or if they contain = 0,005 % w/w benzo[a]pyrene",84989-05-9,(EU) 2019/831,EU
"petroleum, coal, tar and natural gas and their derivatives generated using distillation and/or other processing methods if they contain = 0,1 % w/w benzene or if they contain = 0,005 % w/w benzo[a]pyrene",84989-06-0,(EU) 2019/831,EU
"petroleum, coal, tar and natural gas and their derivatives generated using distillation and/or other processing methods if they contain = 0,1 % w/w benzene or if they contain = 0,005 % w/w benzo[a]pyrene",84989-03-7,(EU) 2019/831,EU
"petroleum, coal, tar and natural gas and their derivatives generated using distillation and/or other processing methods if they contain = 0,1 % w/w benzene or if they contain = 0,005 % w/w benzo[a]pyrene",84989-07-1,(EU) 2019/831,EU
"petroleum, coal, tar and natural gas and their derivatives generated using distillation and/or other processing methods if they contain = 0,1 % w/w benzene or if they contain = 0,005 % w/w benzo[a]pyrene",68477-23-6,(EU) 2019/831,EU
"petroleum, coal, tar and natural gas and their derivatives generated using distillation and/or other processing methods if they contain = 0,1 % w/w benzene or if they contain = 0,005 % w/w benzo[a]pyrene",68555-24-8,(EU) 2019/831,EU
"petroleum, coal, tar and natural gas and their derivatives generated using distillation and/or other processing methods if they contain = 0,1 % w/w benzene or if they contain = 0,005 % w/w benzo[a]pyrene",91079-47-9,(EU) 2019/831,EU
"petroleum, coal, tar and natural gas and their derivatives generated using distillation and/or other processing methods if they contain = 0,1 % w/w benzene or if they contain = 0,005 % w/w benzo[a]pyrene",92062-26-5,(EU) 2019/831,EU
"petroleum, coal, tar and natural gas and their derivatives generated using distillation and/or other processing methods if they contain = 0,1 % w/w benzene or if they contain = 0,005 % w/w benzo[a]pyrene",94114-29-1,(EU) 2019/831,EU
"petroleum, coal, tar and natural gas and their derivatives generated using distillation and/or other processing methods if they contain = 0,1 % w/w benzene or if they contain = 0,005 % w/w benzo[a]pyrene",90641-00-2,(EU) 2019/831,EU
"petroleum, coal, tar and natural gas and their derivatives generated using distillation and/or other processing methods if they contain = 0,1 % w/w benzene or if they contain = 0,005 % w/w benzo[a]pyrene",68513-87-1,(EU) 2019/831,EU
"petroleum, coal, tar and natural gas and their derivatives generated using distillation and/or other processing methods if they contain = 0,1 % w/w benzene or if they contain = 0,005 % w/w benzo[a]pyrene",70321-67-4,(EU) 2019/831,EU
"petroleum, coal, tar and natural gas and their derivatives generated using distillation and/or other processing methods if they contain = 0,1 % w/w benzene or if they contain = 0,005 % w/w benzo[a]pyrene",92062-29-8,(EU) 2019/831,EU
"petroleum, coal, tar and natural gas and their derivatives generated using distillation and/or other processing methods if they contain = 0,1 % w/w benzene or if they contain = 0,005 % w/w benzo[a]pyrene",100801-63-6,(EU) 2019/831,EU
"petroleum, coal, tar and natural gas and their derivatives generated using distillation and/or other processing methods if they contain = 0,1 % w/w benzene or if they contain = 0,005 % w/w benzo[a]pyrene",100801-65-8,(EU) 2019/831,EU
"petroleum, coal, tar and natural gas and their derivatives generated using distillation and/or other processing methods if they contain = 0,1 % w/w benzene or if they contain = 0,005 % w/w benzo[a]pyrene",100801-66-9,(EU) 2019/831,EU
"petroleum, coal, tar and natural gas and their derivatives generated using distillation and/or other processing methods if they contain = 0,1 % w/w benzene or if they contain = 0,005 % w/w benzo[a]pyrene",73665-18-6,(EU) 2019/831,EU
"petroleum, coal, tar and natural gas and their derivatives generated using distillation and/or other processing methods if they contain = 0,1 % w/w benzene or if they contain = 0,005 % w/w benzo[a]pyrene",68815-21-4,(EU) 2019/831,EU
"petroleum, coal, tar and natural gas and their derivatives generated using distillation and/or other processing methods if they contain = 0,1 % w/w benzene or if they contain = 0,005 % w/w benzo[a]pyrene",65996-86-3,(EU) 2019/831,EU
"petroleum, coal, tar and natural gas and their derivatives generated using distillation and/or other processing methods if they contain = 0,1 % w/w benzene or if they contain = 0,005 % w/w benzo[a]pyrene",65996-84-1,(EU) 2019/831,EU
"petroleum, coal, tar and natural gas and their derivatives generated using distillation and/or other processing methods if they contain = 0,1 % w/w 1,3-butadiene",68607-11-4,(EU) 2019/831,EU
"petroleum, coal, tar and natural gas and their derivatives generated using distillation and/or other processing methods if they contain = 0,1 % w/w 1,3-butadiene",68783-06-2,(EU) 2019/831,EU
"petroleum, coal, tar and natural gas and their derivatives generated using distillation and/or other processing methods if they contain = 0,1 % w/w 1,3-butadiene",68814-67-5,(EU) 2019/831,EU
"petroleum, coal, tar and natural gas and their derivatives generated using distillation and/or other processing methods if they contain = 0,1 % w/w 1,3-butadiene",68814-90-4,(EU) 2019/831,EU
"petroleum, coal, tar and natural gas and their derivatives generated using distillation and/or other processing methods if they contain = 0,1 % w/w 1,3-butadiene",68911-58-0,(EU) 2019/831,EU
"petroleum, coal, tar and natural gas and their derivatives generated using distillation and/or other processing methods if they contain = 0,1 % w/w 1,3-butadiene",68911-59-1,(EU) 2019/831,EU
"petroleum, coal, tar and natural gas and their derivatives generated using distillation and/or other processing methods if they contain = 0,1 % w/w 1,3-butadiene",68919-01-7,(EU) 2019/831,EU
"petroleum, coal, tar and natural gas and their derivatives generated using distillation and/or other processing methods if they contain = 0,1 % w/w 1,3-butadiene",68919-02-8,(EU) 2019/831,EU
"petroleum, coal, tar and natural gas and their derivatives generated using distillation and/or other processing methods if they contain = 0,1 % w/w 1,3-butadiene",68919-03-9,(EU) 2019/831,EU
"petroleum, coal, tar and natural gas and their derivatives generated using distillation and/or other processing methods if they contain = 0,1 % w/w 1,3-butadiene",68919-04-0,(EU) 2019/831,EU
"petroleum, coal, tar and natural gas and their derivatives generated using distillation and/or other processing methods if they contain = 0,1 % w/w 1,3-butadiene",68919-07-3,(EU) 2019/831,EU
"petroleum, coal, tar and natural gas and their derivatives generated using distillation and/or other processing methods if they contain = 0,1 % w/w 1,3-butadiene",68919-08-4,(EU) 2019/831,EU
"petroleum, coal, tar and natural gas and their derivatives generated using distillation and/or other processing methods if they contain = 0,1 % w/w 1,3-butadiene",68919-11-9,(EU) 2019/831,EU
"petroleum, coal, tar and natural gas and their derivatives generated using distillation and/or other processing methods if they contain = 0,1 % w/w 1,3-butadiene",68919-12-0,(EU) 2019/831,EU
"petroleum, coal, tar and natural gas and their derivatives generated using distillation and/or other processing methods if they contain = 0,1 % w/w 1,3-butadiene",68952-79-4,(EU) 2019/831,EU
"petroleum, coal, tar and natural gas and their derivatives generated using distillation and/or other processing methods if they contain = 0,1 % w/w 1,3-butadiene",68952-80-7,(EU) 2019/831,EU
"petroleum, coal, tar and natural gas and their derivatives generated using distillation and/or other processing methods if they contain = 0,1 % w/w 1,3-butadiene",68955-33-9,(EU) 2019/831,EU
"petroleum, coal, tar and natural gas and their derivatives generated using distillation and/or other processing methods if they contain = 0,1 % w/w 1,3-butadiene",68989-88-8,(EU) 2019/831,EU
"petroleum, coal, tar and natural gas and their derivatives generated using distillation and/or other processing methods if they contain = 0,1 % w/w 1,3-butadiene",92045-15-3,(EU) 2019/831,EU
"petroleum, coal, tar and natural gas and their derivatives generated using distillation and/or other processing methods if they contain = 0,1 % w/w 1,3-butadiene",92045-16-4,(EU) 2019/831,EU
"petroleum, coal, tar and natural gas and their derivatives generated using distillation and/or other processing methods if they contain = 0,1 % w/w 1,3-butadiene",92045-17-5,(EU) 2019/831,EU
"petroleum, coal, tar and natural gas and their derivatives generated using distillation and/or other processing methods if they contain = 0,1 % w/w 1,3-butadiene",92045-18-6,(EU) 2019/831,EU
"petroleum, coal, tar and natural gas and their derivatives generated using distillation and/or other processing methods if they contain = 0,1 % w/w 1,3-butadiene",92045-19-7,(EU) 2019/831,EU
"petroleum, coal, tar and natural gas and their derivatives generated using distillation and/or other processing methods if they contain = 0,1 % w/w 1,3-butadiene",92045-20-0,(EU) 2019/831,EU
"petroleum, coal, tar and natural gas and their derivatives generated using distillation and/or other processing methods if they contain = 0,1 % w/w 1,3-butadiene",68131-75-9,(EU) 2019/831,EU
"petroleum, coal, tar and natural gas and their derivatives generated using distillation and/or other processing methods if they contain = 0,1 % w/w 1,3-butadiene",68307-98-2,(EU) 2019/831,EU
"petroleum, coal, tar and natural gas and their derivatives generated using distillation and/or other processing methods if they contain = 0,1 % w/w 1,3-butadiene",68307-99-3,(EU) 2019/831,EU
"petroleum, coal, tar and natural gas and their derivatives generated using distillation and/or other processing methods if they contain = 0,1 % w/w 1,3-butadiene",68308-00-9,(EU) 2019/831,EU
"petroleum, coal, tar and natural gas and their derivatives generated using distillation and/or other processing methods if they contain = 0,1 % w/w 1,3-butadiene",68308-01-0,(EU) 2019/831,EU
"petroleum, coal, tar and natural gas and their derivatives generated using distillation and/or other processing methods if they contain = 0,1 % w/w 1,3-butadiene",68308-10-1,(EU) 2019/831,EU
"petroleum, coal, tar and natural gas and their derivatives generated using distillation and/or other processing methods if they contain = 0,1 % w/w 1,3-butadiene",68308-03-2,(EU) 2019/831,EU
"petroleum, coal, tar and natural gas and their derivatives generated using distillation and/or other processing methods if they contain = 0,1 % w/w 1,3-butadiene",68308-04-3,(EU) 2019/831,EU
"petroleum, coal, tar and natural gas and their derivatives generated using distillation and/or other processing methods if they contain = 0,1 % w/w 1,3-butadiene",68308-05-4,(EU) 2019/831,EU
"petroleum, coal, tar and natural gas and their derivatives generated using distillation and/or other processing methods if they contain = 0,1 % w/w 1,3-butadiene",68308-06-5,(EU) 2019/831,EU
"petroleum, coal, tar and natural gas and their derivatives generated using distillation and/or other processing methods if they contain = 0,1 % w/w 1,3-butadiene",68308-07-6,(EU) 2019/831,EU
"petroleum, coal, tar and natural gas and their derivatives generated using distillation and/or other processing methods if they contain = 0,1 % w/w 1,3-butadiene",68308-09-8,(EU) 2019/831,EU
"petroleum, coal, tar and natural gas and their derivatives generated using distillation and/or other processing methods if they contain = 0,1 % w/w 1,3-butadiene",68308-11-2,(EU) 2019/831,EU
"petroleum, coal, tar and natural gas and their derivatives generated using distillation and/or other processing methods if they contain = 0,1 % w/w 1,3-butadiene",68308-12-3,(EU) 2019/831,EU
"petroleum, coal, tar and natural gas and their derivatives generated using distillation and/or other processing methods if they contain = 0,1 % w/w 1,3-butadiene",68409-99-4,(EU) 2019/831,EU
"petroleum, coal, tar and natural gas and their derivatives generated using distillation and/or other processing methods if they contain = 0,1 % w/w 1,3-butadiene",68475-57-0,(EU) 2019/831,EU
"petroleum, coal, tar and natural gas and their derivatives generated using distillation and/or other processing methods if they contain = 0,1 % w/w 1,3-butadiene",68475-58-1,(EU) 2019/831,EU
"petroleum, coal, tar and natural gas and their derivatives generated using distillation and/or other processing methods if they contain = 0,1 % w/w 1,3-butadiene",68475-59-2,(EU) 2019/831,EU
"petroleum, coal, tar and natural gas and their derivatives generated using distillation and/or other processing methods if they contain = 0,1 % w/w 1,3-butadiene",68475-60-5,(EU) 2019/831,EU
"petroleum, coal, tar and natural gas and their derivatives generated using distillation and/or other processing methods if they contain = 0,1 % w/w 1,3-butadiene",68476-26-6,(EU) 2019/831,EU
"petroleum, coal, tar and natural gas and their derivatives generated using distillation and/or other processing methods if they contain = 0,1 % w/w 1,3-butadiene",68476-29-9,(EU) 2019/831,EU
"petroleum, coal, tar and natural gas and their derivatives generated using distillation and/or other processing methods if they contain = 0,1 % w/w 1,3-butadiene",68476-40-4,(EU) 2019/831,EU
"petroleum, coal, tar and natural gas and their derivatives generated using distillation and/or other processing methods if they contain = 0,1 % w/w 1,3-butadiene",68476-42-6,(EU) 2019/831,EU
"petroleum, coal, tar and natural gas and their derivatives generated using distillation and/or other processing methods if they contain = 0,1 % w/w 1,3-butadiene",68476-49-3,(EU) 2019/831,EU
"petroleum, coal, tar and natural gas and their derivatives generated using distillation and/or other processing methods if they contain = 0,1 % w/w 1,3-butadiene",68476-85-7,(EU) 2019/831,EU
"petroleum, coal, tar and natural gas and their derivatives generated using distillation and/or other processing methods if they contain = 0,1 % w/w 1,3-butadiene",68476-86-8,(EU) 2019/831,EU
"petroleum, coal, tar and natural gas and their derivatives generated using distillation and/or other processing methods if they contain = 0,1 % w/w 1,3-butadiene",68477-33-8,(EU) 2019/831,EU
"petroleum, coal, tar and natural gas and their derivatives generated using distillation and/or other processing methods if they contain = 0,1 % w/w 1,3-butadiene",68477-35-0,(EU) 2019/831,EU
"petroleum, coal, tar and natural gas and their derivatives generated using distillation and/or other processing methods if they contain = 0,1 % w/w 1,3-butadiene",68477-69-0,(EU) 2019/831,EU
"petroleum, coal, tar and natural gas and their derivatives generated using distillation and/or other processing methods if they contain = 0,1 % w/w 1,3-butadiene",68477-70-3,(EU) 2019/831,EU
"petroleum, coal, tar and natural gas and their derivatives generated using distillation and/or other processing methods if they contain = 0,1 % w/w 1,3-butadiene",68477-71-4,(EU) 2019/831,EU
"petroleum, coal, tar and natural gas and their derivatives generated using distillation and/or other processing methods if they contain = 0,1 % w/w 1,3-butadiene",68477-72-5,(EU) 2019/831,EU
"petroleum, coal, tar and natural gas and their derivatives generated using distillation and/or other processing methods if they contain = 0,1 % w/w 1,3-butadiene",68308-08-7,(EU) 2019/831,EU
tris[2-chloro-1-(chloromethyl)ethyl] phosphate,13674-87-8,(EU) 2019/831,EU
indium phosphide,22398-80-7,(EU) 2019/831,EU
trixylyl phosphate,25155-23-1,(EU) 2019/831,EU
hexabromocyclododecane,25637-99-4,(EU) 2019/831,EU
"1,2,5,6,9,10-hexabromocyclododecane",25637-99-4,(EU) 2019/831,EU
hexabromocyclododecane,3194-55-6,(EU) 2019/831,EU
"1,2,5,6,9,10-hexabromocyclododecane",3194-55-6,(EU) 2019/831,EU
tetrahydrofuran,109-99-9,(EU) 2019/831,EU
abamectin (combination of avermectin b1a and avermectin b1b) (iso),71751-41-2,(EU) 2019/831,EU
avermectin b1a,71751-41-2,(EU) 2019/831,EU
abamectin (combination of avermectin b1a and avermectin b1b) (iso),65195-55-3,(EU) 2019/831,EU
avermectin b1a,65195-55-3,(EU) 2019/831,EU
4-tert-butylbenzoic acid,98-73-7,(EU) 2019/831,EU
leucomalachite green,129-73-7,(EU) 2019/831,EU
"n,n,n',n'-tetramethyl-4,4'-benzylidenedianiline",129-73-7,(EU) 2019/831,EU
fuberidazole (iso),3878-19-1,(EU) 2019/831,EU
2-(2-furyl)-1h-benzimidazole,3878-19-1,(EU) 2019/831,EU
metazachlor (iso),67129-08-2,(EU) 2019/831,EU
"2-chloro-n-(2,6-dimethylphenyl)-n-(1h-pyrazol-1-ylmethyl)acetamide",67129-08-2,(EU) 2019/831,EU
di-tert-butyl peroxide,110-05-4,(EU) 2019/831,EU
trichloromethylstannane,993-16-8,(EU) 2019/831,EU
"2-ethylhexyl 10-ethyl-4-[[2-[(2-ethylhexyl)oxy]-2-oxoethyl]thio]-4-methyl-7-oxo-8-oxa-3,5-dithia-4-stannatetradecanoate",57583-34-3,(EU) 2019/831,EU
"2-ethylhexyl 10-ethyl-4,4-dioctyl-7-oxo-8-oxa-3,5-dithia-4-stannatetradecanoate",15571-58-1,(EU) 2019/831,EU
sulcotrione (iso),99105-77-8,(EU) 2019/831,EU
"2-[2-chloro-4-(methylsulfonyl)benzoyl]cyclohexane-1,3-dione",99105-77-8,(EU) 2019/831,EU
bifenthrin (iso),82657-04-3,(EU) 2019/831,EU
"(2-methylbiphenyl-3-yl)methyl rel-(1r,3r)-3-[(1z)-2-chloro-3,3,3-trifluoroprop-1-en-1-yl]-2,2-dimethylcyclopropanecarboxylate",82657-04-3,(EU) 2019/831,EU
dihexyl phthalate,84-75-3,(EU) 2019/831,EU
ammonium pentadecafluorooctanoate,3825-26-1,(EU) 2019/831,EU
perfluorooctanoic acid,335-67-1,(EU) 2019/831,EU
n-ethyl-2-pyrrolidone,2687-91-4,(EU) 2019/831,EU
1-ethylpyrrolidin-2-one,2687-91-4,(EU) 2019/831,EU
proquinazid (iso),189278-12-4,(EU) 2019/831,EU
6-iodo-2-propoxy-3-propylquinazolin-4(3h)-one,189278-12-4,(EU) 2019/831,EU
gallium arsenide,1303-00-0,(EU) 2019/831,EU
vinyl acetate,108-05-4,(EU) 2019/831,EU
aclonifen (iso),74070-46-5,(EU) 2019/831,EU
2-chloro-6-nitro-3-phenoxyaniline,74070-46-5,(EU) 2019/831,EU
"2-ethylhexyl 10-ethyl-4,4-dimethyl-7-oxo-8-oxa-3,5-dithia-4-stannatetradecanoate",57583-35-4,(EU) 2019/831,EU
dimethyltin dichloride,753-73-1,(EU) 2019/831,EU
4-vinylcyclohexene,100-40-3,(EU) 2019/831,EU
tralkoxydim (iso),87820-88-0,(EU) 2019/831,EU
2-(n-ethoxypropanimidoyl)-3-hydroxy-5-mesitylcyclohex-2-en-1-one,87820-88-0,(EU) 2019/831,EU
cycloxydim (iso),101205-02-1,(EU) 2019/831,EU
2-(n-ethoxybutanimidoyl)-3-hydroxy-5-(tetrahydro-2h-thiopyran-3-yl)cyclohex-2-en-1-one,101205-02-1,(EU) 2019/831,EU
fluazinam (iso),79622-59-6,(EU) 2019/831,EU
"3-chloro-n-[3-chloro-2,6-dinitro-4-(trifluoromethyl)phenyl]-5-(trifluoromethyl)pyridin-2-amine",79622-59-6,(EU) 2019/831,EU
penconazole (iso),66246-88-6,(EU) 2019/831,EU
"1-[2-(2,4-dichlorophenyl)pentyl]-1h-1,2,4-triazole",66246-88-6,(EU) 2019/831,EU
fenoxycarb (iso),72490-01-8,(EU) 2019/831,EU
ethyl [2-(4-phenoxyphenoxy)ethyl]carbamate,72490-01-8,(EU) 2019/831,EU
styrene,100-42-5,(EU) 2019/831,EU
tetrahydro-2-furylmethanol,97-99-4,(EU) 2019/831,EU
tetrahydrofurfuryl alcohol,97-99-4,(EU) 2019/831,EU
formaldehyde,50-00-0,(EU) 2019/831,EU
paraformaldehyde,30525-89-4,(EU) 2019/831,EU
methanediol,463-57-0,(EU) 2019/831,EU
methylene glycol,463-57-0,(EU) 2019/831,EU
cymoxanil (iso),57966-95-7,(EU) 2025/877,EU
2-cyano-n-[(ethylamino)carbonyl]-2-(methoxyimino)acetamide,57966-95-7,(EU) 2025/877,EU
/,57966-95-7,(EU) 2025/877,EU
(2e)-2-cyano-n-[(ethylamino)carbonyl]-2-(methoxyimino)acetamide,57966-95-7,(EU) 2025/877,EU
cymoxanil (iso),166900-80-7,(EU) 2025/877,EU
2-cyano-n-[(ethylamino)carbonyl]-2-(methoxyimino)acetamide,166900-80-7,(EU) 2025/877,EU
/,166900-80-7,(EU) 2025/877,EU
(2e)-2-cyano-n-[(ethylamino)carbonyl]-2-(methoxyimino)acetamide,166900-80-7,(EU) 2025/877,EU
tributyltin compounds,,(EU) 2019/831,EU
tembotrione (iso),335104-84-2,(EU) 2019/831,EU
"2-{2-chloro-4-(methylsulfonyl)-3-[(2,2,2-trifluoroethoxy)methyl]benzoyl}cyclohexane-1,3-dione",335104-84-2,(EU) 2019/831,EU
"1,2-benzenedicarboxylic acid, dihexyl ester, branched and linear",68515-50-4,(EU) 2019/831,EU
spirotetramat (iso),203313-25-1,(EU) 2019/831,EU
"(5s,8s)-3-(2,5-dimethylphenyl)-8-methoxy-2-oxo-1-azaspiro[4,5]dec-3-en-4-yl ethyl carbonate",203313-25-1,(EU) 2019/831,EU
dodemorph acetate,31717-87-0,(EU) 2019/831,EU
"4-cyclododecyl-2,6-dimethylmorpholin-4-ium acetate",31717-87-0,(EU) 2019/831,EU
triflusulfuron-methyl,126535-15-7,(EU) 2019/831,EU
"methyl 2-({[4-(dimethylamino)-6-(2,2,2- trifluoroethoxy)-1,3,5-triazin-2- yl]carbamoyl}sulfamoyl)-3- methylbenzoate",126535-15-7,(EU) 2019/831,EU
imazalil (iso),35554-44-0,(EU) 2019/831,EU
"1-[2-(allyloxy)-2-(2,4-dichlorophenyl)ethyl]-1h-imidazole",35554-44-0,(EU) 2019/831,EU
dodemorph (iso),1593-77-7,(EU) 2019/831,EU
"4-cyclododecyl-2,6-dimethylmorpholine",1593-77-7,(EU) 2019/831,EU
imidazole,288-32-4,(EU) 2019/831,EU
lenacil (iso),2164-08-1,(EU) 2019/831,EU
"3-cyclohexyl-6,7-dihydro-1h-cyclopenta[d]pyrimidine-2,4(3h,5h)-dione",2164-08-1,(EU) 2019/831,EU
metosulam (iso),139528-85-1,(EU) 2019/831,EU
"n-(2,6-dichloro-3-methylphenyl)-5,7-dimethoxy[1,2,4]triazolo[1,5-a]pyrimidine-2-sulfonamide",139528-85-1,(EU) 2019/831,EU
2-methyl-1-(4-methylthiophenyl)-2-morpholino-propan 1-one,71868-10-5,(EU) 2019/831,EU
"2,3-epoxypropyl methacrylate",106-91-2,(EU) 2019/831,EU
glycidyl methacrylate,106-91-2,(EU) 2019/831,EU
spiroxamine (iso),118134-30-8,(EU) 2019/831,EU
"8-tert-butyl-1,4-dioxaspirol[4.5]decan-2-ylmethyl(ethyl)(propyl)amine",118134-30-8,(EU) 2019/831,EU
cyanamide,420-04-2,(EU) 2019/831,EU
carbanonitril,420-04-2,(EU) 2019/831,EU
cyproconazole (iso),94361-06-5,(EU) 2019/831,EU
"(2rs,3rs",94361-06-5,(EU) 2019/831,EU
"2rs,3sr)-2-(4-chlorophenyl)-3-cyclopropyl-1-(1h-1,2,4-triazol-1-yl)butan-2-ol",94361-06-5,(EU) 2019/831,EU
silver zinc zeolite,130328-20-0,(EU) 2019/831,EU
cadmium carbonate,513-78-0,(EU) 2019/831,EU
cadmium hydroxide,21041-95-2,(EU) 2019/831,EU
cadmium dihydroxide,21041-95-2,(EU) 2019/831,EU
cadmium nitrate,10325-94-7,(EU) 2019/831,EU
cadmium dinitrate,10325-94-7,(EU) 2019/831,EU
dibutyltin dilaurate,77-58-7,(EU) 2019/831,EU
dibutyl[bis(dodecanoyloxy)] stannane,77-58-7,(EU) 2019/831,EU
clorofene,120-32-1,(EU) 2019/831,EU
chlorophene,120-32-1,(EU) 2019/831,EU
2-benzyl-4-chlorophenol,120-32-1,(EU) 2019/831,EU
anthraquinone,84-65-1,(EU) 2019/831,EU
"9,10-anthraquinone",84-65-1,(EU) 2019/831,EU
nonadecafluorodecanoic acid,335-76-2,(EU) 2019/831,EU
ammonium nonadecafluorodecanoate,335-76-2,(EU) 2019/831,EU
sodium nonadecafluorodecanoate,335-76-2,(EU) 2019/831,EU
nonadecafluorodecanoic acid,3108-42-7,(EU) 2019/831,EU
ammonium nonadecafluorodecanoate,3108-42-7,(EU) 2019/831,EU
sodium nonadecafluorodecanoate,3108-42-7,(EU) 2019/831,EU
nonadecafluorodecanoic acid,3830-45-3,(EU) 2019/831,EU
ammonium nonadecafluorodecanoate,3830-45-3,(EU) 2019/831,EU
sodium nonadecafluorodecanoate,3830-45-3,(EU) 2019/831,EU
"n,n'-methylenedimorpholine",5625-90-1,(EU) 2019/831,EU
"n,n'-methylenebismorpholine",5625-90-1,(EU) 2019/831,EU
"[formaldehyde released from n,n'-methylenebismorpholine]",5625-90-1,(EU) 2019/831,EU
"[mbm] if the maximum theoretical concentration of releasable formaldehyde, irrespective of the source, in the mixture as placed on the market is = 0,1 % w/w",5625-90-1,(EU) 2019/831,EU
reaction products of paraformaldehyde with 2-hydroxypropylamine (3:2),,(EU) 2019/831,EU
"[formaldehyde released from 3,3'-methylenebis[5-methyloxazolidine]",,(EU) 2019/831,EU
[formaldehyde released from oxazolidin],,(EU) 2019/831,EU
"[mbo] if the maximum theoretical concentration of releasable formaldehyde, irrespective of the source, in the mixture as placed on the market is = 0,1 % w/w",,(EU) 2019/831,EU
reaction products of paraformaldehyde  with 2-hydroxypropylamine (1:1)),,(EU) 2019/831,EU
"[formaldehyde released from a,a,a-trimethyl-1,3,5-triazine-1,3,5(2h,4h,6h)-triethanol]",,(EU) 2019/831,EU
"[hpt] if the maximum theoretical concentration of releasable formaldehyde, irrespective of the source, in the mixture as placed on the market is = 0,1 % w/w",,(EU) 2019/831,EU
methylhydrazine,60-34-4,(EU) 2019/831,EU
triadimenol (iso),55219-65-3,(EU) 2019/831,EU
"(1rs,2rs",55219-65-3,(EU) 2019/831,EU
"1rs,2sr)-1-(4-chlorophenoxy)-3,3-dimethyl-1-(1h-1,2,4-triazol-1-yl)butan-2-ol",55219-65-3,(EU) 2019/831,EU
"a-tert-butyl-ß-(4-chlorophenoxy)-1h-1,2,4-triazole-1-ethanol",55219-65-3,(EU) 2019/831,EU
thiacloprid (iso),111988-49-9,(EU) 2019/831,EU
(z)-3-(6-chloro-3-pyridyl-methyl)-1-3-thiazolidin-2-ylidenecyanamide,111988-49-9,(EU) 2019/831,EU
"{(2z)-3-[(6-chloropyridin-3-yl)methyl]-1,3-thiazolidin-2-ylidene}cyanamide",111988-49-9,(EU) 2019/831,EU
carbetamide (iso),16118-49-3,(EU) 2019/831,EU
(r)-1-(ethylcarbamoyl) ethyl-carbanilate,16118-49-3,(EU) 2019/831,EU
(2r)-1-(ethylamino) -1-oxopro-pan-2-yl-phenylcarbamate,16118-49-3,(EU) 2019/831,EU
phosmet (iso),732-11-6,(EU) 2019/1966,EU
"s-[(1,3-dioxo-1,3-dihydro-2h- isoindol-2-yl)methyl]-o,o-dimethyl phosphorodithioate",732-11-6,(EU) 2019/1966,EU
"o,o-dimethyl-s-phthalimidomethyl phosphorodithioate",732-11-6,(EU) 2019/1966,EU
potassium permanganate,7722-64-7,(EU) 2019/1966,EU
2-benzyl-2-dimethylamino-4'- morpholinobutyrophenone,119313-12-1,(EU) 2019/1966,EU
quizalofop-p-tefuryl (iso),200509-41-7,(EU) 2019/1966,EU
(+/-) tetrahydrofurfuryl (r)-2-[4-(6- chloroquinoxalin-2-yloxy)phenyloxy]propionate,200509-41-7,(EU) 2019/1966,EU
propiconazole (iso),60207-90-1,(EU) 2019/1966,EU
"(2rs,4rs",60207-90-1,(EU) 2019/1966,EU
"2rs,4sr)-1-{[2-(2,4- dichlorophenyl)-4-propyl-1,3- dioxolan-2-yl]methyl}-1h- 1,2,4-triazole",60207-90-1,(EU) 2019/1966,EU
pinoxaden (iso),243973-20-8,(EU) 2019/1966,EU
"8-(2,6-diethyl-4-methylphenyl)-7-oxo-1,2,4,5-tetrahydro-7h-pyrazolo[1,2-d][1,4,5]oxadiazepin-9-yl 2,2-dimethylpropanoate",243973-20-8,(EU) 2019/1966,EU
tetramethrin,7696-12-0,(EU) 2019/1966,EU
"(1-cyclohexene-1,2-dicarboximido)methyl chrysanthemate",7696-12-0,(EU) 2019/1966,EU
"2,2-dimethyl-3-(2-methyl-1-propenyl)cyclopropanecarboxylic acid (1,3,4,5,6,7-hexahydro-1,3-dioxo-2h-isoindol-2-yl)methyl ester",7696-12-0,(EU) 2019/1966,EU
"(1,3,4,5,6,7-hexahydro-1,3-dioxo-2h-isoindol-2-yl)methyl (1r-trans)-2,2-dimethyl-3-(2- methylprop-1-enyl)cyclopropanecarboxylate",1166-46-7,(EU) 2019/1966,EU
spirodiclofen (iso),148477-71-8,(EU) 2019/1966,EU
"3-(2,4-dichlorophenyl)-2-oxo- 1-oxaspiro[4.5]dec-3-en-4-yl 2,2-dimethylbutyrate",148477-71-8,(EU) 2019/1966,EU
reaction mass of 1-[2-(2-aminobutoxy)ethoxy]but-2-ylamine and 1-({[2-(2-aminobutoxy)ethoxy]methyl}propoxy) but-2-ylamine,897393-42-9,(EU) 2019/1966,EU
1-vinylimidazole,1072-63-5,(EU) 2019/1966,EU
"amisulbrom (iso)3-(3-bromo-6-fluoro-2-methylindol-1-ylsulfonyl)-n,n-dimethyl-1h-1,2,4-triazole-1-sulfonamide",348635-87-0,(EU) 2019/1966,EU
pirimicarb (iso),23103-98-2,(EU) 2019/1966,EU
"2-(dimethylamino)-5,6-dimethylpyrimidin-4-yl dimethylcarbamate",23103-98-2,(EU) 2019/1966,EU
"1,2-dichloropropane",78-87-5,(EU) 2019/1966,EU
propylene dichloride,78-87-5,(EU) 2019/1966,EU
"phenol, dodecyl-, branched",121158-58-5,(EU) 2019/1966,EU
"phenol, 2-dodecyl-, branched",121158-58-5,(EU) 2019/1966,EU
"phenol, 3-dodecyl-, branched",121158-58-5,(EU) 2019/1966,EU
"phenol, 4-dodecyl-, branched",121158-58-5,(EU) 2019/1966,EU
"phenol, (tetrapropenyl) derivatives",121158-58-5,(EU) 2019/1966,EU
"phenol, dodecyl-, branched",1801269-80-6,(EU) 2019/1966,EU
"phenol, 2-dodecyl-, branched",1801269-80-6,(EU) 2019/1966,EU
"phenol, 3-dodecyl-, branched",1801269-80-6,(EU) 2019/1966,EU
"phenol, 4-dodecyl-, branched",1801269-80-6,(EU) 2019/1966,EU
"phenol, (tetrapropenyl) derivatives",1801269-80-6,(EU) 2019/1966,EU
"phenol, dodecyl-, branched",1801269-77-1,(EU) 2019/1966,EU
"phenol, 2-dodecyl-, branched",1801269-77-1,(EU) 2019/1966,EU
"phenol, 3-dodecyl-, branched",1801269-77-1,(EU) 2019/1966,EU
"phenol, 4-dodecyl-, branched",1801269-77-1,(EU) 2019/1966,EU
"phenol, (tetrapropenyl) derivatives",1801269-77-1,(EU) 2019/1966,EU
"phenol, dodecyl-, branched",210555-94-5,(EU) 2019/1966,EU
"phenol, 2-dodecyl-, branched",210555-94-5,(EU) 2019/1966,EU
"phenol, 3-dodecyl-, branched",210555-94-5,(EU) 2019/1966,EU
"phenol, 4-dodecyl-, branched",210555-94-5,(EU) 2019/1966,EU
"phenol, (tetrapropenyl) derivatives",210555-94-5,(EU) 2019/1966,EU
"phenol, dodecyl-, branched",74499-35-7,(EU) 2019/1966,EU
"phenol, 2-dodecyl-, branched",74499-35-7,(EU) 2019/1966,EU
"phenol, 3-dodecyl-, branched",74499-35-7,(EU) 2019/1966,EU
"phenol, 4-dodecyl-, branched",74499-35-7,(EU) 2019/1966,EU
"phenol, (tetrapropenyl) derivatives",74499-35-7,(EU) 2019/1966,EU
coumatetralyl (iso),5836-29-3,(EU) 2019/1966,EU
"4- hydroxy-3-(1,2,3,4-tetrahydro-1-naphthyl) coumarin",5836-29-3,(EU) 2019/1966,EU
difenacoum (iso),56073-07-5,(EU) 2019/1966,EU
"3-(3- biphenyl-4-yl-1,2,3,4- tetrahydro-1-naphthyl)- 4-hydroxycoumarin",56073-07-5,(EU) 2019/1966,EU
brodifacoum (iso),56073-10-0,(EU) 2019/1966,EU
"4-hydroxy-3-(3-(4′-bromo-4-biphenylyl)-1,2,3,4-tetrahydro-1-naphthyl)coumarin",56073-10-0,(EU) 2019/1966,EU
flocoumafen (iso),90035-08-8,(EU) 2019/1966,EU
"reaction mass of: cis-4- hydroxy-3-(1,2,3,4-tetrahydro-3-(4-(4-trifluoromethylbenzyloxy)phenyl)-1-naphthyl)coumarin and trans-4-hydroxy-3-(1,2,3,4-tetrahydro-3-(4-(4-trifluoromethylbenzyloxy)phenyl)-1-naphthyl)coumarin",90035-08-8,(EU) 2019/1966,EU
acetochlor (iso),34256-82-1,(EU) 2019/1966,EU
2- chloro-n-(ethoxymethyl)-n-(2-ethyl-6- methylphenyl)acetamide,34256-82-1,(EU) 2019/1966,EU
e-glass microfibres of representative composition,,(EU) 2019/1966,EU
glass microfibres of representative composition,,(EU) 2019/1966,EU
bromadiolone (iso),28772-56-7,(EU) 2019/1966,EU
3- [3-(4′-bromobiphenyl- 4-yl)-3-hydroxy-1-phenylpropyl]-4-hydroxy- 2h-chromen-2-one,28772-56-7,(EU) 2019/1966,EU
difethialone (iso),104653-34-1,(EU) 2019/1966,EU
"3-[3-(4′-bromobiphenyl-4-yl)-1,2,3,4-tetrahydronaphthalen-1-yl]- 4-hydroxy-2h-1-benzothiopyran-2-one",104653-34-1,(EU) 2019/1966,EU
perfluorononan-1-oic acid  and its sodium  and ammonium  salts,375-95-1,(EU) 2019/1966,EU
perfluorononan-1-oic acid  and its sodium  and ammonium  salts,21049-39-8,(EU) 2019/1966,EU
perfluorononan-1-oic acid  and its sodium  and ammonium  salts,4149-60-4,(EU) 2019/1966,EU
dicyclohexyl phthalate,84-61-7,(EU) 2019/1966,EU
"3,7-dimethylocta-2,6- dienenitrile",5146-66-7,(EU) 2019/1966,EU
bupirimate (iso),41483-43-6,(EU) 2019/1966,EU
5-butyl-2-ethylamino-6- methylpyrimidin-4-yl dimethylsulfamate,41483-43-6,(EU) 2019/1966,EU
triflumizole (iso),68694-11-1,(EU) 2019/1966,EU
(1e)-n-[4-chloro-2-(trifluoromethyl)phenyl]-1- (1h-imidazol-1-yl)-2- propoxyethanimine,68694-11-1,(EU) 2019/1966,EU
tert-butyl hydroperoxide,75-91-2,(EU) 2019/1966,EU
"1,2,4-trihydroxybenzene when used as a substance in hair and eyelash dye products",533-73-3,(EU) 2020/1683,EU
4-amino-3-hydroxytoluene when used as a substance in hair and eyelash dye products.,2835-98-5,(EU) 2020/1683,EU
2-[(4-amino-2-nitrophenyl)-amino]-benzoic acid when used as a substance in hair and eyelash dye products,117907-43-4,(EU) 2020/1683,EU
cobalt,7440-48-4,(EU) 2021/850,EU
metaldehyde (iso),108-62-3,(EU) 2021/850,EU
"2,4,6,8-tetramethyl- 1,3,5,7-tetraoxacyclooctane",108-62-3,(EU) 2021/850,EU
methylmercuric chloride,115-09-3,(EU) 2021/850,EU
benzo[rst]pentaphene,189-55-9,(EU) 2021/850,EU
"dibenzo[b,def]chrysene",189-64-0,(EU) 2021/850,EU
"dibenzo[a,h]pyrene",189-64-0,(EU) 2021/850,EU
"ethanol, 2,2'-iminobis-, n- (c13-15-branched and linear alkyl) derivs.",97925-95-6,(EU) 2021/850,EU
cyflumetofen (iso),400882-07-7,(EU) 2021/850,EU
"2-methoxyethyl (rs)-2- (4-tert-butylphenyl)-2-cyano-3-oxo- 3-(α,α,α-trifluoro-o-tolyl)propionate",400882-07-7,(EU) 2021/850,EU
diisohexyl phthalate,71850-09-4,(EU) 2021/850,EU
halosulfuron-methyl (iso),100784-20-1,(EU) 2021/850,EU
"methyl 3-chloro-5-{[(4,6- dimethoxypyrimidin-2-yl) carbamoyl]sulfamoyl}-1- methyl-1h-pyrazole-4- carboxylate",100784-20-1,(EU) 2021/850,EU
2-methylimidazole,693-98-1,(EU) 2021/850,EU
metaflumizone (iso),139968-49-3,(EU) 2021/850,EU
"(ez)-2'-[2-(4-cyanophenyl)-1-(α,α,α -trifluoro-m- tolyl)ethylidene]- [4-(trifluoromethoxy)phenyl] carbanilohydrazide [e-isomer ≥ 90 %, z-isomer ≤ 10 % relative content]",139968-49-3,(EU) 2021/850,EU
"(e)-2'-[2-(4-cyanophenyl)- 1-(α,α,α -trifluoro-m-tolyl) ethylidene]- [4-(trifluoromethoxy)phenyl]carbanilohydrazide",139968-49-3,(EU) 2021/850,EU
metaflumizone (iso),852403-68-0,(EU) 2021/850,EU
"(ez)-2'-[2-(4-cyanophenyl)-1-(α,α,α -trifluoro-m- tolyl)ethylidene]- [4-(trifluoromethoxy)phenyl] carbanilohydrazide [e-isomer ≥ 90 %, z-isomer ≤ 10 % relative content]",852403-68-0,(EU) 2021/850,EU
"(e)-2'-[2-(4-cyanophenyl)- 1-(α,α,α -trifluoro-m-tolyl) ethylidene]- [4-(trifluoromethoxy)phenyl]carbanilohydrazide",852403-68-0,(EU) 2021/850,EU
"dibutylbis(pentane-2,4- dionato-o,o')tin",22673-19-4,(EU) 2021/850,EU
"4-[(tetrahydro-2h-pyran-2-yl)oxy]phenol (deoxyarbutin, tetrahydropyranyloxy phenol)",53936-56-4,(EU) 2021/1099,EU
"silicon carbide fibres (with diameter < 3 μm, length > 5 μm and aspect ratio ≥ 3:1)",409-21-2,(EU) 2021/1902,EU
"silicon carbide fibres (with diameter < 3 μm, length > 5 μm and aspect ratio ≥ 3:1)",308076-74-6,(EU) 2021/1902,EU
tris(2-methoxyethoxy) vinylsilane,1067-53-4,(EU) 2021/1902,EU
"6-(2-methoxyethoxy)- 6-vinyl-2,5,7,10-tetraoxa-6-silaundecane",1067-53-4,(EU) 2021/1902,EU
dioctyltin dilaurate,3648-18-8,(EU) 2021/1902,EU
"stannane, dioctyl-, bis (coco acyloxy) derivs.",3648-18-8,(EU) 2021/1902,EU
"dibenzo[def,p]chrysene",191-30-0,(EU) 2021/1902,EU
"dibenzo[a,l]pyrene",191-30-0,(EU) 2021/1902,EU
ipconazole (iso),125225-28-7,(EU) 2021/1902,EU
"(1rs,2sr,5rs",125225-28-7,(EU) 2021/1902,EU
"1rs,2sr,5sr)-2-(4-chlorobenzyl)-5-isopropyl-1- (1h-1,2,4-triazol-1-ylmethyl)cyclopentanol",125225-28-7,(EU) 2021/1902,EU
ipconazole (iso),115850-69-6,(EU) 2021/1902,EU
"(1rs,2sr,5rs",115850-69-6,(EU) 2021/1902,EU
"1rs,2sr,5sr)-2-(4-chlorobenzyl)-5-isopropyl-1- (1h-1,2,4-triazol-1-ylmethyl)cyclopentanol",115850-69-6,(EU) 2021/1902,EU
ipconazole (iso),115937-89-8,(EU) 2021/1902,EU
"(1rs,2sr,5rs",115937-89-8,(EU) 2021/1902,EU
"1rs,2sr,5sr)-2-(4-chlorobenzyl)-5-isopropyl-1- (1h-1,2,4-triazol-1-ylmethyl)cyclopentanol",115937-89-8,(EU) 2021/1902,EU
bis(2-(2-methoxyethoxy)ethyl)ether,143-24-8,(EU) 2021/1902,EU
tetraglyme,143-24-8,(EU) 2021/1902,EU
paclobutrazol (iso),76738-62-0,(EU) 2021/1902,EU
"(2rs,3rs)-1-(4-chlorophenyl)-4,4-dimethyl- 2-(1h-1,2,4-triazol-1- yl)pentan-3-ol",76738-62-0,(EU) 2021/1902,EU
"2,2-bis(bromomethyl) propane-1,3-diol",3296-90-0,(EU) 2021/1902,EU
2-(4-tert-butylbenzyl) propionaldehyde,80-54-6,(EU) 2021/1902,EU
diisooctyl phthalate,27554-26-3,(EU) 2021/1902,EU
2-methoxyethyl acrylate,3121-61-7,(EU) 2021/1902,EU
sodium n-(hydroxymethyl)glycinate,70161-44-3,(EU) 2021/1902,EU
[formaldehyde released from sodium n-(hydroxymethyl)glycinate],70161-44-3,(EU) 2021/1902,EU
"if the maximum theoretical concentration of releasable formaldehyde, irrespective of the source, in the mixture as placed on the market is ≥ 0,1 % w/w",70161-44-3,(EU) 2021/1902,EU
pyrithione zinc,13463-41-7,(EU) 2021/1902,EU
(t-4)- bis[1-(hydroxy-.kappa.o)pyridine-2(1h)- thionato-.kappa.s]zinc,13463-41-7,(EU) 2021/1902,EU
flurochloridone (iso),61213-25-0,(EU) 2021/1902,EU
3-chloro-4-(chloromethyl)-1-[3-(trifluoromethyl)phenyl]pyrrolidin-2-one,61213-25-0,(EU) 2021/1902,EU
"3-(difluoromethyl)-1- methyl-n-(3',4',5'-trifluorobiphenyl-2-yl) pyrazole-4-carboxamide",907204-31-3,(EU) 2021/1902,EU
fluxapyroxad,907204-31-3,(EU) 2021/1902,EU
n-(hydroxymethyl)acrylamide,924-42-5,(EU) 2021/1902,EU
methylolacrylamide,924-42-5,(EU) 2021/1902,EU
[nma],924-42-5,(EU) 2021/1902,EU
"5-fluoro-1,3-dimethyl-n-[2-(4- methylpentan-2-yl) phenyl]-1h-pyrazole- 4-carboxamide",494793-67-8,(EU) 2021/1902,EU
"2'- [(rs)-1,3-dimethylbutyl]-5-fluoro-1,3-dimethylpyrazole-4-carboxanilide",494793-67-8,(EU) 2021/1902,EU
penflufen,494793-67-8,(EU) 2021/1902,EU
iprovalicarb (iso),140923-17-7,(EU) 2021/1902,EU
isopropyl [(2s)-3- methyl-1-{[1-(4- methylphenyl)ethyl] amino}-1-oxobutan-2- yl]carbamate,140923-17-7,(EU) 2021/1902,EU
dichlorodioctylstannane,3542-36-7,(EU) 2021/1902,EU
mesotrione (iso),104206-82-8,(EU) 2021/1902,EU
"2-[4-(methylsulfonyl)- 2-nitrobenzoyl]-1,3- cyclohexanedione",104206-82-8,(EU) 2021/1902,EU
hymexazol (iso),10004-44-1,(EU) 2021/1902,EU
3-hydroxy-5-methylisoxazole,10004-44-1,(EU) 2021/1902,EU
imiprothrin (iso),72963-72-5,(EU) 2021/1902,EU
"reaction mass of: [2,4- dioxo-(2-propyn-1-yl) imidazolidin-3-yl] methyl(1r)-cis-chrysanthemate",72963-72-5,(EU) 2021/1902,EU
"[2,4-dioxo-(2-propyn-1-yl) imidazolidin-3-yl] methyl(1r)-trans-chrysanthemate",72963-72-5,(EU) 2021/1902,EU
"bis(α,α-dimethylbenzyl) peroxide",,(EU) 2021/1902,EU
tetrafluoroethylene,116-14-3,(EU) 2022/1531,EU
"6,6'-di-tert-butyl-2,2'-methylenedi-p-cresol",119-47-1,(EU) 2022/1531,EU
[dbmc],119-47-1,(EU) 2022/1531,EU
"(5-chloro-2-methoxy-4-methyl-3-pyridyl)(4,5,6-trimethoxy-o-tolyl)methanone",688046-61-9,(EU) 2022/1531,EU
pyriofenone,688046-61-9,(EU) 2022/1531,EU
(rs)-1-{1-ethyl-4-[4-mesyl-3-(2-methoxyethoxy)-o-toluoyl]pyrazol-5-yloxy}ethyl methyl carbonate,1101132-67-5,(EU) 2022/1531,EU
tolpyralate,1101132-67-5,(EU) 2022/1531,EU
azamethiphos (iso),35575-96-3,(EU) 2022/1531,EU
"s-[(6-chloro-2-oxooxazolo[4,5-b]pyridin-3(2h)-yl)methyl] o,o-dimethyl thiophosphate",35575-96-3,(EU) 2022/1531,EU
3-methylpyrazole,1453-58-3,(EU) 2022/1531,EU
"n-methoxy-n-[1-methyl-2-(2,4,6-trichlorophenyl)-ethyl]-3-(difluoromethyl)-1-methylpyrazole-4-carboxamide",1228284-64-7,(EU) 2022/1531,EU
pydiflumetofen,1228284-64-7,(EU) 2022/1531,EU
"n-{2-[[1,1'-bi(cyclopropyl)]-2-yl]phenyl}-3-(difluoromethyl)-1-methyl-1h-pyrazole-4-carboxamide",874967-67-6,(EU) 2022/1531,EU
sedaxane,874967-67-6,(EU) 2022/1531,EU
4-methylpentan-2-one,108-10-1,(EU) 2022/1531,EU
isobutyl methyl ketone (mibk),108-10-1,(EU) 2022/1531,EU
dimethomorph (iso),110488-70-5,(EU) 2022/1531,EU
"(e,z)-4-(3-(4-chlorophenyl)-3-(3,4-dimethoxyphenyl)acryloyl)morpholine",110488-70-5,(EU) 2022/1531,EU
imazamox (iso),114311-32-9,(EU) 2022/1531,EU
(rs)-2-(4-isopropyl-4-methyl-5-oxo-2-imidazolin-2-yl)-5-methoxymethylnicotinic acid,114311-32-9,(EU) 2022/1531,EU
thiamethoxam (iso),153719-23-4,(EU) 2022/1531,EU
"3-(2-chloro-thiazol-5-ylmethyl)-5-methyl[1,3,5]oxadiazinan-4-ylidene-n-nitroamine",153719-23-4,(EU) 2022/1531,EU
triticonazole (iso),138182-18-0,(EU) 2022/1531,EU
"(rs)-(e)-5-(4-chlorobenzylidene)-2,2-dimethyl-1-(1h-1,2,4-triazol-1-methyl)cyclopentanol",138182-18-0,(EU) 2022/1531,EU
desmedipham (iso),13684-56-5,(EU) 2022/1531,EU
ethyl 3-phenylcarbamoyloxyphenylcarbamate,13684-56-5,(EU) 2022/1531,EU
ammonium bromide,12124-97-9,(EU) 2023/1490,EU
dibutyltin bis(2-ethylhexanoate),2781-10-4,(EU) 2023/1490,EU
dibutyltin di(acetate),1067-33-0,(EU) 2023/1490,EU
tellurium dioxide,7446-07-3,(EU) 2023/1490,EU
barium diboron tetraoxide,13701-59-2,(EU) 2023/1490,EU
"2,2-dimethylpropan-1-ol,tribromo derivative",36483-57-5,(EU) 2023/1490,EU
"3-bromo-2,2-bis(bromomethyl)propan-1-ol",36483-57-5,(EU) 2023/1490,EU
"2,2-dimethylpropan-1-ol,tribromo derivative",1522-92-5,(EU) 2023/1490,EU
"3-bromo-2,2-bis(bromomethyl)propan-1-ol",1522-92-5,(EU) 2023/1490,EU
"2,4,6-tri-tert-butylphenol",732-26-3,(EU) 2023/1490,EU
"4,4'-sulphonyldiphenol",80-09-1,(EU) 2023/1490,EU
bisphenol s,80-09-1,(EU) 2023/1490,EU
benzophenone,119-61-9,(EU) 2023/1490,EU
quinoclamine (iso),2797-51-5,(EU) 2023/1490,EU
"2-amino-3-chloro-1,4-naphthoquinone",2797-51-5,(EU) 2023/1490,EU
perfluoroheptanoic acid,375-85-9,(EU) 2023/1490,EU
tridecafluoroheptanoic acid,375-85-9,(EU) 2023/1490,EU
methyl n-(isopropoxycarbonyl)-l-valyl-(3rs)-3-(4-chlorophenyl)-β-alaninate,283159-90-0,(EU) 2023/1490,EU
valifenalate,283159-90-0,(EU) 2023/1490,EU
"6-[c12-18-alkyl-(branched, unsaturated)-2,5-dioxopyrrolidin-1-yl]hexanoic acid, sodium and tris(2-hydroxyethyl)ammonium salts",,(EU) 2023/1490,EU
"6-[(c10-c13)-alkyl-(branched, unsaturated)-2,5-dioxopyrrolidin-1-yl]hexanoic acid",2156592-54-8,(EU) 2023/1490,EU
"6-[c12-18-alkyl-(branched, unsaturated)-2,5-dioxopyrrolidin-1-yl]hexanoic acid",,(EU) 2023/1490,EU
theophylline,58-55-9,(EU) 2023/1490,EU
"1,3-dimethyl-3,7-dihydro-1h-purine-2,6-dione",58-55-9,(EU) 2023/1490,EU
"1,3,5-triazine-2,4,6-triamine",108-78-1,(EU) 2023/1490,EU
melamine,108-78-1,(EU) 2023/1490,EU
fluopicolide (iso),,(EU) 2023/1490,EU
"2,6-dichloro-n-[3-chloro-5-(trifluoromethyl)-2-pyridylmethyl]benzamide",,(EU) 2023/1490,EU
n-(2-nitrophenyl)phosphoric triamide,874819-71-3,(EU) 2023/1490,EU
n-(5-chloro-2-isopropylbenzyl)-n-cyclopropyl-3-(difluoromethyl)-5-fluoro-1-methyl-1h-pyrazole-4-carboxamide,1255734-28-1,(EU) 2023/1490,EU
isoflucypram,1255734-28-1,(EU) 2023/1490,EU
"reaction mass of 3-(difluoromethyl)-1-methyl-n-[(1rs,4sr,9rs)-1,2,3,4-tetrahydro-9-isopropyl-1,4-methanonaphthalen-5-yl]pyrazole-4-carboxamide and 3-(difluoromethyl)-1-methyl-n-[(1rs,4sr,9sr)-1,2,3,4-tetrahydro-9-isopropyl-1,4-methanonaphthalen-5-yl]pyrazole-4-carboxamide [≥ 78 % syn isomers ≤ 15 % anti isomers relative content]",881685-58-1,(EU) 2023/1490,EU
isopyrazam,881685-58-1,(EU) 2023/1490,EU
"margosa, ext. [from the kernels of azadirachta indica extracted with water and further processed with organic solvents]",84696-25-3,(EU) 2023/1490,EU
cumene,98-82-8,(EU) 2023/1490,EU
"2-ethyl-2-[[(1-oxoallyl)oxy]methyl]-1,3-propanediyl diacrylate",15625-89-5,(EU) 2023/1490,EU
"2,2-bis(acryloyloxymethyl)butyl acrylate",15625-89-5,(EU) 2023/1490,EU
trimethylolpropane triacrylate,15625-89-5,(EU) 2023/1490,EU
"pentapotassium 2,2',2'',2''',2''''-(ethane-1,2-diylnitrilo)pentaacetate",7216-95-7,(EU) 2023/1490,EU
n-carboxymethyliminobis(ethylenenitrilo)tetra(acetic acid),67-43-6,(EU) 2023/1490,EU
pentetic acid (inci),67-43-6,(EU) 2023/1490,EU
pentasodium (carboxylatomethyl)iminobis(ethylenenitrilo)tetraacetate,140-01-2,(EU) 2023/1490,EU
pentasodium pentetate (inci),140-01-2,(EU) 2023/1490,EU
acetamiprid (iso),135410-20-7,(EU) 2023/1490,EU
(1e)-n-[(6-chloropyridin-3-yl)methyl]-n'-cyano-n-methylethanimidamide,135410-20-7,(EU) 2023/1490,EU
(e)-n1-[(6-chloro-3-pyridyl)methyl]-n2-cyano-n1-methylacetamidine,135410-20-7,(EU) 2023/1490,EU
acetamiprid (iso),160430-64-8,(EU) 2023/1490,EU
(1e)-n-[(6-chloropyridin-3-yl)methyl]-n'-cyano-n-methylethanimidamide,160430-64-8,(EU) 2023/1490,EU
(e)-n1-[(6-chloro-3-pyridyl)methyl]-n2-cyano-n1-methylacetamidine,160430-64-8,(EU) 2023/1490,EU
pendimethalin (iso),40487-42-1,(EU) 2023/1490,EU
"n-(1-ethylpropyl)-2,6-dinitro-3,4-xylidene",40487-42-1,(EU) 2023/1490,EU
bentazone (iso),25057-89-0,(EU) 2023/1490,EU
"3-isopropyl-2,1,3-benzothiadiazine-4-one-2,2-dioxide",25057-89-0,(EU) 2023/1490,EU
styrene/acrylates copolymer (nano) [inci],9010-92-8,(EU) 2024/858,EU
sodium styrene/acrylates copolymer (nano) [inci],9010-92-8,(EU) 2024/858,EU
copper (nano) [inci],7440-50-8,(EU) 2024/858,EU
colloidal copper (nano) [inci],7440-50-8,(EU) 2024/858,EU
silver (nano) [1 nm < particle diameter ≤ 100 nm],7440-22-4,(EU) 2026/78,EU
silver (massive) [particle diameter ≥ 1 mm],7440-22-4,(EU) 2026/78,EU
"gold (nano) [inci], colloidal gold (nano) [inci]",7440-57-5,(EU) 2024/858,EU
gold thioethylamino hyaluronic acid (nano) [inci],7440-57-5,(EU) 2024/858,EU
acetyl heptapeptide-9 colloidal gold (nano) [inci],7440-57-5,(EU) 2024/858,EU
"gold (nano) [inci], colloidal gold (nano) [inci]",1360157-34-1,(EU) 2024/858,EU
gold thioethylamino hyaluronic acid (nano) [inci],1360157-34-1,(EU) 2024/858,EU
acetyl heptapeptide-9 colloidal gold (nano) [inci],1360157-34-1,(EU) 2024/858,EU
"platinum (nano) [inci], colloidal platinum (nano) [inci]",7440-06-4,(EU) 2024/858,EU
acetyl tetrapeptide-17 colloidal platinum (nano) [inci],7440-06-4,(EU) 2024/858,EU
3-(4'-methylbenzylidene)-camphor,36861-47-9,(EU) 2024/996,EU
[inci: 4-methylbenzylidene camphor],36861-47-9,(EU) 2024/996,EU
3-(4'-methylbenzylidene)-camphor,38102-62-4,(EU) 2024/996,EU
[inci: 4-methylbenzylidene camphor],38102-62-4,(EU) 2024/996,EU
"diphenyl(2,4,6-trimethylbenzoyl)phosphine oxide",75980-60-8,(EU) 2025/877,EU
inci: trimethylbenzoyl diphenylphosphine oxide,75980-60-8,(EU) 2025/877,EU
"2,2',6,6'-tetrabromo-4,4'-isopropylidenediphenol",79-94-7,(EU) 2025/877,EU
tetrabromobisphenol-a,79-94-7,(EU) 2025/877,EU
transfluthrin (iso),118712-89-3,(EU) 2025/877,EU
"2,3,5,6-tetrafluorobenzyl (1r,3s)-3-(2,2-dichlorovinyl)-2,2-dimethylcyclopropanecarboxylate",118712-89-3,(EU) 2025/877,EU
clothianidin (iso),210880-92-5,(EU) 2025/877,EU
"(e)-1-(2-chloro-1,3-thiazol-5-ylmethyl)-3-methyl-2-nitroguanidine",210880-92-5,(EU) 2025/877,EU
"benzyl(diethylamino)diphenylphosphonium 4-[1,1,1,3,3,3-hexafluoro-2-(4-hydroxyphenyl)propan-2-yl]phenolate",577705-90-9,(EU) 2025/877,EU
"benzyltriphenylphosphonium, salt with 4,4'-[2,2,2-trifluoro-1-(trifluoromethyl)ethylidene]bis[phenol] (1:1)",75768-65-9,(EU) 2025/877,EU
"reaction mass of 4,4'-[2,2,2-trifluoro-1-(trifluoromethyl)ethylidene]diphenol and benzyl(diethylamino)diphenylphosphonium 4-[1,1,1,3,3,3-hexafluoro-2-(4-hydroxyphenyl)propan-2-yl]phenolate (1:1)",,(EU) 2025/877,EU
"reaction mass of 4,4'-[2,2,2-trifluoro-1-(trifluoromethyl)ethylidene]diphenol and benzyltriphenylphosphonium, salt with 4,4'-[2,2,2-trifluoro-1-(trifluoromethyl)ethylidene]diphenol (1:1)",,(EU) 2025/877,EU
dimethyl propylphosphonate,18755-43-6,(EU) 2025/877,EU
dibutyltin maleate,78-04-6,(EU) 2025/877,EU
dibutyltin oxide,818-08-6,(EU) 2025/877,EU
"reaction mass of 1-(2,3-epoxypropoxy)-2,2-bis ((2,3-epoxypropoxy)methyl) butane and 1-(2,3-epoxypropoxy)-2-((2,3-epoxypropoxy)methyl)-2-hydroxymethyl butane",,(EU) 2025/877,EU
"4,4'-[2,2,2-trifluoro-1-(trifluoromethyl)ethylidene]diphenol",1478-61-1,(EU) 2025/877,EU
bisphenol af,1478-61-1,(EU) 2025/877,EU
benfluralin (iso),1861-40-1,(EU) 2025/877,EU
"n-butyl-n-ethyl-α,α,α-trifluoro-2,6-dinitro-p-toluidine",1861-40-1,(EU) 2025/877,EU
"n,n-dimethyl-p-toluidine",99-97-8,(EU) 2025/877,EU
"1,4-benzenediamine, n,n'-mixed ph and tolyl derivs.",68953-84-4,(EU) 2025/877,EU
4-nitrosomorpholine,59-89-2,(EU) 2025/877,EU
difenoconazole (iso),119446-68-3,(EU) 2025/877,EU
"1-({2-[2-chloro-4-(4-chlorophenoxy)phenyl]-4-methyl-1,3-dioxolan-2-yl}methyl)-1h-1,2,4-triazole",119446-68-3,(EU) 2025/877,EU
"3-chloro-4-[(2rs,4rs",119446-68-3,(EU) 2025/877,EU
"2rs,4sr)-4-methyl-2-(1h-1,2,4-triazol-1-ylmethyl)-1,3-dioxolan-2-yl]phenyl 4-chlorophenyl ether",119446-68-3,(EU) 2025/877,EU
4-methylimidazole,822-36-6,(EU) 2025/877,EU
"3,3'-dimethylbiphenyl-4,4'-diyl diisocyanate",91-97-4,(EU) 2025/877,EU
foramsulfuron (iso),173159-57-4,(EU) 2025/877,EU
"2-{[(4,6-dimethoxypyrimidin-2-yl)carbamoyl]sulfamoyl}-4-formamido-n,n-dimethylbenzamide",173159-57-4,(EU) 2025/877,EU
"1-(4,6-dimethoxypyrimidin-2-yl)-3-(2-dimethylcarbamoyl-5-formamidophenylsulfonyl)urea",173159-57-4,(EU) 2025/877,EU
"multi-walled carbon tubes (synthetic graphite in tubular shape) with a geometric tube diameter range ≥ 30 nm to < 3 μm and a length ≥ 5 μm and aspect ratio > 3:1, including multi-walled carbon nanotubes, mwc(n)t",,(EU) 2026/78,EU
"reaction mass of 1,3-dioxan-5-ol and 1,3-dioxolan-4-ylmethanol",,(EU) 2026/78,EU
acetone oxime,127-06-0,(EU) 2026/78,EU
2-(dimethylamino)-2-[(4-methylphenyl)methyl]-1-[4-(morpholin-4-yl)phenyl]butan-1-one,119344-86-4,(EU) 2026/78,EU
"2,3-epoxypropyl neodecanoate",26761-45-5,(EU) 2026/78,EU
benthiavalicarb-isopropyl (iso),177406-68-7,(EU) 2026/78,EU
"isopropyl [(s)-1-{[(r)-1-(6-fluoro-1,3-benzothiazol-2-yl)ethyl]carbamoyl}-2-methylpropyl]carbamate",177406-68-7,(EU) 2026/78,EU
7-oxabicyclo[4.1.0]hept-3-ylmethyl 7-oxabicyclo[4.1.0]heptane-3-carboxylate,2386-87-0,(EU) 2026/78,EU
sodium 3-(allyloxy)-2-hydroxypropanesulphonate,52556-42-0,(EU) 2026/78,EU
"1,4-dichloro-2-nitrobenzene",89-61-2,(EU) 2026/78,EU
fenpropidin (iso),67306-00-7,(EU) 2026/78,EU
"(r,s)-1-[3-(4-tert-butylphenyl)-2-methylpropyl]piperidine",67306-00-7,(EU) 2026/78,EU
"n,n'-methylenediacrylamide",110-26-9,(EU) 2026/78,EU
tert-butyl 2-ethylperoxyhexanoate,3006-82-4,(EU) 2026/78,EU
s-metolachlor (iso),87392-12-9,(EU) 2026/78,EU
2-chloro-n-(2-ethyl-6-methylphenyl)-n-[(2s)-1-methoxypropan-2-yl]acetamide,87392-12-9,(EU) 2026/78,EU
(r a s a)-2-chloro-n-(6-ethyl-o-tolyl)-n-[(1s)-2-methoxy-1-methylethyl]acetamide [contains 80-100 % 2-chloro-n-(2-ethyl-6-methylphenyl)-n-[(2s)-1-methoxypropan-2-yl]acetamide and 0-20 % 2-chloro-n-(2-ethyl-6-methylphenyl)-n-[(2r)-1-methoxypropan-2-yl]acetamide],87392-12-9,(EU) 2026/78,EU
pyraclostrobin (iso),175013-18-0,(EU) 2026/78,EU
methyl n-(2-{[1-(4-chlorophenyl)-1h-pyrazol-3-yl]oxymethyl}phenyl) n-methoxy carbamate,175013-18-0,(EU) 2026/78,EU
