cleaned_name,name,cas_number,ec_number,url
p-anisic acid,P-Anisic Acid,100-09-4,202-818-5,https://incidecoder.com/ingredients/p-anisic-acid
benzyl alcohol,Benzyl Alcohol,100-51-6,202-859-9,https://incidecoder.com/ingredients/benzyl-alcohol
acetyl glucosamine,Acetyl Glucosamine,10036-64-3,233-115-1,https://incidecoder.com/ingredients/acetyl-glucosamine
ceramide ap,Ceramide AP,100403-19-8,309-560-3,https://incidecoder.com/ingredients/ceramide-ap
boron nitride,Boron Nitride,10043-11-5,233-136-6,https://incidecoder.com/ingredients/boron-nitride
potassium alum,Potassium Alum,10043-67-1,233-141-3,https://incidecoder.com/ingredients/potassium-alum
hydrogenated vegetable glycerides,Hydrogenated Vegetable Glycerides,100684-29-5,309-701-9,https://incidecoder.com/ingredients/hydrogenated-vegetable-glycerides
saccharide isomerate,Saccharide Isomerate,100843-69-4,,https://incidecoder.com/ingredients/saccharide-isomerate
hexyl cinnamal,Hexyl Cinnamal,101-86-0,202-983-3,https://incidecoder.com/ingredients/hexyl-cinnamal
ci 77742,Ci 77742,10101-66-3,233-257-4,https://incidecoder.com/ingredients/ci-77742
caprooyl tetrapeptide-3,Caprooyl Tetrapeptide-3,1012317-71-3,,https://incidecoder.com/ingredients/caprooyl-tetrapeptide-3
acetyl glycyl beta-alanine,Acetyl Glycyl Beta-Alanine,1016788-34-3,,https://incidecoder.com/ingredients/acetyl-glycyl-beta-alanine
triethanolamine,Triethanolamine,102-71-6,203-049-8,https://incidecoder.com/ingredients/triethanolamine
disodium acetyl glucosamine phosphate,Disodium Acetyl Glucosamine Phosphate,102029-88-9,,https://incidecoder.com/ingredients/disodium-acetyl-glucosamine-phosphate
melaleuca teretifolia branch/leaf oil,Melaleuca Teretifolia Branch/Leaf Oil,1030313-70-2,,https://incidecoder.com/ingredients/melaleuca-teretifolia-branch-leaf-oil
bakuchiol,Bakuchiol,10309-37-2,,https://incidecoder.com/ingredients/bakuchiol
methylene bis-benzotriazolyl tetramethylbutylphenol,Methylene Bis-Benzotriazolyl Tetramethylbutylphenol,103597-45-1,403-800-1,https://incidecoder.com/ingredients/methylene-bis-benzotriazolyl-tetramethylbutylphenol
tetrapeptide-30,Tetrapeptide-30,1036207-61-0,,https://incidecoder.com/ingredients/tetrapeptide-30
olive oil peg-7 esters,Olive Oil PEG-7 Esters,103819-46-1,,https://incidecoder.com/ingredients/olive-oil-peg-7-esters
chlorphenesin,Chlorphenesin,104-29-0,203-192-6,https://incidecoder.com/ingredients/chlorphenesin
dibutyl adipate,Dibutyl Adipate,105-99-7,203-350-4,https://incidecoder.com/ingredients/dibutyl-adipate
sodium hyaluronate crosspolymer,Sodium Hyaluronate Crosspolymer,105524-32-1,,https://incidecoder.com/ingredients/sodium-hyaluronate-crosspolymer
citronellol,Citronellol,106-22-9,203-375-0,https://incidecoder.com/ingredients/citronellol
geraniol,Geraniol,106-24-1,203-377-1,https://incidecoder.com/ingredients/geraniol
butane,Butane,106-97-8,203-448-7,https://incidecoder.com/ingredients/butane
hexylene glycol,Hexylene Glycol,107-41-5,203-489-0,https://incidecoder.com/ingredients/hexylene-glycol
betaine,Betaine,107-43-7,203-490-6,https://incidecoder.com/ingredients/betaine
disiloxane,Disiloxane,107-46-0,203-492-7,https://incidecoder.com/ingredients/disiloxane
trisiloxane,Trisiloxane,107-51-7,203-497-4,https://incidecoder.com/ingredients/trisiloxane
hydroxycitronellal,Hydroxycitronellal,107-75-5,203-518-7,https://incidecoder.com/ingredients/hydroxycitronellal
butylene glycol,Butylene Glycol,107-88-0,203-529-7,https://incidecoder.com/ingredients/butylene-glycol
polyglyceryl-6 polyricinoleate,Polyglyceryl-6 Polyricinoleate,107615-51-0,,https://incidecoder.com/ingredients/polyglyceryl-6-polyricinoleate
thioctic acid,Thioctic Acid,1077-28-7,214-071-2,https://incidecoder.com/ingredients/thioctic-acid
xylitylglucoside,Xylitylglucoside,1095751-96-4,,https://incidecoder.com/ingredients/xylitylglucoside
isopropyl myristate,Isopropyl Myristate,110-27-0,203-751-4,https://incidecoder.com/ingredients/isopropyl-myristate
sorbic acid,Sorbic Acid,110-44-1,203-768-7,https://incidecoder.com/ingredients/sorbic-acid
dipropylene glycol,Dipropylene Glycol,110-98-5,203-821-4,https://incidecoder.com/ingredients/dipropylene-glycol
palmitoyl tripeptide-38,Palmitoyl Tripeptide-38,1101448-24-1,,https://incidecoder.com/ingredients/palmitoyl-tripeptide-38
anthocyanins,Anthocyanins,11029-12-2,,https://incidecoder.com/ingredients/anthocyanins
oryzanol,Oryzanol,11042-64-1,,https://incidecoder.com/ingredients/oryzanol
coco-glucoside,Coco-Glucoside,110615-47-9,,https://incidecoder.com/ingredients/coco-glucoside
glyceryl stearate se,Glyceryl Stearate SE,11099-07-3,234-325-6,https://incidecoder.com/ingredients/glyceryl-stearate-se
squalane,Squalane,111-01-3,203-825-6,https://incidecoder.com/ingredients/squalane
squalene,Squalene,111-02-4,203-826-1,https://incidecoder.com/ingredients/squalene
ethyl oleate,Ethyl Oleate,111-62-6,203-889-5,https://incidecoder.com/ingredients/ethyl-oleate
ethoxydiglycol,Ethoxydiglycol,111-90-0,203-919-7,https://incidecoder.com/ingredients/ethoxydiglycol
dilinoleic acid/propanediol copolymer,Dilinoleic Acid/Propanediol Copolymer,1110650-80-0,,https://incidecoder.com/ingredients/dilinoleic-acid-propanediol-copolymer
hydroxyethyl acrylate/sodium acryloyldimethyl taurate copolymer,Hydroxyethyl Acrylate/Sodium Acryloyldimethyl Taurate Copolymer,111286-86-3,,https://incidecoder.com/ingredients/hydroxyethyl-acrylate-sodium-acryloyldimethyl-taurate-copolymer
xanthan gum,Xanthan Gum,11138-66-2,234-394-2,https://incidecoder.com/ingredients/xanthan-gum
caprylyl glycol,Caprylyl Glycol,1117-86-8,214-254-7,https://incidecoder.com/ingredients/caprylyl-glycol
cetearyl isononanoate,Cetearyl Isononanoate,111937-03-2,,https://incidecoder.com/ingredients/cetearyl-isononanoate
coconut alkanes,Coconut Alkanes,112-40-3,,https://incidecoder.com/ingredients/coconut-alkanes
oleic acid,Oleic Acid,112-80-1,204-007-1,https://incidecoder.com/ingredients/oleic-acid
stearyl alcohol,Stearyl Alcohol,112-92-5,204-017-6,https://incidecoder.com/ingredients/stearyl-alcohol
tetrahydrobisdemethoxydiferuloylmethane,Tetrahydrobisdemethoxydiferuloylmethane,113482-94-3,,https://incidecoder.com/ingredients/tetrahydrobisdemethoxydiferuloylmethane
ferulic acid,Ferulic Acid,1135-24-6,214-490-0,https://incidecoder.com/ingredients/ferulic-acid
magnesium ascorbyl phosphate,Magnesium Ascorbyl Phosphate,114040-31-2,,https://incidecoder.com/ingredients/magnesium-ascorbyl-phosphate
retinal,Retinal,116-31-4,204-135-8,https://incidecoder.com/ingredients/retinal
quercetin,Quercetin,117-39-5,204-187-1,https://incidecoder.com/ingredients/quercetin
microcitrus australasica fruit extract,Microcitrus Australasica Fruit Extract,1174331-57-7,,https://incidecoder.com/ingredients/microcitrus-australasica-fruit-extract
lauryl peg-9 polydimethylsiloxyethyl dimethicone,Lauryl PEG-9 Polydimethylsiloxyethyl Dimethicone,1178566-90-9,,https://incidecoder.com/ingredients/lauryl-peg-9-polydimethylsiloxyethyl-dimethicone
homosalate,Homosalate,118-56-9,204-260-8,https://incidecoder.com/ingredients/homosalate
benzyl salicylate,Benzyl Salicylate,118-58-1,204-262-9,https://incidecoder.com/ingredients/benzyl-salicylate
ethylhexyl salicylate,Ethylhexyl Salicylate,118-60-5,204-263-4,https://incidecoder.com/ingredients/ethylhexyl-salicylate
cholesteryl nonanoate,Cholesteryl Nonanoate,1182-66-7,214-658-3,https://incidecoder.com/ingredients/cholesteryl-nonanoate
acetamidoethoxyethanol,Acetamidoethoxyethanol,118974-46-2,,https://incidecoder.com/ingredients/acetamidoethoxyethanol
capryloyl glycerin/sebacic acid copolymer,Capryloyl Glycerin/Sebacic Acid Copolymer,1190099-88-7,,https://incidecoder.com/ingredients/capryloyl-glycerin-sebacic-acid-copolymer
ethyl linolenate,Ethyl Linolenate,1191-41-9,214-734-6,https://incidecoder.com/ingredients/ethyl-linolenate
aronia melanocarpa fruit extract,Aronia Melanocarpa Fruit Extract,1197991-17-5,,https://incidecoder.com/ingredients/aronia-melanocarpa-fruit-extract
ethylparaben,Ethylparaben,120-47-8,204-399-4,https://incidecoder.com/ingredients/ethylparaben
benzyl benzoate,Benzyl Benzoate,120-51-4,204-402-9,https://incidecoder.com/ingredients/benzyl-benzoate
mica,Mica,12001-26-2,310-127-6,https://incidecoder.com/ingredients/mica
synthetic fluorphlogopite,Synthetic Fluorphlogopite,12003-38-2,234-426-5,https://incidecoder.com/ingredients/synthetic-fluorphlogopite
myristyl malate phosphonic acid,Myristyl Malate Phosphonic Acid,1203489-68-2,,https://incidecoder.com/ingredients/myristyl-malate-phosphonic-acid
oligopeptide-68,Oligopeptide-68,1206525-47-4,,https://incidecoder.com/ingredients/oligopeptide-68
triolein,Triolein,122-32-7,204-534-7,https://incidecoder.com/ingredients/triolein
phenoxyethanol,Phenoxyethanol,122-99-6,204-589-7,https://incidecoder.com/ingredients/phenoxyethanol
kappaphycus alvarezii extract,Kappaphycus Alvarezii Extract,1220882-73-4,,https://incidecoder.com/ingredients/kappaphycus-alvarezii-extract
ci 77499,Ci 77499,12227-89-3,235-442-5,https://incidecoder.com/ingredients/ci-77499
ci 77510,Ci 77510,12240-15-2,237-875-5,https://incidecoder.com/ingredients/ci-77510
azelaic acid,Azelaic Acid,123-99-9,204-669-1,https://incidecoder.com/ingredients/azelaic-acid
phospholipids,Phospholipids,123465-35-0,,https://incidecoder.com/ingredients/phospholipids
aminomethyl propanol,Aminomethyl Propanol,124-68-5,204-709-8,https://incidecoder.com/ingredients/aminomethyl-propanol
polyquaternium-51,Polyquaternium-51,125275-25-4,,https://incidecoder.com/ingredients/polyquaternium-51
benzotriazolyl dodecyl p-cresol,Benzotriazolyl Dodecyl P-Cresol,125304-04-3,,https://incidecoder.com/ingredients/benzotriazolyl-dodecyl-p-cresol
alpha-isomethyl ionone,Alpha-Isomethyl Ionone,127-51-5,204-846-3,https://incidecoder.com/ingredients/alpha-isomethyl-ionone
sh-polypeptide-9,SH-Polypeptide-9,127464-60-2,,https://incidecoder.com/ingredients/sh-polypeptide-9
"diethylhexyl 2,6-naphthalate","Diethylhexyl 2,6-Naphthalate",127474-91-3,,https://incidecoder.com/ingredients/diethylhexyl-2-6-naphthalate
ci 77007,Ci 77007,12769-96-9,235-811-0,https://incidecoder.com/ingredients/ci-77007
bht,BHT,128-37-0,204-881-4,https://incidecoder.com/ingredients/bht
hydroxypropyl cyclodextrin,Hydroxypropyl Cyclodextrin,128446-33-3,-,https://incidecoder.com/ingredients/hydroxypropyl-cyclodextrin
macadamia ternifolia seed oil,Macadamia Ternifolia Seed Oil,128497-20-1,-,https://incidecoder.com/ingredients/macadamia-ternifolia-seed-oil
helianthus annuus seed wax,Helianthus Annuus Seed Wax,1286686-34-7,,https://incidecoder.com/ingredients/helianthus-annuus-seed-wax
ascorbyl glucoside,Ascorbyl Glucoside,129499-78-1,425-980-0,https://incidecoder.com/ingredients/ascorbyl-glucoside
hdi/trimethylol hexyllactone crosspolymer,Hdi/Trimethylol Hexyllactone Crosspolymer,129757-76-2,,https://incidecoder.com/ingredients/hdi-trimethylol-hexyllactone-crosspolymer
bentonite,Bentonite,1302-78-9,215-108-5,https://incidecoder.com/ingredients/bentonite
ci 77289,Ci 77289,1308-14-1,215-158-8,https://incidecoder.com/ingredients/ci-77289
ci 77288,Ci 77288,1308-38-9,215-160-9,https://incidecoder.com/ingredients/ci-77288
ci 77491,Ci 77491,1309-37-1,215-168-2,https://incidecoder.com/ingredients/ci-77491
benzophenone-3,Benzophenone-3,131-57-7,205-031-5,https://incidecoder.com/ingredients/benzophenone-3
potassium hydroxide,Potassium Hydroxide,1310-58-3,215-181-3,https://incidecoder.com/ingredients/potassium-hydroxide
sodium hydroxide,Sodium Hydroxide,1310-73-2,215-185-5,https://incidecoder.com/ingredients/sodium-hydroxide
peg-12 dimethicone/ppg-20 crosspolymer,PEG-12 Dimethicone/PPG-20 Crosspolymer,1310362-62-9,,https://incidecoder.com/ingredients/peg-12-dimethicone-ppg-20-crosspolymer
ci 77947,CI 77947,1314-13-2,,https://incidecoder.com/ingredients/ci-77947
montmorillonite,Montmorillonite,1318-93-0,215-288-5,https://incidecoder.com/ingredients/montmorillonite
disodium lauryl sulfosuccinate,Disodium Lauryl Sulfosuccinate,13192-12-6,236-149-5,https://incidecoder.com/ingredients/disodium-lauryl-sulfosuccinate
hydroxyethyl urea,Hydroxyethyl Urea,1320-51-0,215-304-0,https://incidecoder.com/ingredients/hydroxyethyl-urea
magnesium aluminum silicate,Magnesium Aluminum Silicate,1327-43-1,215-478-8,https://incidecoder.com/ingredients/magnesium-aluminum-silicate
sodium borate,Sodium Borate,1330-43-4,215-540-4,https://incidecoder.com/ingredients/sodium-borate
iron oxides,Iron Oxides,1332-37-2,,https://incidecoder.com/ingredients/iron-oxides
beraclay light red,Beraclay Light Red,1332-58-7,,https://incidecoder.com/ingredients/beraclay-light-red
acetylarginyltryptophyl diphenylglycine,Acetylarginyltryptophyl Diphenylglycine,1334583-93-5,,https://incidecoder.com/ingredients/acetylarginyltryptophyl-diphenylglycine
phenylpropanol,Phenylpropanol,1335-12-2,215-621-4,https://incidecoder.com/ingredients/phenylpropanol
sorbitan laurate,Sorbitan Laurate,1338-39-2,215-663-3,https://incidecoder.com/ingredients/sorbitan-laurate
sorbitan stearate,Sorbitan Stearate,1338-41-6,215-664-9,https://incidecoder.com/ingredients/sorbitan-stearate
sorbitan oleate,Sorbitan Oleate,1338-43-8,215-665-4,https://incidecoder.com/ingredients/sorbitan-oleate
avena sativa kernel flour,Avena Sativa Kernel Flour,134134-86-4,-,https://incidecoder.com/ingredients/avena-sativa-kernel-flour
alumina,Alumina,1344-28-1,215-691-6,https://incidecoder.com/ingredients/alumina
ci 77891,Ci 77891,13463-67-7,236-675-5,https://incidecoder.com/ingredients/ci-77891
sodium lauroyl lactylate,Sodium Lauroyl Lactylate,13557-75-0,236-942-6,https://incidecoder.com/ingredients/sodium-lauroyl-lactylate
hexylresorcinol,Hexylresorcinol,136-77-6,205-257-4,https://incidecoder.com/ingredients/hexylresorcinol
pvm/ma decadiene crosspolymer,PVM/MA Decadiene Crosspolymer,136392-67-1,,https://incidecoder.com/ingredients/pvm-ma-decadiene-crosspolymer
sodium lauroyl sarcosinate,Sodium Lauroyl Sarcosinate,137-16-6,205-281-5,https://incidecoder.com/ingredients/sodium-lauroyl-sarcosinate
sodium methyl oleoyl taurate,Sodium Methyl Oleoyl Taurate,137-20-2,205-285-7,https://incidecoder.com/ingredients/sodium-methyl-oleoyl-taurate
ascorbyl palmitate,Ascorbyl Palmitate,137-66-6,205-305-4,https://incidecoder.com/ingredients/ascorbyl-palmitate
limonene,Limonene,138-86-3,205-341-0,https://incidecoder.com/ingredients/limonene
disodium edta,Disodium EDTA,139-33-3,205-358-3,https://incidecoder.com/ingredients/disodium-edta
trihydroxystearin,Trihydroxystearin,139-44-6,205-364-6,https://incidecoder.com/ingredients/trihydroxystearin
ci 75470,Ci 75470,1390-65-4,215-724-4,https://incidecoder.com/ingredients/ci-75470
ci 75120,Ci 75120,1393-63-1,215-735-4,https://incidecoder.com/ingredients/ci-75120
chlorophyll,Chlorophyll,1406-65-1,,https://incidecoder.com/ingredients/chlorophyll
isopropyl palmitate,Isopropyl Palmitate,142-91-6,205-571-1,https://incidecoder.com/ingredients/isopropyl-palmitate
cetyl peg/ppg-10/1 dimethicone,Cetyl PEG/PPG-10/1 Dimethicone,142321-71-9,,https://incidecoder.com/ingredients/cetyl-peg-ppg-10-1-dimethicone
ppg-3 isostearyl methyl ether,PPG-3 Isostearyl Methyl Ether,1429060-56-9,,https://incidecoder.com/ingredients/ppg-3-isostearyl-methyl-ether
lauric acid,Lauric Acid,143-07-7,205-582-1,https://incidecoder.com/ingredients/lauric-acid
sodium phytate,Sodium Phytate,14306-25-3,238-242-6,https://incidecoder.com/ingredients/sodium-phytate
caffeyl glucoside,Caffeyl Glucoside,14364-08-0,,https://incidecoder.com/ingredients/caffeyl-glucoside
arachidyl glucoside,Arachidyl Glucoside,144982-05-8,,https://incidecoder.com/ingredients/arachidyl-glucoside
isoamyl cocoate,Isoamyl Cocoate,1451002-36-0,,https://incidecoder.com/ingredients/isoamyl-cocoate
shea butter ethyl esters,Shea Butter Ethyl Esters,1456887-14-1,,https://incidecoder.com/ingredients/shea-butter-ethyl-esters
palmitoyl tripeptide-1,Palmitoyl Tripeptide-1,147732-56-7,,https://incidecoder.com/ingredients/palmitoyl-tripeptide-1
talc,Talc,14807-96-6,238-877-9,https://incidecoder.com/ingredients/talc
diethylhexyl carbonate,Diethylhexyl Carbonate,14858-73-2,238-925-9,https://incidecoder.com/ingredients/diethylhexyl-carbonate
polyglyceryl-2 sesquicaprylate,Polyglyceryl-2 Sesquicaprylate,148618-57-9,,https://incidecoder.com/ingredients/polyglyceryl-2-sesquicaprylate
sodium methyl stearoyl taurate,Sodium Methyl Stearoyl Taurate,149-39-3,205-738-9,https://incidecoder.com/ingredients/sodium-methyl-stearoyl-taurate
menthol,Menthol,1490-04-6,216-074-4,https://incidecoder.com/ingredients/menthol
tetrahydrodemethoxydiferuloylmethane,Tetrahydrodemethoxydiferuloylmethane,149579-07-7,,https://incidecoder.com/ingredients/tetrahydrodemethoxydiferuloylmethane
phenylalanine,Phenylalanine,150-30-1,,https://incidecoder.com/ingredients/phenylalanine
trisodium edta,Trisodium EDTA,150-38-9,205-758-8,https://incidecoder.com/ingredients/trisodium-edta
sodium lauryl sulfate,Sodium Lauryl Sulfate,151-21-3,205-788-1,https://incidecoder.com/ingredients/sodium-lauryl-sulfate
bis-peg/ppg-14/14 dimethicone,Bis-PEG/PPG-14/14 Dimethicone,151662-01-0,,https://incidecoder.com/ingredients/bis-peg-ppg-14-14-dimethicone
disodium coco-glucoside citrate,Disodium Coco-Glucoside Citrate,151911-51-2,,https://incidecoder.com/ingredients/disodium-coco-glucoside-citrate
rutin,Rutin,153-18-4,205-814-1,https://incidecoder.com/ingredients/rutin
limnanthes alba seed oil,Limnanthes Alba Seed Oil,153065-40-8,310-127-6,https://incidecoder.com/ingredients/limnanthes-alba-seed-oil
vinyl dimethicone/methicone silsesquioxane crosspolymer,Vinyl Dimethicone/Methicone Silsesquioxane Crosspolymer,153668-87-2,,https://incidecoder.com/ingredients/vinyl-dimethicone-methicone-silsesquioxane-crosspolymer
methylglucoside phosphate,Methylglucoside Phosphate,15416-98-5,,https://incidecoder.com/ingredients/methylglucoside-phosphate
diethylhexyl butamido triazone,Diethylhexyl Butamido Triazone,154702-15-5,,https://incidecoder.com/ingredients/diethylhexyl-butamido-triazone
retinyl retinoate,Retinyl Retinoate,15498-86-9,,https://incidecoder.com/ingredients/retinyl-retinoate
drometrizole trisiloxane,Drometrizole Trisiloxane,155633-54-8,,https://incidecoder.com/ingredients/drometrizole-trisiloxane
copper chlorophyll,Copper Chlorophyll,15611-43-5,,https://incidecoder.com/ingredients/copper-chlorophyll
polyglyceryl-2 caprate,Polyglyceryl-2 Caprate,156153-06-9,,https://incidecoder.com/ingredients/polyglyceryl-2-caprate
polyglyceryl-3 methylglucose distearate,Polyglyceryl-3 Methylglucose Distearate,157175-98-9,,https://incidecoder.com/ingredients/polyglyceryl-3-methylglucose-distearate
isopropyl cloprostenate,Isopropyl Cloprostenate,157283-66-4,,https://incidecoder.com/ingredients/isopropyl-cloprostenate
sodium acetylated hyaluronate,Sodium Acetylated Hyaluronate,158254-23-0,,https://incidecoder.com/ingredients/sodium-acetylated-hyaluronate
diheptyl succinate,Diheptyl Succinate,15872-89-6,,https://incidecoder.com/ingredients/diheptyl-succinate
polyglyceryl-4 caprate,Polyglyceryl-4 Caprate,160391-93-5,,https://incidecoder.com/ingredients/polyglyceryl-4-caprate
copper lysinate/prolinate,Copper Lysinate/Prolinate,1613132-70-9,,https://incidecoder.com/ingredients/copper-lysinate-prolinate
epigallocatechin gallatyl glucoside,Epigallocatechin Gallatyl Glucoside,161802-03-5,,https://incidecoder.com/ingredients/epigallocatechin-gallatyl-glucoside
houttuynia cordata extract,Houttuynia Cordata Extract,164288-50-0,,https://incidecoder.com/ingredients/houttuynia-cordata-extract
phellodendron amurense bark extract,Phellodendron Amurense Bark Extract,164288-52-2,,https://incidecoder.com/ingredients/phellodendron-amurense-bark-extract
dicaprylyl carbonate,Dicaprylyl Carbonate,1680-31-5,434-850-2,https://incidecoder.com/ingredients/dicaprylyl-carbonate
asiaticoside,Asiaticoside,16830-15-2,240-851-7,https://incidecoder.com/ingredients/asiaticoside
leuconostoc ferment filtrate,Leuconostoc Ferment Filtrate,1686112-10-6,,https://incidecoder.com/ingredients/leuconostoc-ferment-filtrate
lactobacillus ferment,Lactobacillus Ferment,1686112-36-6,,https://incidecoder.com/ingredients/lactobacillus-ferment
glutamylamidoethyl imidazole,Glutamylamidoethyl Imidazole,169283-81-2,421-900-3,https://incidecoder.com/ingredients/glutamylamidoethyl-imidazole
cholesteryl oleyl carbonate,Cholesteryl Oleyl Carbonate,17110-51-9,241-179-7,https://incidecoder.com/ingredients/cholesteryl-oleyl-carbonate
palmitoyl hexapeptide-12,Palmitoyl Hexapeptide-12,171263-26-6,,https://incidecoder.com/ingredients/palmitoyl-hexapeptide-12
undecylenoyl phenylalanine,Undecylenoyl Phenylalanine,175357-18-3,,https://incidecoder.com/ingredients/undecylenoyl-phenylalanine
acrylates/c10-30 alkyl acrylate crosspolymer,Acrylates/C10-30 Alkyl Acrylate Crosspolymer,176429-87-1,,https://incidecoder.com/ingredients/acrylates-c10-30-alkyl-acrylate-crosspolymer
betaine salicylate,Betaine Salicylate,17671-53-3,,https://incidecoder.com/ingredients/betaine-salicylate
oleyl erucate,Oleyl Erucate,17673-56-2,241-654-9,https://incidecoder.com/ingredients/oleyl-erucate
methyl trimethicone,Methyl Trimethicone,17928-28-8,,https://incidecoder.com/ingredients/methyl-trimethicone
caprylyl methicone,Caprylyl Methicone,17955-88-3,241-881-3,https://incidecoder.com/ingredients/caprylyl-methicone
disodium phenyl dibenzimidazole tetrasulfonate,Disodium Phenyl Dibenzimidazole Tetrasulfonate,180898-37-7,,https://incidecoder.com/ingredients/disodium-phenyl-dibenzimidazole-tetrasulfonate
tin oxide,Tin Oxide,18282-10-5,242-159-0,https://incidecoder.com/ingredients/tin-oxide
tetrahexyldecyl ascorbate,Tetrahexyldecyl Ascorbate,183476-82-6,,https://incidecoder.com/ingredients/tetrahexyldecyl-ascorbate
tasmannia lanceolata fruit/leaf extract,Tasmannia Lanceolata Fruit/Leaf Extract,183815-52-3,,https://incidecoder.com/ingredients/tasmannia-lanceolata-fruit-leaf-extract
madecassic acid,Madecassic Acid,18449-41-7,,https://incidecoder.com/ingredients/madecassic-acid
sodium lauryl sulfoacetate,Sodium Lauryl Sulfoacetate,1847-58-1,217-431-7,https://incidecoder.com/ingredients/sodium-lauryl-sulfoacetate
ci 45410,Ci 45410,18472-87-2,242-355-6,https://incidecoder.com/ingredients/ci-45410
tribehenin,Tribehenin,18641-57-1,242-471-7,https://incidecoder.com/ingredients/tribehenin
bis-ethylhexyloxyphenol methoxyphenyl triazine,Bis-Ethylhexyloxyphenol Methoxyphenyl Triazine,187393-00-6,,https://incidecoder.com/ingredients/bis-ethylhexyloxyphenol-methoxyphenyl-triazine
diisostearoyl polyglyceryl-3 dimer dilinoleate,Diisostearoyl Polyglyceryl-3 Dimer Dilinoleate,187547-43-9,,https://incidecoder.com/ingredients/diisostearoyl-polyglyceryl-3-dimer-dilinoleate
butyloctyl salicylate,Butyloctyl Salicylate,190085-41-7,,https://incidecoder.com/ingredients/butyloctyl-salicylate
hydroxypalmitoyl sphinganine,Hydroxypalmitoyl Sphinganine,190249-36-6,,https://incidecoder.com/ingredients/hydroxypalmitoyl-sphinganine
cetyl dimethicone,Cetyl Dimethicone,191044-49-2,,https://incidecoder.com/ingredients/cetyl-dimethicone
ci 19140,Ci 19140,1934-21-0,217-699-5,https://incidecoder.com/ingredients/ci-19140
butyrospermum parkii butter,Butyrospermum Parkii Butter,194043-92-0,293-515-7,https://incidecoder.com/ingredients/butyrospermum-parkii-butter
biosaccharide gum-1,Biosaccharide Gum-1,194237-89-3,,https://incidecoder.com/ingredients/biosaccharide-gum-1
acetyl dipeptide-1 cetyl ester,Acetyl Dipeptide-1 Cetyl Ester,196604-48-5,,https://incidecoder.com/ingredients/acetyl-dipeptide-1-cetyl-ester
tea-lactate,Tea-Lactate,20475-12-1,243-846-8,https://incidecoder.com/ingredients/tea-lactate
polysilicone-15,Polysilicone-15,207574-74-1,,https://incidecoder.com/ingredients/polysilicone-15
caprylic/capric/myristic/stearic triglyceride,Caprylic/Capric/Myristic/Stearic Triglyceride,208126-53-8,,https://incidecoder.com/ingredients/caprylic-capric-myristic-stearic-triglyceride
trisodium ethylenediamine disuccinate,Trisodium Ethylenediamine Disuccinate,20846-91-7,,https://incidecoder.com/ingredients/trisodium-ethylenediamine-disuccinate
hydroxypropyl bispalmitamide mea,Hydroxypropyl Bispalmitamide MEA,211184-47-3,,https://incidecoder.com/ingredients/hydroxypropyl-bispalmitamide-mea
phenyl trimethicone,Phenyl Trimethicone,2116-84-9,218-320-6,https://incidecoder.com/ingredients/phenyl-trimethicone
ethylhexyl dimethyl paba,Ethylhexyl Dimethyl PABA,21245-02-3,244-289-3,https://incidecoder.com/ingredients/ethylhexyl-dimethyl-paba
palmitoyl pentapeptide-4,Palmitoyl Pentapeptide-4,214047-00-4,,https://incidecoder.com/ingredients/palmitoyl-pentapeptide-4
glyceryl behenate/eicosadioate,Glyceryl Behenate/Eicosadioate,215322-01-3,,https://incidecoder.com/ingredients/glyceryl-behenate-eicosadioate
methylpropanediol,Methylpropanediol,2163-42-0,412-350-5,https://incidecoder.com/ingredients/methylpropanediol
aluminum hydroxide,Aluminum Hydroxide,21645-51-2,244-492-7,https://incidecoder.com/ingredients/aluminum-hydroxide
peg/ppg/polybutylene glycol-8/5/3 glycerin,PEG/PPG/Polybutylene Glycol-8/5/3 Glycerin,220144-83-2,,https://incidecoder.com/ingredients/peg-ppg-polybutylene-glycol-8-5-3-glycerin
phytosteryl/octyldodecyl lauroyl glutamate,Phytosteryl/Octyldodecyl Lauroyl Glutamate,220465-88-3,,https://incidecoder.com/ingredients/phytosteryl-octyldodecyl-lauroyl-glutamate
ethylhexyl stearate,Ethylhexyl Stearate,22047-49-0,244-754-0,https://incidecoder.com/ingredients/ethylhexyl-stearate
aminopropyl ascorbyl phosphate,Aminopropyl Ascorbyl Phosphate,220644-17-7,,https://incidecoder.com/ingredients/aminopropyl-ascorbyl-phosphate
palmitoyl tetrapeptide-7,Palmitoyl Tetrapeptide-7,221227-05-0,,https://incidecoder.com/ingredients/palmitoyl-tetrapeptide-7
ammonium lauryl sulfate,Ammonium Lauryl Sulfate,2235-54-3,218-793-9,https://incidecoder.com/ingredients/ammonium-lauryl-sulfate
cetearyl olivate,Cetearyl Olivate,223706-40-9,,https://incidecoder.com/ingredients/cetearyl-olivate
amaranthus caudatus seed extract,Amaranthus Caudatus Seed Extract,223747-79-3,,https://incidecoder.com/ingredients/amaranthus-caudatus-seed-extract
argania spinosa kernel oil,Argania Spinosa Kernel Oil,223747-87-3,,https://incidecoder.com/ingredients/argania-spinosa-kernel-oil
calophyllum tacamahaca oil,Calophyllum Tacamahaca Oil,223748-12-7,,https://incidecoder.com/ingredients/calophyllum-tacamahaca-oil
sapindus mukorossi fruit extract,Sapindus Mukorossi Fruit Extract,223748-41-2,,https://incidecoder.com/ingredients/sapindus-mukurossi-fruit-extract
coptis japonica root extract,Coptis Japonica Root Extract,223748-66-1,,https://incidecoder.com/ingredients/coptis-japonica-root-extract
kigelia africana fruit extract,Kigelia Africana Fruit Extract,223749-33-5,,https://incidecoder.com/ingredients/kigelia-africana-fruit-extract
leptospermum scoparium branch/leaf oil,Leptospermum Scoparium Branch/Leaf Oil,223749-44-8,,https://incidecoder.com/ingredients/leptospermum-scoparium-branch-leaf-oil
ahnfeltia concinna extract,Ahnfeltia Concinna Extract,223749-75-5,,https://incidecoder.com/ingredients/ahnfeltia-concinna-extract
lonicera japonica flower extract,Lonicera Japonica Flower Extract,223749-79-9,,https://incidecoder.com/ingredients/lonicera-japonica-flower-extract
tripeptide-29,Tripeptide-29,2239-67-0,,https://incidecoder.com/ingredients/tripeptide-29
camellia oleifera seed oil,Camellia Oleifera Seed Oil,225233-97-6,,https://incidecoder.com/ingredients/camellia-oleifera-seed-oil
hippophae rhamnoides fruit oil,Hippophae Rhamnoides Fruit Oil,225234-03-7,,https://incidecoder.com/ingredients/hippophae-rhamnoides-fruit-oil
borago officinalis seed oil,Borago Officinalis Seed Oil,225234-12-8,,https://incidecoder.com/ingredients/borago-officinalis-seed-oil
isopropyl lauroyl sarcosinate,Isopropyl Lauroyl Sarcosinate,230309-38-3,,https://incidecoder.com/ingredients/isopropyl-lauroyl-sarcosinate
ceramide ng,Ceramide NG,2304-80-5,,https://incidecoder.com/ingredients/ceramide-ng
caprylyl caprylate/caprate,Caprylyl Caprylate/Caprate,2306-92-5,,https://incidecoder.com/ingredients/caprylyl-caprylate-caprate
phenoxyethyl caprylate,Phenoxyethyl Caprylate,23511-73-1,,https://incidecoder.com/ingredients/phenoxyethyl-caprylate
hexyl nicotinate,Hexyl Nicotinate,23597-82-2,245-767-4,https://incidecoder.com/ingredients/hexyl-nicotinate
calophyllum inophyllum seed oil,Calophyllum Inophyllum Seed Oil,241148-25-4,,https://incidecoder.com/ingredients/calophyllum-inophyllum-seed-oil
hexyldecanol,Hexyldecanol,2425-77-6,219-370-1,https://incidecoder.com/ingredients/hexyldecanol
hesperidin methyl chalcone,Hesperidin Methyl Chalcone,24292-52-2,246-128-2,https://incidecoder.com/ingredients/hesperidin-methyl-chalcone
c30-45 alkyl dimethicone,C30-45 Alkyl Dimethicone,243137-49-7,,https://incidecoder.com/ingredients/c30-45-alkyl-dimethicone
dimethicone/vinyl dimethicone crosspolymer,Dimethicone/Vinyl Dimethicone Crosspolymer,243137-53-3,,https://incidecoder.com/ingredients/dimethicone-vinyl-dimethicone-crosspolymer
chondrus crispus,Chondrus Crispus,244023-79-8,,https://incidecoder.com/ingredients/chondrus-crispus
dipeptide-2,Dipeptide-2,24587-37-9,,https://incidecoder.com/ingredients/dipeptide-2
cetearyl glucoside,Cetearyl Glucoside,246159-33-1,,https://incidecoder.com/ingredients/cetearyl-glucoside
potassium sorbate,Potassium Sorbate,24634-61-5,246-376-1,https://incidecoder.com/ingredients/potassium-sorbate
c13-14 isoparaffin,C13-14 Isoparaffin,246538-79-4,,https://incidecoder.com/ingredients/c13-14-isoparaffin
c20-40 pareth-10,C20-40 Pareth-10,246538-83-0,,https://incidecoder.com/ingredients/c20-40-pareth-10
pongamia glabra seed oil,Pongamia Glabra Seed Oil,247588-54-1,,https://incidecoder.com/ingredients/pongamia-glabra-seed-oil
bha,BHA,25013-16-5,246-563-8,https://incidecoder.com/ingredients/bha
nylon-12,Nylon-12,25038-74-8,,https://incidecoder.com/ingredients/nylon-12
vp/va copolymer,VP/VA Copolymer,25086-89-9,,https://incidecoder.com/ingredients/vp-va-copolymer
acrylates copolymer,Acrylates Copolymer,25133-97-5,,https://incidecoder.com/ingredients/acrylates-copolymer
sucrose stearate,Sucrose Stearate,25168-73-4,246-705-9,https://incidecoder.com/ingredients/sucrose-stearate
acrylonitrile/methyl methacrylate/vinylidene chloride copolymer,Acrylonitrile/Methyl Methacrylate/Vinylidene Chloride Copolymer,25214-39-5,,https://incidecoder.com/ingredients/acrylonitrile-methyl-methacrylate-vinylidene-chloride-copolymer
ppg-15 stearyl ether benzoate,PPG-15 Stearyl Ether Benzoate,25231-21-4,,https://incidecoder.com/ingredients/ppg-15-stearyl-ether-benzoate
peg-6,PEG-6,25322-68-3,,https://incidecoder.com/ingredients/peg-6
isocetyl stearate,Isocetyl Stearate,25339-09-7,246-868-6,https://incidecoder.com/ingredients/isocetyl-stearate
sucrose laurate,Sucrose Laurate,25339-99-5,246-873-3,https://incidecoder.com/ingredients/sucrose-laurate
glyceryl oleate,Glyceryl Oleate,25496-72-4,247-038-6,https://incidecoder.com/ingredients/glyceryl-oleate
polyglutamic acid,Polyglutamic Acid,25513-46-6,,https://incidecoder.com/ingredients/polyglutamic-acid
sodium acrylates copolymer,Sodium Acrylates Copolymer,25549-84-2 / 7446-81-3 / 9003-04-7,,https://incidecoder.com/ingredients/sodium-acrylates-copolymer
methyl methacrylate crosspolymer,Methyl Methacrylate Crosspolymer,25777-71-3,,https://incidecoder.com/ingredients/methyl-methacrylate-crosspolymer
polyquaternium-37,Polyquaternium-37,26161-33-1,,https://incidecoder.com/ingredients/polyquaternium-37
methylchloroisothiazolinone,Methylchloroisothiazolinone,26172-55-4,247-500-7,https://incidecoder.com/ingredients/methylchloroisothiazolinone
propanediol,Propanediol,26264-14-2,,https://incidecoder.com/ingredients/propanediol
sorbitan palmitate,Sorbitan Palmitate,26266-57-9,247-568-8,https://incidecoder.com/ingredients/sorbitan-palmitate
sorbitan trioleate,Sorbitan Trioleate,26266-58-0,247-569-3,https://incidecoder.com/ingredients/sorbitan-trioleate
glyceryl caprylate,Glyceryl Caprylate,26402-26-6,247-668-1,https://incidecoder.com/ingredients/glyceryl-caprylate
methoxyphenylimino dimethylcyclohexenyl ethyl glycinate,Methoxyphenylimino Dimethylcyclohexenyl Ethyl Glycinate,2640340-86-7,,https://incidecoder.com/ingredients/methoxyphenylimino-dimethylcyclohexenyl-ethyl-glycinate
sucrose palmitate,Sucrose Palmitate,26446-38-8,247-706-7,https://incidecoder.com/ingredients/sucrose-palmitate
ammonium xylenesulfonate,Ammonium Xylenesulfonate,26447-10-9,247-710-9,https://incidecoder.com/ingredients/ammonium-xylenesulfonate
alteromonas ferment extract,Alteromonas Ferment Extract,267233-41-0,,https://incidecoder.com/ingredients/alteromonas-ferment-extract
methylisothiazolinone,Methylisothiazolinone,2682-20-4,220-239-6,https://incidecoder.com/ingredients/methylisothiazolinone
beta-glucan,Beta-Glucan,26874-89-5,,https://incidecoder.com/ingredients/beta-glucan
hydroxymethoxyphenyl decanone,Hydroxymethoxyphenyl Decanone,27113-22-0,,https://incidecoder.com/ingredients/hydroxymethoxyphenyl-decanone
dipropylene glycol dibenzoate,Dipropylene Glycol Dibenzoate,27138-31-4,248-258-5,https://incidecoder.com/ingredients/dipropylene-glycol-dibenzoate
glyceryl laurate,Glyceryl Laurate,27215-38-4,248-337-4,https://incidecoder.com/ingredients/glyceryl-laurate
myristyl nicotinate,Myristyl Nicotinate,273203-62-6,,https://incidecoder.com/ingredients/myristyl-nicotinate
phenylbenzimidazole sulfonic acid,Phenylbenzimidazole Sulfonic Acid,27503-81-7,248-502-0,https://incidecoder.com/ingredients/phenylbenzimidazole-sulfonic-acid
maleated soybean oil glyceryl/octyldodecanol esters,Maleated Soybean Oil Glyceryl/Octyldodecanol Esters,2765086-37-9,,https://incidecoder.com/ingredients/maleated-soybean-oil-glyceryl-octyldodecanol-esters
alpha-glucan oligosaccharide,Alpha-Glucan Oligosaccharide,27707-45-5,,https://incidecoder.com/ingredients/alpha-glucan-oligosaccharide
polyhydroxystearic acid,Polyhydroxystearic Acid,27924-99-8,-,https://incidecoder.com/ingredients/polyhydroxystearic-acid
biosaccharide gum-2,Biosaccharide Gum-2,283602-75-5,,https://incidecoder.com/ingredients/biosaccharide-gum-2
sodium pca,Sodium PCA,28874-51-3,249-277-1,https://incidecoder.com/ingredients/sodium-pca
triethoxycaprylylsilane,Triethoxycaprylylsilane,2943-75-1,220-941-2,https://incidecoder.com/ingredients/triethoxycaprylylsilane
ethylhexyl hydroxystearate,Ethylhexyl Hydroxystearate,29710-25-6,249-793-7,https://incidecoder.com/ingredients/ethylhexyl-hydroxystearate
ethylhexyl palmitate,Ethylhexyl Palmitate,29806-73-3,249-862-1,https://incidecoder.com/ingredients/ethylhexyl-palmitate
polyglyceryl-3 polyricinoleate,Polyglyceryl-3 Polyricinoleate,29894-35-7,-,https://incidecoder.com/ingredients/polyglyceryl-3-polyricinoleate
biotinoyl tripeptide-1,Biotinoyl Tripeptide-1,299157-54-3,,https://incidecoder.com/ingredients/biotinoyl-tripeptide-1
sodium lauroyl glutamate,Sodium Lauroyl Glutamate,29923-31-7,249-958-3,https://incidecoder.com/ingredients/sodium-lauroyl-glutamate
dimethicone crosspolymer,Dimethicone Crosspolymer,300-00-5,,https://incidecoder.com/ingredients/dimethicone-crosspolymer
potassium cocoyl glycinate,Potassium Cocoyl Glycinate,301341-58-2,,https://incidecoder.com/ingredients/potassium-cocoyl-glycinate
alanine,Alanine,302-72-7,206-126-4,https://incidecoder.com/ingredients/alanine
tretinoin,Tretinoin,302-79-4,,https://incidecoder.com/ingredients/tretinoin
serine,Serine,302-84-1,,https://incidecoder.com/ingredients/serine
glyceryl behenate,Glyceryl Behenate,30233-64-8,250-097-0,https://incidecoder.com/ingredients/glyceryl-behenate
diethylamino hydroxybenzoyl hexyl benzoate,Diethylamino Hydroxybenzoyl Hexyl Benzoate,302776-68-7,443-860-6,https://incidecoder.com/ingredients/diethylamino-hydroxybenzoyl-hexyl-benzoate
ubiquinone,Ubiquinone,303-98-0,206-147-9,https://incidecoder.com/ingredients/ubiquinone
isostearic acid,Isostearic Acid,30399-84-9,250-178-0,https://incidecoder.com/ingredients/isostearic-acid
carnosine,Carnosine,305-84-0,206-169-9,https://incidecoder.com/ingredients/carnosine
laureth-7,Laureth-7,3055-97-8,221-283-9,https://incidecoder.com/ingredients/laureth-7
glycereth-7 trimethyl ether,Glycereth-7 Trimethyl Ether,305812-16-2,,https://incidecoder.com/ingredients/glycereth-7-trimethyl-ether
perfluoroperhydrophenanthrene,Perfluoroperhydrophenanthrene,306-91-2,400-470-0,https://incidecoder.com/ingredients/perfluoroperhydrophenanthrene
perfluorodecalin,Perfluorodecalin,306-94-5,206-192-4,https://incidecoder.com/ingredients/perfluorodecalin
diisopropyl dimer dilinoleate,Diisopropyl Dimer Dilinoleate,308065-68-1,,https://incidecoder.com/ingredients/diisopropyl-dimer-dilinoleate
sodium laureth sulfate,Sodium Laureth Sulfate,3088-31-1,221-416-0,https://incidecoder.com/ingredients/sodium-laureth-sulfate
tris-biphenyl triazine,Tris-Biphenyl Triazine,31274-51-8,,https://incidecoder.com/ingredients/tris-biphenyl-triazine
isopropyl isostearate,Isopropyl Isostearate,31478-84-9,250-651-1,https://incidecoder.com/ingredients/isopropyl-isostearate
tridecyl stearate,Tridecyl Stearate,31556-45-3,250-696-7,https://incidecoder.com/ingredients/tridecyl-stearate
glyceryl stearate,Glyceryl Stearate,31566-31-1,250-705-4,https://incidecoder.com/ingredients/glyceryl-stearate
dimethiconol,Dimethiconol,31692-79-2,,https://incidecoder.com/ingredients/dimethiconol
glycereth-26,Glycereth-26,31694-55-0,,https://incidecoder.com/ingredients/glycereth-26
isododecane,Isododecane,31807-55-3,250-816-8,https://incidecoder.com/ingredients/isododecane
myristyl myristate,Myristyl Myristate,3234-85-3,221-787-9,https://incidecoder.com/ingredients/myristyl-myristate
soy isoflavones,Soy Isoflavones,331752-69-3,,https://incidecoder.com/ingredients/soy-isoflavones
ammonium acryloyldimethyltaurate/vp copolymer,Ammonium Acryloyldimethyltaurate/VP Copolymer,335383-60-3,,https://incidecoder.com/ingredients/ammonium-acryloyldimethyltaurate-vp-copolymer
disodium uridine phosphate,Disodium Uridine Phosphate,3387-36-8,222-211-9,https://incidecoder.com/ingredients/disodium-uridine-phosphate
polyglyceryl-10 dioleate,Polyglyceryl-10 Dioleate,33940-99-7,251-750-2,https://incidecoder.com/ingredients/polyglyceryl-10-dioleate
hexyl laurate,Hexyl Laurate,34316-64-8,251-932-1,https://incidecoder.com/ingredients/hexyl-laurate
polyglyceryl-10 laurate,Polyglyceryl-10 Laurate,34406-66-1,,https://incidecoder.com/ingredients/polyglyceryl-10-laurate
madecassoside,Madecassoside,34540-22-2,252-076-1,https://incidecoder.com/ingredients/madecassoside
mannose,Mannose,3458-28-4,222-392-4,https://incidecoder.com/ingredients/mannose
macrocystis pyrifera,Macrocystis Pyrifera,347174-92-9,,https://incidecoder.com/ingredients/macrocystis-pyrifera
ammonium glycolate,Ammonium Glycolate,35249-89-9,,https://incidecoder.com/ingredients/ammonium-glycolate
cetyl lactate,Cetyl Lactate,35274-05-6,252-478-7,https://incidecoder.com/ingredients/cetyl-lactate
cetyl phosphate,Cetyl Phosphate,3539-43-3,222-581-1,https://incidecoder.com/ingredients/cetyl-phosphate
perfluorohexane,Perfluorohexane,355-42-0,206-585-0,https://incidecoder.com/ingredients/perfluorohexane
cholesteryl stearate,Cholesteryl Stearate,35602-69-8,252-637-0,https://incidecoder.com/ingredients/cholesteryl-stearate
ci 17200,Ci 17200,3567-66-6,222-656-9,https://incidecoder.com/ingredients/ci-17200
tetrahydrodiferuloylmethane,Tetrahydrodiferuloylmethane,36062-04-1,,https://incidecoder.com/ingredients/tetrahydrodiferuloylmethane
polypropylsilsesquioxane,Polypropylsilsesquioxane,36088-62-7,,https://incidecoder.com/ingredients/polypropylsilsesquioxane
cetyl alcohol,Cetyl Alcohol,36653-82-4,253-149-0,https://incidecoder.com/ingredients/cetyl-alcohol
polyglucuronic acid,Polyglucuronic Acid,36655-86-4,,https://incidecoder.com/ingredients/polyglucuronic-acid
4-methylbenzylidene camphor,4-Methylbenzylidene Camphor,36861-47-9,253-242-6,https://incidecoder.com/ingredients/4-methylbenzylidene-camphor
oleic/linoleic/linolenic polyglycerides,Oleic/Linoleic/Linolenic Polyglycerides,368869-31-2,,https://incidecoder.com/ingredients/oleic-linoleic-linolenic-polyglycerides
lentinus edodes mycelium extract,Lentinus Edodes Mycelium Extract,37339-90-5,,https://incidecoder.com/ingredients/lentinus-edodes-mycelium-extract
xanthophyll,Xanthophyll,38327-39-8,,https://incidecoder.com/ingredients/xanthophyll
ci 42090,Ci 42090,3844-45-9,223-339-8,https://incidecoder.com/ingredients/ci-42090
sodium stearoyl glutamate,Sodium Stearoyl Glutamate,38517-23-6,253-980-9,https://incidecoder.com/ingredients/sodium-stearoyl-glutamate
disodium laureth sulfosuccinate,Disodium Laureth Sulfosuccinate,39354-45-5,-,https://incidecoder.com/ingredients/disodium-laureth-sulfosuccinate
oleth-3 phosphate,Oleth-3 Phosphate,39464-69-2,,https://incidecoder.com/ingredients/oleth-3-phosphate
sclerotium gum,Sclerotium Gum,39464-87-4,254-464-6,https://incidecoder.com/ingredients/sclerotium-gum
ethyl menthane carboxamide,Ethyl Menthane Carboxamide,39711-79-0,254-599-0,https://incidecoder.com/ingredients/ethyl-menthane-carboxamide
erythrulose,Erythrulose,40031-31-0,,https://incidecoder.com/ingredients/erythrulose
benzophenone-4,Benzophenone-4,4065-45-6,223-772-2,https://incidecoder.com/ingredients/benzophenone-4
hydrogenated polyisobutene,Hydrogenated Polyisobutene,40921-86-6,,https://incidecoder.com/ingredients/hydrogenated-polyisobutene
isostearyl isostearate,Isostearyl Isostearate,41669-30-1,255-485-3,https://incidecoder.com/ingredients/isostearyl-isostearate
macadamia integrifolia seed oil,Macadamia Integrifolia Seed Oil,438545-25-6,,https://incidecoder.com/ingredients/macadamia-integrifolia-seed-oil
hydroxypropyl tetrahydropyrantriol,Hydroxypropyl Tetrahydropyrantriol,439685-79-7,,https://incidecoder.com/ingredients/hydroxypropyl-tetrahydropyrantriol
sodium dehydroacetate,Sodium Dehydroacetate,4418-26-2,224-580-1,https://incidecoder.com/ingredients/sodium-dehydroacetate
diethylhexyl syringylidenemalonate,Diethylhexyl Syringylidenemalonate,444811-29-4,,https://incidecoder.com/ingredients/diethylhexyl-syringylidenemalonate
genistein,Genistein,446-72-0,207-174-9,https://incidecoder.com/ingredients/genistein
zinc gluconate,Zinc Gluconate,4468-02-4,224-736-9,https://incidecoder.com/ingredients/zinc-gluconate
acetyl hexapeptide-1,Acetyl Hexapeptide-1,448944-47-6,,https://incidecoder.com/ingredients/acetyl-hexapeptide-1
ci 14700,Ci 14700,4548-53-2,224-909-9,https://incidecoder.com/ingredients/ci-14700
polyglyceryl-10 behenate/eicosadioate,Polyglyceryl-10 Behenate/Eicosadioate,457632-32-5,,https://incidecoder.com/ingredients/polyglyceryl-10-behenate-eicosadioate
farnesol,Farnesol,4602-84-0,225-004-1,https://incidecoder.com/ingredients/farnesol
linolenic acid,Linolenic Acid,463-40-1,207-334-8,https://incidecoder.com/ingredients/linolenic-acid
asiatic acid,Asiatic Acid,464-92-6,,https://incidecoder.com/ingredients/asiatic-acid
astaxanthin,Astaxanthin,472-61-7,207-451-4,https://incidecoder.com/ingredients/astaxanthin
diglucosyl gallic acid,Diglucosyl Gallic Acid,474111-84-7,,https://incidecoder.com/ingredients/diglucosyl-gallic-acid
potassium azeloyl diglycinate,Potassium Azeloyl Diglycinate,477773-67-4,470-270-6,https://incidecoder.com/ingredients/potassium-azeloyl-diglycinate
inulin lauryl carbamate,Inulin Lauryl Carbamate,478483-27-1,,https://incidecoder.com/ingredients/inulin-lauryl-carbamate
tripeptide-1,Tripeptide-1,49557-75-7,,https://incidecoder.com/ingredients/tripeptide-1
arbutin,Arbutin,497-76-7,207-850-3,https://incidecoder.com/ingredients/arbutin
lactic acid,Lactic Acid,50-21-5,200-018-0,https://incidecoder.com/ingredients/lactic-acid
sorbitol,Sorbitol,50-70-4,200-061-5,https://incidecoder.com/ingredients/sorbitol
ascorbic acid,Ascorbic Acid,50-81-7,200-066-2,https://incidecoder.com/ingredients/ascorbic-acid
glucose,Glucose,50-99-7,200-075-1,https://incidecoder.com/ingredients/glucose
methoxycinnamidopropyl hydroxysultaine,Methoxycinnamidopropyl Hydroxysultaine,500731-87-3,,https://incidecoder.com/ingredients/methoxycinnamidopropyl-hydroxysultaine
resveratrol,Resveratrol,501-36-0,,https://incidecoder.com/ingredients/resveratrol
isopentyldiol,Isopentyldiol,50468-22-9,256-597-5,https://incidecoder.com/ingredients/isopentyldiol
methyl diisopropyl propionamide,Methyl Diisopropyl Propionamide,51115-67-4,256-974-4,https://incidecoder.com/ingredients/methyl-diisopropyl-propionamide
peg-8,PEG-8,5117-19-1,225-856-4,https://incidecoder.com/ingredients/peg-8
raffinose,Raffinose,512-69-6,208-146-9,https://incidecoder.com/ingredients/raffinose
hydroxymethoxyphenyl propylmethylmethoxybenzofuran,Hydroxymethoxyphenyl Propylmethylmethoxybenzofuran,51267-48-2,,https://incidecoder.com/ingredients/hydroxymethoxyphenyl-propylmethylmethoxybenzofuran
ci 77492,Ci 77492,51274-00-1,257-098-5,https://incidecoder.com/ingredients/ci-77492
bisabolol,Bisabolol,515-69-5,208-205-9,https://incidecoder.com/ingredients/bisabolol
valine,Valine,516-06-3,,https://incidecoder.com/ingredients/valine
hesperidin,Hesperidin,520-26-3,208-288-1,https://incidecoder.com/ingredients/hesperidin
dehydroacetic acid,Dehydroacetic Acid,520-45-6,208-293-9,https://incidecoder.com/ingredients/dehydroacetic-acid
sodium gluconate,Sodium Gluconate,527-07-1,208-407-7,https://incidecoder.com/ingredients/sodium-gluconate
copper gluconate,Copper Gluconate,527-09-3,208-408-2,https://incidecoder.com/ingredients/copper-gluconate
dimethyl isosorbide,Dimethyl Isosorbide,5306-85-4,226-159-8,https://incidecoder.com/ingredients/dimethyl-isosorbide
sodium benzoate,Sodium Benzoate,532-32-1,208-534-8,https://incidecoder.com/ingredients/sodium-benzoate
tropolone,Tropolone,533-75-5,208-577-2,https://incidecoder.com/ingredients/tropolone
octyldodecanol,Octyldodecanol,5333-42-6,226-242-9,https://incidecoder.com/ingredients/octyldodecanol
pentylene glycol,Pentylene Glycol,5343-92-0,226-285-3,https://incidecoder.com/ingredients/pentylene-glycol
anhydroxylitol,Anhydroxylitol,53448-53-6,258-560-9,https://incidecoder.com/ingredients/anhydroxylitol
citral,Citral,5392-40-5,226-394-6,https://incidecoder.com/ingredients/citral
sodium salicylate,Sodium Salicylate,54-21-7,200-198-0,https://incidecoder.com/ingredients/sodium-salicylate
tocopherol,Tocopherol,54-28-4,200-201-5,https://incidecoder.com/ingredients/tocopherol
cetyl palmitate,Cetyl Palmitate,540-10-3,208-736-6,https://incidecoder.com/ingredients/cetyl-palmitate
cyclohexasiloxane,Cyclohexasiloxane,540-97-6,208-762-8,https://incidecoder.com/ingredients/cyclohexasiloxane
cyclopentasiloxane,Cyclopentasiloxane,541-02-6,208-764-9,https://incidecoder.com/ingredients/cyclopentasiloxane
ethyl linoleate,Ethyl Linoleate,544-35-4,208-868-4,https://incidecoder.com/ingredients/ethyl-linoleate
myristic acid,Myristic Acid,544-63-8,208-875-2,https://incidecoder.com/ingredients/myristic-acid
ethylhexyl benzoate,Ethylhexyl Benzoate,5444-75-7,226-641-8,https://incidecoder.com/ingredients/ethylhexyl-benzoate
decyl glucoside,Decyl Glucoside,54549-25-6,259-218-1,https://incidecoder.com/ingredients/decyl-glucoside
ethylhexyl methoxycinnamate,Ethylhexyl Methoxycinnamate,5466-77-3,226-775-7,https://incidecoder.com/ingredients/ethylhexyl-methoxycinnamate
raspberry ketone,Raspberry Ketone,5471-51-2,226-806-4,https://incidecoder.com/ingredients/raspberry-ketone
methylheptyl laurate,Methylheptyl Laurate,55194-07-5,,https://incidecoder.com/ingredients/methylheptyl-laurate
phytosphingosine,Phytosphingosine,554-62-1,,https://incidecoder.com/ingredients/phytosphingosine
iodopropynyl butylcarbamate,Iodopropynyl Butylcarbamate,55406-53-6,259-627-5,https://incidecoder.com/ingredients/iodopropynyl-butylcarbamate
cyclotetrasiloxane,Cyclotetrasiloxane,556-67-2,209-136-7,https://incidecoder.com/ingredients/cyclotetrasiloxane
zinc stearate,Zinc Stearate,557-05-1,209-151-9,https://incidecoder.com/ingredients/zinc-stearate
glyceryl stearate citrate,Glyceryl Stearate Citrate,55840-13-6,259-855-5,https://incidecoder.com/ingredients/glyceryl-stearate-citrate
glycine,Glycine,56-40-6,,https://incidecoder.com/ingredients/glycine
glycerin,Glycerin,56-81-5,200-289-5,https://incidecoder.com/ingredients/glycerin
aspartic acid,Aspartic Acid,56-84-8,200-291-6,https://incidecoder.com/ingredients/aspartic-acid
glutamic acid,Glutamic Acid,56-86-0,200-293-7,https://incidecoder.com/ingredients/glutamic-acid
polyglycerin-3,Polyglycerin-3,56090-54-1,259-986-8,https://incidecoder.com/ingredients/polyglycerin-3
trimethylsiloxysilicate,Trimethylsiloxysilicate,56275-01-5,,https://incidecoder.com/ingredients/trimethylsiloxysilicate
palmitic acid,Palmitic Acid,57-10-3,200-312-9,https://incidecoder.com/ingredients/palmitic-acid
stearic acid,Stearic Acid,57-11-4,,https://incidecoder.com/ingredients/stearic-acid
urea,Urea,57-13-6,,https://incidecoder.com/ingredients/urea
fructose,Fructose,57-48-7,200-333-3,https://incidecoder.com/ingredients/fructose
sucrose,Sucrose,57-50-1,200-334-9,https://incidecoder.com/ingredients/sucrose
propylene glycol,Propylene Glycol,57-55-6,200-338-0,https://incidecoder.com/ingredients/propylene-glycol
cholesterol,Cholesterol,57-88-5,200-353-2,https://incidecoder.com/ingredients/cholesterol
caffeine,Caffeine,58-08-2,200-362-1,https://incidecoder.com/ingredients/caffeine
adenosine,Adenosine,58-61-7,200-389-9,https://incidecoder.com/ingredients/adenosine
biotin,Biotin,58-85-5,200-399-3,https://incidecoder.com/ingredients/biotin
isostearyl neopentanoate,Isostearyl Neopentanoate,58958-60-4,261-521-9,https://incidecoder.com/ingredients/isostearyl-neopentanoate
diglycerin,Diglycerin,59113-36-9,261-605-5,https://incidecoder.com/ingredients/diglycerin
cetyl ethylhexanoate,Cetyl Ethylhexanoate,59130-69-7,261-619-1,https://incidecoder.com/ingredients/cetyl-ethylhexanoate
isononyl isononanoate,Isononyl Isononanoate,59219-71-5,261-665-2,https://incidecoder.com/ingredients/isononyl-isononanoate
menthyl lactate,Menthyl Lactate,59259-38-0,261-678-3,https://incidecoder.com/ingredients/menthyl-lactate
sodium phenylbenzimidazole sulfonate,Sodium Phenylbenzimidazole Sulfonate,5997-53-5,,https://incidecoder.com/ingredients/sodium-phenylbenzimidazole-sulfonate
edta,EDTA,60-00-4,200-449-4,https://incidecoder.com/ingredients/edta
phenethyl alcohol,Phenethyl Alcohol,60-12-8,200-456-2,https://incidecoder.com/ingredients/phenethyl-alcohol
linoleic acid,Linoleic Acid,60-33-3,200-470-9,https://incidecoder.com/ingredients/linoleic-acid
sorbitan caprylate,Sorbitan Caprylate,60177-36-8,262-098-3,https://incidecoder.com/ingredients/sorbitan-caprylate
isodecyl neopentanoate,Isodecyl Neopentanoate,60209-82-7,262-108-6,https://incidecoder.com/ingredients/isodecyl-neopentanoate
proline,Proline,609-36-9,,https://incidecoder.com/ingredients/proline
acetyl hexapeptide-8,Acetyl Hexapeptide-8,616204-22-9,,https://incidecoder.com/ingredients/acetyl-hexapeptide-8
peg-40 hydrogenated castor oil,PEG-40 Hydrogenated Castor Oil,61788-85-0,,https://incidecoder.com/ingredients/peg-40-hydrogenated-castor-oil
sodium cocoyl isethionate,Sodium Cocoyl Isethionate,61789-32-0,263-052-5,https://incidecoder.com/ingredients/sodium-cocoyl-isethionate
cocamidopropyl betaine,Cocamidopropyl Betaine,61789-40-0,263-058-8,https://incidecoder.com/ingredients/cocamidopropyl-betaine
jojoba esters,Jojoba Esters,61789-91-1,,https://incidecoder.com/ingredients/jojoba-esters
pistacia lentiscus gum,Pistacia Lentiscus Gum,61789-92-2,263-098-6,https://incidecoder.com/ingredients/pistacia-lentiscus-gum
coceth-7,Coceth-7,61791-13-7,,https://incidecoder.com/ingredients/coceth-7
sodium methyl cocoyl taurate,Sodium Methyl Cocoyl Taurate,61791-42-2,263-174-9,https://incidecoder.com/ingredients/sodium-methyl-cocoyl-taurate
sodium cocoyl sarcosinate,Sodium Cocoyl Sarcosinate,61791-59-1,263-193-2,https://incidecoder.com/ingredients/sodium-cocoyl-sarcosinate
ppg-10 methyl glucose ether,PPG-10 Methyl Glucose Ether,61849-72-7,,https://incidecoder.com/ingredients/ppg-10-methyl-glucose-ether
sh-oligopeptide-2,SH-Oligopeptide-2,61912-98-9,,https://incidecoder.com/ingredients/sh-oligopeptide-2
octocrylene,Octocrylene,6197-30-4,228-250-8,https://incidecoder.com/ingredients/octocrylene
triheptanoin,Triheptanoin,620-67-7,210-647-2,https://incidecoder.com/ingredients/triheptanoin
pentaerythrityl tetraisostearate,Pentaerythrityl Tetraisostearate,62125-22-8,263-423-1,https://incidecoder.com/ingredients/pentaerythrityl-tetraisostearate
ammonium polyacryloyldimethyl taurate,Ammonium Polyacryloyldimethyl Taurate,62152-14-1,,https://incidecoder.com/ingredients/ammonium-polyacryloyldimethyl-taurate
sh-oligopeptide-1,SH-Oligopeptide-1,62253-63-8,,https://incidecoder.com/ingredients/sh-oligopeptide-1
palmitoyl tripeptide-5,Palmitoyl Tripeptide-5,623172-55-4,,https://incidecoder.com/ingredients/palmitoyl-tripeptide-5
glycol distearate,Glycol Distearate,627-83-8,211-014-3,https://incidecoder.com/ingredients/glycol-distearate
ceramide eop,Ceramide EOP,627881-96-3,,https://incidecoder.com/ingredients/ceramide-1
dicaprylyl ether,Dicaprylyl Ether,629-82-3,211-112-6,https://incidecoder.com/ingredients/dicaprylyl-ether
arachidyl alcohol,Arachidyl Alcohol,629-96-9,211-119-4,https://incidecoder.com/ingredients/arachidyl-alcohol
sorbeth-30 tetraoleate,Sorbeth-30 Tetraoleate,63089-86-1,,https://incidecoder.com/ingredients/sorbeth-30-tetraoleate
isoamyl laurate,Isoamyl Laurate,6309-51-9,228-626-1,https://incidecoder.com/ingredients/isoamyl-laurate
menthone glycerin acetal,Menthone Glycerin Acetal,63187-91-7,,https://incidecoder.com/ingredients/menthone-glycerin-acetal
polysilicone-11,Polysilicone-11,63394-02-5,,https://incidecoder.com/ingredients/polysilicone-11
dibutyl lauroyl glutamide,Dibutyl Lauroyl Glutamide,63663-21-8,264-391-1,https://incidecoder.com/ingredients/dibutyl-lauroyl-glutamide
tetrasodium edta,Tetrasodium EDTA,64-02-8,200-573-9,https://incidecoder.com/ingredients/tetrasodium-edta
alcohol,Alcohol,64-17-5,200-578-6,https://incidecoder.com/ingredients/alcohol
acetic acid,Acetic Acid,64-19-7,200-580-7,https://incidecoder.com/ingredients/acetic-acid
dmdm hydantoin,DMDM Hydantoin,6440-58-0,229-222-8,https://incidecoder.com/ingredients/dmdm-hydantoin
trifluoroacetyl tripeptide-2,Trifluoroacetyl Tripeptide-2,64577-63-5,,https://incidecoder.com/ingredients/trifluoroacetyl-tripeptide-2
ozokerite,Ozokerite,64742-33-2,265-134-6,https://incidecoder.com/ingredients/ozokerite
c13-15 alkane,C13-15 Alkane,64742-46-7,934-954-2,https://incidecoder.com/ingredients/c13-15-alkane
isosorbide dicaprylate,Isosorbide Dicaprylate,64896-70-4,,https://incidecoder.com/ingredients/isosorbide-dicaprylate
pentapeptide-18,Pentapeptide-18,64963-01-5,,https://incidecoder.com/ingredients/pentapeptide-18
benzoic acid,Benzoic Acid,65-85-0,200-618-2,https://incidecoder.com/ingredients/benzoic-acid
soy amino acids,Soy Amino Acids,65072-01-7,,https://incidecoder.com/ingredients/soy-amino-acids
stearyl heptanoate,Stearyl Heptanoate,66009-41-4,266-065-4,https://incidecoder.com/ingredients/stearyl-heptanoate
ethylene/propylene/styrene copolymer,Ethylene/Propylene/Styrene Copolymer,66070-58-4,,https://incidecoder.com/ingredients/ethylene-propylene-styrene-copolymer
polyglyceryl-3 diisostearate,Polyglyceryl-3 Diisostearate,66082-42-6,-,https://incidecoder.com/ingredients/polyglyceryl-3-diisostearate
behenyl alcohol,Behenyl Alcohol,661-19-8,211-546-6,https://incidecoder.com/ingredients/behenyl-alcohol
peg-7 glyceryl cocoate,PEG-7 Glyceryl Cocoate,66105-29-1,,https://incidecoder.com/ingredients/peg-7-glyceryl-cocoate
sodium lauroamphoacetate,Sodium Lauroamphoacetate,66161-62-4,266-197-2,https://incidecoder.com/ingredients/sodium-lauroamphoacetate
sodium ascorbyl phosphate,Sodium Ascorbyl Phosphate,66170-10-3,425-180-1,https://incidecoder.com/ingredients/sodium-ascorbyl-phosphate
benzophenone-5,Benzophenone-5,6628-37-1,,https://incidecoder.com/ingredients/benzophenone-5
pentaerythrityl tetra-di-t-butyl hydroxyhydrocinnamate,Pentaerythrityl Tetra-Di-T-Butyl Hydroxyhydrocinnamate,6683-19-8,229-722-6,https://incidecoder.com/ingredients/pentaerythrityl-tetra-di-t-butyl-hydroxyhydrocinnamate
"ethyl 2,2-dimethylhydrocinnamal","Ethyl 2,2-Dimethylhydrocinnamal",67634-15-5,266-819-2,https://incidecoder.com/ingredients/ethyl-2-2-dimethylhydrocinnamal
cetearyl alcohol,Cetearyl Alcohol,67762-27-0,267-008-6,https://incidecoder.com/ingredients/cetearyl-alcohol
bis-peg-18 methyl ether dimethyl silane,Bis-PEG-18 Methyl Ether Dimethyl Silane,67846-47-3,,https://incidecoder.com/ingredients/bis-peg-18-methyl-ether-dimethyl-silane
sodium citrate,Sodium Citrate,68-04-2,200-675-3,https://incidecoder.com/ingredients/sodium-citrate
retinol,Retinol,68-26-8,200-683-7,https://incidecoder.com/ingredients/retinol
c14-22 alcohols,C14-22 Alcohols,68002-95-9,,https://incidecoder.com/ingredients/c14-22-alcohols
hydrogenated polydecene,Hydrogenated Polydecene,68037-01-4,500-183-1,https://incidecoder.com/ingredients/hydrogenated-polydecene
hydrogen dimethicone,Hydrogen Dimethicone,68037-59-2,-,https://incidecoder.com/ingredients/hydrogen-dimethicone
teprenone,Teprenone,6809-52-5,,https://incidecoder.com/ingredients/teprenone
zinc pca,Zinc Pca,68107-75-5,268-475-9,https://incidecoder.com/ingredients/zinc-pca
dipentaerythrityl hexacaprylate/hexacaprate,Dipentaerythrityl Hexacaprylate/Hexacaprate,68130-24-5,268-581-5,https://incidecoder.com/ingredients/dipentaerythrityl-hexacaprylate-hexacaprate
cocamidopropyl hydroxysultaine,Cocamidopropyl Hydroxysultaine,68139-30-0,268-761-3,https://incidecoder.com/ingredients/cocamidopropyl-hydroxysultaine
polyamide-8,Polyamide-8,68139-70-8,,https://incidecoder.com/ingredients/polyamide-8
cocamide mea,Cocamide MEA,68140-00-1,268-770-2,https://incidecoder.com/ingredients/cocamide-mea
cocamidopropyl dimethylamine,Cocamidopropyl Dimethylamine,68140-01-2,268-771-8,https://incidecoder.com/ingredients/cocamidopropyl-dimethylamine
cocamidopropylamine oxide,Cocamidopropylamine Oxide,68155-09-9,268-938-5,https://incidecoder.com/ingredients/cocamidopropylamine-oxide
sodium cocoyl glutamate,Sodium Cocoyl Glutamate,68187-32-6,269-087-2,https://incidecoder.com/ingredients/sodium-cocoyl-glutamate
methyl gluceth-10,Methyl Gluceth-10,68239-42-9,,https://incidecoder.com/ingredients/methyl-gluceth-10
peg-20 methyl glucose sesquistearate,PEG-20 Methyl Glucose Sesquistearate,68389-70-8,,https://incidecoder.com/ingredients/peg-20-methyl-glucose-sesquistearate
c12-15 alkyl benzoate,C12-15 Alkyl Benzoate,68411-27-8,270-112-4,https://incidecoder.com/ingredients/c12-15-alkyl-benzoate
disodium cocoamphodipropionate,Disodium Cocoamphodipropionate,68411-57-4,270-131-8,https://incidecoder.com/ingredients/disodium-cocoamphodipropionate
ceteareth-20,Ceteareth-20,68439-49-6,,https://incidecoder.com/ingredients/ceteareth-20
c12-14 pareth-12,C12-14 Pareth-12,68439-50-9,500-213-3,https://incidecoder.com/ingredients/c12-14-pareth-12
sodium c14-16 olefin sulfonate,Sodium C14-16 Olefin Sulfonate,68439-57-6,270-407-8,https://incidecoder.com/ingredients/sodium-c14-16-olefin-sulfonate
oryza sativa bran oil,Oryza Sativa Bran Oil,68553-81-1,271-397-8,https://incidecoder.com/ingredients/oryza-sativa-bran-oil
polymethylsilsesquioxane,Polymethylsilsesquioxane,68554-70-1,,https://incidecoder.com/ingredients/polymethylsilsesquioxane
propylene glycol dicaprylate/dicaprate,Propylene Glycol Dicaprylate/Dicaprate,68583-51-7,271-516-3,https://incidecoder.com/ingredients/propylene-glycol-dicaprylate-dicaprate
cocamide dea,Cocamide DEA,68603-42-9,271-657-0,https://incidecoder.com/ingredients/cocamide-dea
silica dimethyl silylate,Silica Dimethyl Silylate,68611-44-9,271-893-4,https://incidecoder.com/ingredients/silica-dimethyl-silylate
butylene/ethylene/styrene copolymer,Butylene/Ethylene/Styrene Copolymer,68648-89-5,,https://incidecoder.com/ingredients/butylene-ethylene-styrene-copolymer
disodium cocoamphodiacetate,Disodium Cocoamphodiacetate,68650-39-5,931-291-0,https://incidecoder.com/ingredients/disodium-cocoamphodiacetate
prunus armeniaca kernel oil,Prunus Armeniaca Kernel Oil,68650-44-2,272-046-1,https://incidecoder.com/ingredients/prunus-armeniaca-kernel-oil
dipotassium glycyrrhizate,Dipotassium Glycyrrhizate,68797-35-3,272-296-1,https://incidecoder.com/ingredients/dipotassium-glycyrrhizate
neopentyl glycol diheptanoate,Neopentyl Glycol Diheptanoate,68855-18-5,272-469-1,https://incidecoder.com/ingredients/neopentyl-glycol-diheptanoate
silica silylate,Silica Silylate,68909-20-6,,https://incidecoder.com/ingredients/silica-silylate
citrus aurantium amara flower oil,Citrus Aurantium Amara Flower Oil,68916-04-1,-,https://incidecoder.com/ingredients/citrus-aurantium-amara-flower-oil
ananas sativus fruit extract,Ananas Sativus Fruit Extract,68917-26-0,,https://incidecoder.com/ingredients/ananas-sativus-fruit-extract
methyl glucose sesquistearate,Methyl Glucose Sesquistearate,68936-95-8,273-049-0,https://incidecoder.com/ingredients/methyl-glucose-sesquistearate
peg-10 dimethicone,PEG-10 Dimethicone,68937-54-2,,https://incidecoder.com/ingredients/peg-10-dimethicone
peg/ppg-18/18 dimethicone,PEG/PPG-18/18 Dimethicone,68937-55-3,,https://incidecoder.com/ingredients/peg-ppg-18-18-dimethicone
castor oil/ipdi copolymer,Castor Oil/IPDI Copolymer,68955-90-8,,https://incidecoder.com/ingredients/castor-oil-ipdi-copolymer
crambe abyssinica seed oil,Crambe Abyssinica Seed Oil,68956-68-3,,https://incidecoder.com/ingredients/crambe-abyssinica-seed-oil
arnica montana extract,Arnica Montana Extract,68990-11-4,,https://incidecoder.com/ingredients/arnica-montana-extract
lactobacillus/eriodictyon californicum ferment extract,Lactobacillus/Eriodictyon Californicum Ferment Extract,68990-14-7,,https://incidecoder.com/ingredients/lactobacillus-eriodictyon-californicum-ferment-extract
phytosteryl macadamiate,Phytosteryl Macadamiate,68990-51-2,,https://incidecoder.com/ingredients/phytosteryl-macadamiate
taraxacum officinale leaf extract,Taraxacum Officinale Leaf Extract,68990-74-9,273-624-6,https://incidecoder.com/ingredients/taraxacum-officinale-leaf-extract
mannitol,Mannitol,69-65-8,200-711-8,https://incidecoder.com/ingredients/mannitol
salicylic acid,Salicylic Acid,69-72-7,200-712-3,https://incidecoder.com/ingredients/salicylic-acid
"1,2-hexanediol","1,2-Hexanediol",6920-22-5,230-029-6,https://incidecoder.com/ingredients/1-2-hexanediol
isoceteth-20,Isoceteth-20,69364-63-2,,https://incidecoder.com/ingredients/isoceteth-20
diisopropyl adipate,Diisopropyl Adipate,6938-94-9,230-072-0,https://incidecoder.com/ingredients/diisopropyl-adipate
cyclomethicone,Cyclomethicone,69430-24-6,-,https://incidecoder.com/ingredients/cyclomethicone
disodium lauriminodipropionate tocopheryl phosphates,Disodium Lauriminodipropionate Tocopheryl Phosphates,694490-72-7,,https://incidecoder.com/ingredients/disodium-lauriminodipropionate-tocopheryl-phosphates
hydroxyphenyl propamidobenzoic acid,Hydroxyphenyl Propamidobenzoic Acid,697235-49-7,,https://incidecoder.com/ingredients/hydroxyphenyl-propamidobenzoic-acid
ornithine,Ornithine,70-26-8,200-731-7,https://incidecoder.com/ingredients/ornithine
butyl methoxydibenzoylmethane,Butyl Methoxydibenzoylmethane,70356-09-1,274-581-6,https://incidecoder.com/ingredients/butyl-methoxydibenzoylmethane
ethylhexylglycerin,Ethylhexylglycerin,70445-33-9,408-080-2,https://incidecoder.com/ingredients/ethylhexylglycerin
retinyl propionate,Retinyl Propionate,7069-42-3,230-363-2,https://incidecoder.com/ingredients/retinyl-propionate
neopentyl glycol dicaprylate/dicaprate,Neopentyl Glycol Dicaprylate/Dicaprate,70693-32-2,274-764-0,https://incidecoder.com/ingredients/neopentyl-glycol-dicaprylate-dicaprate
methicone,Methicone,70761-33-0,,https://incidecoder.com/ingredients/methicone
cucumis sativus seed oil,Cucumis Sativus Seed Oil,70955-25-8,-,https://incidecoder.com/ingredients/cucumis-sativus-seed-oil
histidine,Histidine,71-00-1,200-745-3,https://incidecoder.com/ingredients/histidine
n-butyl alcohol,N-Butyl Alcohol,71-36-3,200-751-6,https://incidecoder.com/ingredients/n-butyl-alcohol
isoamyl p-methoxycinnamate,Isoamyl p-Methoxycinnamate,71617-10-2,275-702-5,https://incidecoder.com/ingredients/isoamyl-p-methoxycinnamate
amodimethicone,Amodimethicone,71750-80-6,,https://incidecoder.com/ingredients/amodimethicone
sorbitan sesquiisostearate,Sorbitan Sesquiisostearate,71812-38-9,,https://incidecoder.com/ingredients/sorbitan-sesquiisostearate
sorbitan isostearate,Sorbitan Isostearate,71902-01-7,276-171-2,https://incidecoder.com/ingredients/sorbitan-isostearate
sodium lactate,Sodium Lactate,72-17-3,200-772-0,https://incidecoder.com/ingredients/sodium-lactate
ceramide np,Ceramide NP,72968-43-5,277-140-6,https://incidecoder.com/ingredients/ceramide-np
pentaerythrityl tetraethylhexanoate,Pentaerythrityl Tetraethylhexanoate,7299-99-2,230-743-8,https://incidecoder.com/ingredients/pentaerythrityl-tetraethylhexanoate
isoleucine,Isoleucine,73-32-5,200-798-2,https://incidecoder.com/ingredients/isoleucine
sodium carbomer,Sodium Carbomer,73298-57-4,,https://incidecoder.com/ingredients/sodium-carbomer
caprylic/capric triglyceride,Caprylic/Capric Triglyceride,73398-61-5,277-452-2,https://incidecoder.com/ingredients/caprylic-capric-triglyceride
triethylhexanoin,Triethylhexanoin,7360-38-5,230-896-0,https://incidecoder.com/ingredients/triethylhexanoin
caprylhydroxamic acid,Caprylhydroxamic Acid,7377-03-9,230-936-7,https://incidecoder.com/ingredients/caprylhydroxamic-acid
arginine,Arginine,74-79-3,200-811-1,https://incidecoder.com/ingredients/arginine
propane,Propane,74-98-6,,https://incidecoder.com/ingredients/propane
magnesium sulfate,Magnesium Sulfate,7487-88-9,231-298-2,https://incidecoder.com/ingredients/magnesium-sulfate
diisopropyl sebacate,Diisopropyl Sebacate,7491-02-3,231-306-4,https://incidecoder.com/ingredients/diisopropyl-sebacate
isobutane,Isobutane,75-28-5,200-857-2,https://incidecoder.com/ingredients/isobutane
t-butyl alcohol,T-Butyl Alcohol,75-65-0,200-889-7,https://incidecoder.com/ingredients/t-butyl-alcohol
acetyl tetrapeptide-2,Acetyl Tetrapeptide-2,757942-88-4,,https://incidecoder.com/ingredients/acetyl-tetrapeptide-2
peg-12 glyceryl dimyristate,PEG-12 Glyceryl Dimyristate,75815-56-0,,https://incidecoder.com/ingredients/peg-12-glyceryl-dimyristate
glucomannan,Glucomannan,76081-94-2,,https://incidecoder.com/ingredients/glucomannan
silica,Silica,7631-86-9,231-545-4,https://incidecoder.com/ingredients/silica
sodium chloride,Sodium Chloride,7647-14-5,231-598-3,https://incidecoder.com/ingredients/sodium-chloride
tocopheryl acetate,Tocopheryl Acetate,7695-91-2,231-710-0,https://incidecoder.com/ingredients/tocopheryl-acetate
tromethamine,Tromethamine,77-86-1,201-064-4,https://incidecoder.com/ingredients/tromethamine
citric acid,Citric Acid,77-92-9,201-069-1,https://incidecoder.com/ingredients/citric-acid
sodium acrylate/sodium acryloyldimethyl taurate copolymer,Sodium Acrylate/Sodium Acryloyldimethyl Taurate Copolymer,77019-71-7,,https://incidecoder.com/ingredients/sodium-acrylate-sodium-acryloyldimethyl-taurate-copolymer
sulfur,Sulfur,7704-34-9,231-722-6,https://incidecoder.com/ingredients/sulfur
onsen-sui,Onsen-Sui,7732-18-5,,https://incidecoder.com/ingredients/onsen-sui
potassium phosphate,Potassium Phosphate,7778-77-0,231-913-4,https://incidecoder.com/ingredients/potassium-phosphate
tremella fuciformis polysaccharide,Tremella Fuciformis Polysaccharide,778577-37-0,,https://incidecoder.com/ingredients/tremella-fuciformis-polysaccharide
magnesium chloride,Magnesium Chloride,7786-30-3,232-094-6,https://incidecoder.com/ingredients/magnesium-chloride
ci 77163,Ci 77163,7787-59-9,232-122-7,https://incidecoder.com/ingredients/ci-77163
linalool,Linalool,78-70-6,201-134-4,https://incidecoder.com/ingredients/linalool
diazolidinyl urea,Diazolidinyl Urea,78491-02-8,278-928-2,https://incidecoder.com/ingredients/diazolidinyl-urea
cycloastragenol,Cycloastragenol,78574-94-4,,https://incidecoder.com/ingredients/cycloastragenol
glycolic acid,Glycolic Acid,79-14-1,201-180-5,https://incidecoder.com/ingredients/glycolic-acid
retinyl palmitate,Retinyl Palmitate,79-81-2,201-228-5,https://incidecoder.com/ingredients/retinyl-palmitate
cetylhydroxyproline palmitamide,Cetylhydroxyproline Palmitamide,791838-11-4,,https://incidecoder.com/ingredients/cetylhydroxyproline-palmitamide
polyglyceryl-10 stearate,Polyglyceryl-10 Stearate,79777-30-3,,https://incidecoder.com/ingredients/polyglyceryl-10-stearate
butylphenyl methylpropional,Butylphenyl Methylpropional,80-54-6,201-289-8,https://incidecoder.com/ingredients/butylphenyl-methylpropional
threonine,Threonine,80-68-2,,https://incidecoder.com/ingredients/threonine
lavandula angustifolia oil,Lavandula Angustifolia Oil,8000-28-0,-,https://incidecoder.com/ingredients/lavandula-angustifolia-oil
eucalyptus citriodora oil,Eucalyptus Citriodora Oil,8000-48-4,,https://incidecoder.com/ingredients/eucalyptus-citriodora-oil
helianthus annuus seed oil,Helianthus Annuus Seed Oil,8001-21-6,232-273-9,https://incidecoder.com/ingredients/helianthus-annuus-seed-oil
glycine soja oil,Glycine Soja Oil,8001-22-7,232-274-4,https://incidecoder.com/ingredients/glycine-soja-oil
carthamus tinctorius oleosomes,Carthamus Tinctorius Oleosomes,8001-23-8,232-276-5,https://incidecoder.com/ingredients/carthamus-tinctorius-oleosomes
olea europaea fruit oil,Olea Europaea Fruit Oil,8001-25-0,232-277-0,https://incidecoder.com/ingredients/olea-europaea-fruit-oil
linum usitatissimum seed oil,Linum Usitatissimum Seed Oil,8001-26-1,232-278-6,https://incidecoder.com/ingredients/linum-usitatissimum-seed-oil
cocos nucifera fruit extract,Cocos Nucifera Fruit Extract,8001-31-8,232-282-8,https://incidecoder.com/ingredients/cocos-nucifera-fruit-extract
ceresin,Ceresin,8001-75-0,232-290-1,https://incidecoder.com/ingredients/ceresin
hydrogenated castor oil,Hydrogenated Castor Oil,8001-78-3,232-292-2,https://incidecoder.com/ingredients/hydrogenated-castor-oil
ricinus communis seed oil,Ricinus Communis Seed Oil,8001-79-4,232-293-8,https://incidecoder.com/ingredients/ricinus-communis-seed-oil
lecithin,Lecithin,8002-43-5,232-307-2,https://incidecoder.com/ingredients/lecithin
chamomilla recutita flower oil,Chamomilla Recutita Flower Oil,8002-66-2,,https://incidecoder.com/ingredients/chamomilla-recutita-flower-oil
candelilla cera,Candelilla Cera,8006-44-8,232-347-0,https://incidecoder.com/ingredients/candelilla-cera
mentha piperita leaf oil,Mentha Piperita Leaf Oil,8006-90-4,,https://incidecoder.com/ingredients/mentha-piperita-leaf-oil
sorbitan sesquioleate,Sorbitan Sesquioleate,8007-43-0,232-360-1,https://incidecoder.com/ingredients/sorbitan-sesquioleate
prunus amygdalus dulcis oil,Prunus Amygdalus Dulcis Oil,8007-69-0,-,https://incidecoder.com/ingredients/prunus-amygdalus-dulcis-oil
citrus aurantium bergamia fruit oil,Citrus Aurantium Bergamia Fruit Oil,8007-75-8,,https://incidecoder.com/ingredients/citrus-aurantium-bergamia-fruit-oil
citrus nobilis oil,Citrus Nobilis Oil,8008-31-9,-,https://incidecoder.com/ingredients/citrus-nobilis-oil
citrus limon peel oil,Citrus Limon Peel Oil,8008-56-8,-,https://incidecoder.com/ingredients/citrus-limon-peel-oil
citrus aurantium dulcis oil,Citrus Aurantium Dulcis Oil,8008-57-9,,https://incidecoder.com/ingredients/citrus-aurantium-dulcis-oil
sesamum indicum seed oil,Sesamum Indicum Seed Oil,8008-74-0,232-370-6,https://incidecoder.com/ingredients/sesamum-indicum-seed-oil
petrolatum,Petrolatum,8009-03-8,232-373-2,https://incidecoder.com/ingredients/petrolatum
cera alba,Cera Alba,8012-89-3,232-383-7,https://incidecoder.com/ingredients/cera-alba
paraffinum liquidum,Paraffinum Liquidum,8012-95-1,232-384-2,https://incidecoder.com/ingredients/paraffinum-liquidum
hydrolyzed yeast extract,Hydrolyzed Yeast Extract,8013-01-2,,https://incidecoder.com/ingredients/hydrolyzed-yeast-extract
pogostemon cablin leaf oil,Pogostemon Cablin Leaf Oil,8014-09-3,-,https://incidecoder.com/ingredients/pogostemon-cablin-leaf-oil
aleurites moluccana seed oil,Aleurites Moluccana Seed Oil,8015-80-3,,https://incidecoder.com/ingredients/aleurites-moluccana-seed-oil
copernicia cerifera wax,Copernicia Cerifera Wax,8015-86-9,232-399-4,https://incidecoder.com/ingredients/copernicia-cerifera-wax
daucus carota sativa seed oil,Daucus Carota Sativa Seed Oil,8015-88-1,-,https://incidecoder.com/ingredients/daucus-carota-sativa-seed-oil
citrus paradisi peel oil,Citrus Paradisi Peel Oil,8016-20-4,,https://incidecoder.com/ingredients/citrus-paradisi-peel-oil
persea gratissima oil,Persea Gratissima Oil,8024-32-6,232-428-0,https://incidecoder.com/ingredients/persea-gratissima-oil
citrus aurantium dulcis fruit extract,Citrus Aurantium Dulcis Fruit Extract,8028-48-6,232-433-8,https://incidecoder.com/ingredients/citrus-aurantium-dulcis-fruit-extract
vinegar,Vinegar,8028-52-2,,https://incidecoder.com/ingredients/vinegar
honey,Honey,8028-66-8,,https://incidecoder.com/ingredients/honey
caramel,Caramel,8028-89-5,232-435-9,https://incidecoder.com/ingredients/caramel
hydrolyzed corn starch,Hydrolyzed Corn Starch,8029-43-4,232-436-4,https://incidecoder.com/ingredients/hydrolyzed-corn-starch
solum fullonum,Solum Fullonum,8031-18-3,310-127-6,https://incidecoder.com/ingredients/solum-fullonum
cetyl hydroxyethylcellulose,Cetyl Hydroxyethylcellulose,80455-45-4,,https://incidecoder.com/ingredients/cetyl-hydroxyethylcellulose
simethicone,Simethicone,8050-81-5,,https://incidecoder.com/ingredients/simethicone
safflower oil/palm oil aminopropanediol esters,Safflower Oil/Palm Oil Aminopropanediol Esters,805252-05-5,,https://incidecoder.com/ingredients/safflower-oil-palm-oil-aminopropanediol-esters
aesculus hippocastanum seed extract,Aesculus Hippocastanum Seed Extract,8053-39-2,232-497-7,https://incidecoder.com/ingredients/aesculus-hippocastanum-seed-extract
allium cepa bulb extract,Allium Cepa Bulb Extract,8054-39-5,232-498-2,https://incidecoder.com/ingredients/allium-cepa-bulb-extract
panthenol,Panthenol,81-13-0,201-327-3,https://incidecoder.com/ingredients/panthenol
ethylbisiminomethylguaiacol manganese chloride,Ethylbisiminomethylguaiacol Manganese Chloride,81065-76-1,,https://incidecoder.com/ingredients/ethylbisiminomethylguaiacol-manganese-chloride
behentrimonium methosulfate,Behentrimonium Methosulfate,81646-13-1,279-791-1,https://incidecoder.com/ingredients/behentrimonium-methosulfate
polyquaternium-10,Polyquaternium-10,81859-24-7,,https://incidecoder.com/ingredients/polyquaternium-10
acetyl tetrapeptide-5,Acetyl Tetrapeptide-5,820959-17-9,,https://incidecoder.com/ingredients/acetyl-tetrapeptide-5
sodium stearate,Sodium Stearate,822-16-2,212-490-5,https://incidecoder.com/ingredients/sodium-stearate
bis-diglyceryl polyacyladipate-2,Bis-Diglyceryl Polyacyladipate-2,82249-33-0,406-144-4,https://incidecoder.com/ingredients/bis-diglyceryl-polyacyladipate-2
dipeptide diaminobutyroyl benzylamide diacetate,Dipeptide Diaminobutyroyl Benzylamide Diacetate,823202-99-9,,https://incidecoder.com/ingredients/dipeptide-diaminobutyroyl-benzylamide-diacetate
acetyl tetrapeptide-3,Acetyl Tetrapeptide-3,827306-88-7,,https://incidecoder.com/ingredients/acetyl-tetrapeptide-3
peg-30 dipolyhydroxystearate,PEG-30 Dipolyhydroxystearate,827596-80-5,,https://incidecoder.com/ingredients/peg-30-dipolyhydroxystearate
phytic acid,Phytic Acid,83-86-3,201-506-6,https://incidecoder.com/ingredients/phytic-acid
cananga odorata flower oil,Cananga Odorata Flower Oil,83863-30-3,281-092-1,https://incidecoder.com/ingredients/cananga-odorata-flower-oil
dimethylmethoxy chromanol,Dimethylmethoxy Chromanol,83923-51-7,,https://incidecoder.com/ingredients/dimethylmethoxy-chromanol
arctium lappa root extract,Arctium Lappa Root Extract,84012-13-5,281-658-8,https://incidecoder.com/ingredients/arctium-lappa-root-extract
betula alba bark extract,Betula Alba Bark Extract,84012-15-7,281-660-9,https://incidecoder.com/ingredients/betula-alba-bark-extract
borago officinalis leaf extract,Borago Officinalis Leaf Extract,84012-16-8,281-661-4,https://incidecoder.com/ingredients/borago-officinalis-leaf-extract
centaurea cyanus flower water,Centaurea Cyanus Flower Water,84012-18-0,281-664-0,https://incidecoder.com/ingredients/centaurea-cyanus-flower-water
corylus avellana seed oil,Corylus Avellana  Seed Oil,84012-21-5,,https://incidecoder.com/ingredients/corylus-avellana-seed-oil
avena sativa kernel extract,Avena Sativa Kernel Extract,84012-26-0,281-672-4,https://incidecoder.com/ingredients/avena-sativa-kernel-extract
ruscus aculeatus root extract,Ruscus Aculeatus Root Extract,84012-38-4,281-682-9,https://incidecoder.com/ingredients/ruscus-aculeatus-root-extract
urtica dioica leaf extract,Urtica Dioica Leaf Extract,84012-40-8,281-685-5,https://incidecoder.com/ingredients/urtica-dioica-leaf-extract
triticum vulgare germ extract,Triticum Vulgare Germ Extract,84012-44-2,281-689-7,https://incidecoder.com/ingredients/triticum-vulgare-germ-extract
whey protein,Whey Protein,84082-51-9,,https://incidecoder.com/ingredients/whey-protein
chamomilla recutita flower extract,Chamomilla Recutita Flower Extract,84082-60-0,282-006-5,https://incidecoder.com/ingredients/chamomilla-recutita-flower-extract
melissa officinalis leaf oil,Melissa Officinalis Leaf Oil,84082-61-1,282-007-0,https://incidecoder.com/ingredients/melissa-officinalis-leaf-oil
myrtus communis extract,Myrtus Communis Extract,84082-67-7,282-012-8,https://incidecoder.com/ingredients/myrtus-communis-extract
salix alba bark extract,Salix Alba Bark Extract,84082-82-6,282-029-0,https://incidecoder.com/ingredients/salix-alba-bark-extract
alpha-arbutin,Alpha-Arbutin,84380-01-8,283-934-3,https://incidecoder.com/ingredients/alpha-arbutin
lonicera caprifolium extract,Lonicera Caprifolium Extract,84603-62-3,283-263-6,https://incidecoder.com/ingredients/lonicera-caprifolium-extract
rosa canina seed oil,Rosa Canina Seed Oil,84603-93-0,,https://incidecoder.com/ingredients/rosa-canina-seed-oil
polygonum aviculare extract,Polygonum Aviculare Extract,84604-04-6,283-280-9,https://incidecoder.com/ingredients/polygonum-aviculare-extract
pulsatilla koreana extract,Pulsatilla Koreana Extract,84604-09-1,,https://incidecoder.com/ingredients/pulsatilla-koreana-extract
rosmarinus officinalis leaf extract,Rosmarinus Officinalis Leaf Extract,84604-14-8,283-291-9,https://incidecoder.com/ingredients/rosmarinus-officinalis-leaf-extract
saccharomyces cerevisiae extract,Saccharomyces Cerevisiae Extract,84604-16-0,283-294-5,https://incidecoder.com/ingredients/saccharomyces-cerevisiae-extract
silybum marianum extract,Silybum Marianum Extract,84604-20-6,283-298-7,https://incidecoder.com/ingredients/silybum-marianum-extract
anthemis nobilis flower extract,Anthemis Nobilis Flower Extract,84649-86-5,283-467-5,https://incidecoder.com/ingredients/anthemis-nobilis-flower-extract
berberis vulgaris root extract,Berberis Vulgaris Root Extract,84649-92-3,283-473-8,https://incidecoder.com/ingredients/berberis-vulgaris-root-extract
barosma betulina leaf extract,Barosma Betulina Leaf Extract,84649-93-4,283-474-3,https://incidecoder.com/ingredients/barosma-betulina-leaf-extract
theobroma cacao seed butter,Theobroma Cacao Seed Butter,84649-99-0,283-480-6,https://incidecoder.com/ingredients/theobroma-cacao-seed-butter
panax ginseng root extract,Panax Ginseng Root Extract,84650-12-4,283-493-7,https://incidecoder.com/ingredients/panax-ginseng-root-extract
camellia sinensis leaf extract,Camellia Sinensis Leaf Extract,84650-60-2,283-519-7,https://incidecoder.com/ingredients/camellia-sinensis-leaf-extract
symphytum officinale root extract,Symphytum Officinale Root Extract,84696-05-9,283-625-3,https://incidecoder.com/ingredients/symphytum-officinale-root-extract
zingiber officinale root extract,Zingiber Officinale Root Extract,84696-15-1,283-634-2,https://incidecoder.com/ingredients/zingiber-officinale-root-extract
hamamelis virginiana leaf extract,Hamamelis Virginiana  Leaf Extract,84696-19-5,,https://incidecoder.com/ingredients/hamamelis-virginiana-leaf-extract
centella asiatica extract,Centella Asiatica Extract,84696-21-9,283-640-5,https://incidecoder.com/ingredients/centella-asiatica-extract
piper methysticum leaf/root/stem extract,Piper Methysticum Leaf/Root/Stem Extract,84696-40-2,283-648-9,https://incidecoder.com/ingredients/piper-methysticum-leaf-root-stem-extract
rosa canina fruit oil,Rosa Canina Fruit Oil,84696-47-9,283-652-0,https://incidecoder.com/ingredients/rosa-canina-fruit-oil
usnea barbata extract,Usnea Barbata Extract,84696-53-7,283-658-3,https://incidecoder.com/ingredients/usnea-barbata-extract
curcuma longa root extract,Curcuma Longa Root Extract,84775-52-0,283-882-1,https://incidecoder.com/ingredients/curcuma-longa-root-extract
cypripedium pubescens extract,Cypripedium Pubescens Extract,84775-54-2,283-884-2,https://incidecoder.com/ingredients/cypripedium-pubescens-extract
spiraea ulmaria extract,Spiraea Ulmaria Extract,84775-57-5,283-886-3,https://incidecoder.com/ingredients/spiraea-ulmaria-extract
cochlearia armoracia root extract,Cochlearia Armoracia Root Extract,84775-62-2,283-891-0,https://incidecoder.com/ingredients/cochlearia-armoracia-root-extract
glycyrrhiza glabra root extract,Glycyrrhiza Glabra  Root Extract,84775-66-6,,https://incidecoder.com/ingredients/glycyrrhiza-glabra-root-extract
helianthus annuus extract,Helianthus Annuus Extract,84776-03-4,-,https://incidecoder.com/ingredients/helianthus-annuus-extract
arctostaphylos uva-ursi leaf extract,Arctostaphylos Uva-Ursi Leaf Extract,84776-10-3,283-934-3,https://incidecoder.com/ingredients/arctostaphylos-uva-ursi-leaf-extract
calendula officinalis extract,Calendula Officinalis Extract,84776-23-8,283-949-5,https://incidecoder.com/ingredients/calendula-officinalis-extract
cetraria islandica thallus extract,Cetraria Islandica Thallus Extract,84776-25-0,,https://incidecoder.com/ingredients/cetraria-islandica-thallus-extract
glycine soja seed extract,Glycine Soja Seed Extract,84776-91-0,,https://incidecoder.com/ingredients/glycine-soja-seed-extract
rubus fruticosus seed oil,Rubus Fruticosus Seed Oil,84787-69-9,,https://incidecoder.com/ingredients/rubus-fruticosus-seed-oil
potassium cetyl phosphate,Potassium Cetyl Phosphate,84861-79-0,284-374-2,https://incidecoder.com/ingredients/potassium-cetyl-phosphate
commiphora myrrha resin extract,Commiphora Myrrha Resin Extract,84929-26-0,284-510-0,https://incidecoder.com/ingredients/commiphora-myrrha-resin-extract
vitis vinifera seed extract,Vitis Vinifera Seed Extract,84929-27-1,284-511-6,https://incidecoder.com/ingredients/vitis-vinifera-seed-extract
polypodium vulgare rhizome extract,Polypodium Vulgare Rhizome Extract,84929-44-2,284-527-3,https://incidecoder.com/ingredients/polypodium-vulgare-rhizome-extract
thymus vulgaris flower/leaf oil,Thymus Vulgaris  Flower/Leaf Oil,84929-51-1,,https://incidecoder.com/ingredients/thymus-vulgaris-flower-leaf-oil
daucus carota sativa root extract,Daucus Carota Sativa Root Extract,84929-61-3,284-545-1,https://incidecoder.com/ingredients/daucus-carota-sativa-root-extract
rubus idaeus fruit extract,Rubus Idaeus Fruit Extract,84929-76-0,284-554-0,https://incidecoder.com/ingredients/rubus-idaeus-fruit-extract
styrax benzoin resin extract,Styrax Benzoin Resin Extract,84929-79-3,284-557-7,https://incidecoder.com/ingredients/styrax-benzoin-resin-extract
punica granatum seed oil,Punica Granatum Seed Oil,84961-57-9,284-646-0,https://incidecoder.com/ingredients/punica-granatum-seed-oil
tamarindus indica seed gum,Tamarindus Indica Seed Gum,84961-62-6,284-651-8,https://incidecoder.com/ingredients/tamarindus-indica-seed-gum
phenylethyl resorcinol,Phenylethyl Resorcinol,85-27-8,,https://incidecoder.com/ingredients/phenylethyl-resorcinol
melaleuca alternifolia leaf extract,Melaleuca Alternifolia Leaf Extract,85085-48-9,285-377-1,https://incidecoder.com/ingredients/melaleuca-alternifolia-leaf-extract
plantago lanceolata leaf extract,Plantago Lanceolata Leaf Extract,85085-64-9,285-388-1,https://incidecoder.com/ingredients/plantago-lanceolata-leaf-extract
tuber melanosporum extract,Tuber Melanosporum Extract,85085-76-3,285-398-6,https://incidecoder.com/ingredients/tuber-melanosporum-extract
pyrus malus fruit extract,Pyrus Malus Fruit Extract,85251-63-4,286-475-7,https://incidecoder.com/ingredients/pyrus-malus-fruit-extract
isodecyl salicylate,Isodecyl Salicylate,85252-25-1,286-542-0,https://incidecoder.com/ingredients/isodecyl-salicylate
melaleuca leucadendron cajuputi leaf oil,Melaleuca Leucadendron Cajuputi Leaf Oil,85480-37-1,287-316-4,https://incidecoder.com/ingredients/melaleuca-leucadendron-cajuputi-leaf-oil
aloe barbadensis leaf extract,Aloe Barbadensis Leaf Extract,85507-69-3,287-390-8,https://incidecoder.com/ingredients/aloe-barbadensis-leaf-extract
vitis vinifera extract,Vitis Vinifera Extract,85594-37-2,,https://incidecoder.com/ingredients/vitis-vinifera-extract
curculigo orchioides root extract,Curculigo Orchioides Root Extract,85643-19-2,,https://incidecoder.com/ingredients/curculigo-orchioides-root-extract
capsicum frutescens fruit extract,Capsicum Frutescens Fruit Extract,85940-30-3,288-920-0,https://incidecoder.com/ingredients/capsicum-frutescens-fruit-extract
hexanoyl dipeptide-3 norleucine acetate,Hexanoyl Dipeptide-3 Norleucine Acetate,860627-90-3,,https://incidecoder.com/ingredients/hexanoyl-dipeptide-3-norleucine-acetate
dibutyl ethylhexanoyl glutamide,Dibutyl Ethylhexanoyl Glutamide,861390-34-3,,https://incidecoder.com/ingredients/dibutyl-ethylhexanoyl-glutamide
ethyl ascorbic acid,Ethyl Ascorbic Acid,86404-04-8,,https://incidecoder.com/ingredients/ethyl-ascorbic-acid
triethoxysilylethyl polydimethylsiloxyethyl hexyl dimethicone,Triethoxysilylethyl Polydimethylsiloxyethyl Hexyl Dimethicone,866483-23-0,,https://incidecoder.com/ingredients/triethoxysilylethyl-polydimethylsiloxyethyl-hexyl-dimethicone
peg-20 glyceryl triisostearate,PEG-20 Glyceryl Triisostearate,86846-21-1,,https://incidecoder.com/ingredients/peg-20-glyceryl-triisostearate
propylheptyl caprylate,Propylheptyl Caprylate,868839-23-0,,https://incidecoder.com/ingredients/propylheptyl-caprylate
acetyl octapeptide-3,Acetyl Octapeptide-3,868844-74-0,,https://incidecoder.com/ingredients/acetyl-octapeptide-3
olive oil glycereth-8 esters,Olive Oil Glycereth-8 Esters,869734-38-3,,https://incidecoder.com/ingredients/olive-oil-glycereth-8-esters
xylitol,Xylitol,87-99-0,201-788-0,https://incidecoder.com/ingredients/xylitol
dimethicone/peg-10/15 crosspolymer,Dimethicone/PEG-10/15 Crosspolymer,870616-55-0,,https://incidecoder.com/ingredients/dimethicone-peg-10-15-crosspolymer
bis-ethylhexyl hydroxydimethoxy benzylmalonate,Bis-Ethylhexyl Hydroxydimethoxy Benzylmalonate,872182-46-2,,https://incidecoder.com/ingredients/bis-ethylhexyl-hydroxydimethoxy-benzylmalonate
polyglyceryl-10 eicosanedioate/tetradecanedioate,Polyglyceryl-10 Eicosanedioate/Tetradecanedioate,875112-30-4,,https://incidecoder.com/ingredients/polyglyceryl-10-eicosanedioate-tetradecanedioate
cetearyl nonanoate,Cetearyl Nonanoate,878027-13-5,,https://incidecoder.com/ingredients/cetearyl-nonanoate
ethylhexyl triazone,Ethylhexyl Triazone,88122-99-0,402-070-1,https://incidecoder.com/ingredients/ethylhexyl-triazone
hexapeptide-9,Hexapeptide-9,885024-94-2,,https://incidecoder.com/ingredients/hexapeptide-9
copper tripeptide-1,Copper Tripeptide-1,89030-95-5,,https://incidecoder.com/ingredients/copper-tripeptide-1
palmitoyl hexapeptide-14,Palmitoyl Hexapeptide-14,891498-01-4,,https://incidecoder.com/ingredients/palmitoyl-hexapeptide-14
hydroxypinacolone retinoate,Hydroxypinacolone Retinoate,893412-73-2,,https://incidecoder.com/ingredients/hydroxypinacolone-retinoate
camelina sativa seed oil,Camelina Sativa Seed Oil,8956-68-3,,https://incidecoder.com/ingredients/camelina-sativa-seed-oil
beta vulgaris root extract,Beta Vulgaris Root Extract,89957-89-1,289-610-8,https://incidecoder.com/ingredients/beta-vulgaris-root-extract
citrus aurantium bergamia peel oil,Citrus Aurantium Bergamia Peel Oil,89957-91-5,289-612-9,https://incidecoder.com/ingredients/citrus-aurantium-bergamia-peel-oil
cucumis sativus fruit extract,Cucumis Sativus Fruit Extract,89998-01-6,289-738-4,https://incidecoder.com/ingredients/cucumis-sativus-fruit-extract
mandelic acid,Mandelic Acid,90-64-2,202-007-6,https://incidecoder.com/ingredients/mandelic-acid
gluconolactone,Gluconolactone,90-80-2,202-016-5,https://incidecoder.com/ingredients/gluconolactone
acacia senegal gum,Acacia Senegal Gum,9000-01-5,232-519-5,https://incidecoder.com/ingredients/acacia-senegal-gum
carrageenan,Carrageenan,9000-07-1,232-524-2,https://incidecoder.com/ingredients/carrageenan
cyamopsis tetragonoloba gum,Cyamopsis Tetragonoloba Gum,9000-30-0,232-536-8,https://incidecoder.com/ingredients/cyamopsis-tetragonoloba-gum
gelatin,Gelatin,9000-70-8,232-554-6,https://incidecoder.com/ingredients/gelatin
styrax tonkinensis resin extract,Styrax Tonkinensis Resin Extract,9000-72-0,232-556-7,https://incidecoder.com/ingredients/styrax-tonkinensis-resin-extract
polyethylene,Polyethylene,9002-88-4,,https://incidecoder.com/ingredients/polyethylene
laureth-23,Laureth-23,9002-92-0,,https://incidecoder.com/ingredients/laureth-23
oenothera biennis oil,Oenothera Biennis Oil,90028-66-3,289-859-2,https://incidecoder.com/ingredients/oenothera-biennis-oil
sodium polyacrylate,Sodium Polyacrylate,9003-04-7,,https://incidecoder.com/ingredients/sodium-polyacrylate
polyacrylamide,Polyacrylamide,9003-05-8,,https://incidecoder.com/ingredients/polyacrylamide
peg/ppg-17/6 copolymer,PEG/PPG-17/6 Copolymer,9003-11-6,,https://incidecoder.com/ingredients/peg-ppg-17-6-copolymer
polyisobutene,Polyisobutene,9003-27-4,,https://incidecoder.com/ingredients/polyisobutene
pvp,PVP,9003-39-8,,https://incidecoder.com/ingredients/pvp
cellulose gum,Cellulose Gum,9004-32-4,,https://incidecoder.com/ingredients/cellulose-gum
cellulose,Cellulose,9004-34-6,232-674-9,https://incidecoder.com/ingredients/cellulose
dextrin,Dextrin,9004-53-9,232-675-4,https://incidecoder.com/ingredients/dextrin
hyaluronic acid,Hyaluronic Acid,9004-61-9,232-678-0,https://incidecoder.com/ingredients/hyaluronic-acid
hydroxyethylcellulose,Hydroxyethylcellulose,9004-62-0,,https://incidecoder.com/ingredients/hydroxyethylcellulose
hydroxypropyl methylcellulose,Hydroxypropyl Methylcellulose,9004-65-3,,https://incidecoder.com/ingredients/hydroxypropyl-methylcellulose
oleth-10,Oleth-10,9004-98-2,,https://incidecoder.com/ingredients/oleth-10
peg-100 stearate,PEG-100 Stearate,9004-99-3,,https://incidecoder.com/ingredients/peg-100-stearate
citrus grandis peel oil,Citrus Grandis Peel Oil,90045-43-5,289-904-6,https://incidecoder.com/ingredients/citrus-grandis-peel-oil
simmondsia chinensis seed oil,Simmondsia Chinensis Seed Oil,90045-98-0,289-964-3,https://incidecoder.com/ingredients/simmondsia-chinensis-seed-oil
laminaria saccharina extract,Laminaria Saccharina Extract,90046-14-3,289-982-1,https://incidecoder.com/ingredients/laminaria-saccharina-extract
steareth-2,Steareth-2,9005-00-9,500-017-8,https://incidecoder.com/ingredients/steareth-2
tapioca starch,Tapioca Starch,9005-25-8,232-679-6,https://incidecoder.com/ingredients/tapioca-starch
algin,Algin,9005-38-3,,https://incidecoder.com/ingredients/algin
polysorbate 20,Polysorbate 20,9005-64-5,,https://incidecoder.com/ingredients/polysorbate-20
polysorbate 80,Polysorbate 80,9005-65-6,,https://incidecoder.com/ingredients/polysorbate-80
polysorbate 60,Polysorbate 60,9005-67-8,,https://incidecoder.com/ingredients/polysorbate-60
inulin,Inulin,9005-80-5,232-684-3,https://incidecoder.com/ingredients/inulin
dimethicone,Dimethicone,9006-65-9,,https://incidecoder.com/ingredients/dimethicone
lavandula angustifolia flower water,Lavandula Angustifolia Flower Water,90063-37-9,289-995-2,https://incidecoder.com/ingredients/lavandula-angustifolia-flower-water
lens esculenta fruit extract,Lens Esculenta Fruit Extract,90063-40-4,289-998-9,https://incidecoder.com/ingredients/lens-esculenta-fruit-extract
mangifera indica seed oil,Mangifera Indica Seed Oil,90063-86-8,290-045-4,https://incidecoder.com/ingredients/mangifera-indica-seed-oil
nigella sativa seed oil,Nigella Sativa Seed Oil,90064-32-7,290-094-1,https://incidecoder.com/ingredients/nigella-sativa-seed-oil
carbomer,Carbomer,9007-20-9,-,https://incidecoder.com/ingredients/carbomer
sodium chondroitin sulfate,Sodium Chondroitin Sulfate,9007-28-7,232-696-9,https://incidecoder.com/ingredients/sodium-chondroitin-sulfate
collagen,Collagen,9007-34-5,232-697-4,https://incidecoder.com/ingredients/collagen
opuntia ficus-indica extract,Opuntia Ficus-Indica Extract,90082-21-6,290-109-1,https://incidecoder.com/ingredients/opuntia-ficus-indica-extract
pelargonium graveolens flower oil,Pelargonium Graveolens Flower Oil,90082-51-2,290-140-0,https://incidecoder.com/ingredients/pelargonium-graveolens-flower-oil
pinus pinaster bark extract,Pinus Pinaster Bark Extract,90082-75-0,290-166-2,https://incidecoder.com/ingredients/pinus-pinaster-bark-extract
prunus domestica seed extract,Prunus Domestica Seed Extract,90082-87-4,290-179-3,https://incidecoder.com/ingredients/prunus-domestica-seed-extract
portulaca oleracea extract,Portulaca Oleracea Extract,90083-07-1,290-201-1,https://incidecoder.com/ingredients/portulaca-oleracea-extract
styrene/acrylates copolymer,Styrene/Acrylates Copolymer,9010-92-8,,https://incidecoder.com/ingredients/styrene-acrylates-copolymer
rosa damascena absolute,Rosa Damascena Absolute,90106-38-0,,https://incidecoder.com/ingredients/rosa-damascena-absolute
rumex acetosa leaf extract,Rumex Acetosa Leaf Extract,90106-39-1,290-261-9,https://incidecoder.com/ingredients/rumex-acetosa-leaf-extract
secale cereale seed extract,Secale Cereale Seed Extract,90106-48-2,290-271-3,https://incidecoder.com/ingredients/secale-cereale-seed-extract
polymethyl methacrylate,Polymethyl Methacrylate,9011-14-7,,https://incidecoder.com/ingredients/polymethyl-methacrylate
collagen amino acids,Collagen Amino Acids,9015-54-7,295-635-5,https://incidecoder.com/ingredients/collagen-amino-acids
citrullus lanatus fruit extract,Citrullus Lanatus Fruit Extract,90244-99-8,290-802-9,https://incidecoder.com/ingredients/citrullus-lanatus-fruit-extract
galactoarabinan,Galactoarabinan,9036-66-2,232-910-0,https://incidecoder.com/ingredients/galactoarabinan
ppg-12-buteth-16,PPG-12-Buteth-16,9038-95-3,,https://incidecoder.com/ingredients/ppg-12-buteth-16
sodium cocoamphoacetate,Sodium Cocoamphoacetate,90387-76-1,291-352-6,https://incidecoder.com/ingredients/sodium-cocoamphoacetate
cetearyl ethylhexanoate,Cetearyl Ethylhexanoate,90411-68-0,291-445-1,https://incidecoder.com/ingredients/cetearyl-ethylhexanoate
maltodextrin,Maltodextrin,9050-36-6,232-940-4,https://incidecoder.com/ingredients/maltodextrin
superoxide dismutase,Superoxide Dismutase,9054-89-1,232-943-0,https://incidecoder.com/ingredients/superoxide-dismutase
pullulan,Pullulan,9057-02-7,232-945-1,https://incidecoder.com/ingredients/pullulan
hydrolyzed marine collagen,Hydrolyzed Marine Collagen,9064-67-9,,https://incidecoder.com/ingredients/hydrolyzed-marine-collagen
hydrolyzed sodium hyaluronate,Hydrolyzed Sodium Hyaluronate,9067-32-7,,https://incidecoder.com/ingredients/hydrolyzed-sodium-hyaluronate
ppg-5-ceteth-20,PPG-5-Ceteth-20,9087-53-0,,https://incidecoder.com/ingredients/ppg-5-ceteth-20
aluminum starch octenylsuccinate,Aluminum Starch Octenylsuccinate,9087-61-0,,https://incidecoder.com/ingredients/aluminum-starch-octenylsuccinate
coumarin,Coumarin,91-64-5,202-086-7,https://incidecoder.com/ingredients/coumarin
rosmarinyl glucoside,Rosmarinyl Glucoside,910028-78-3,,https://incidecoder.com/ingredients/rosmarinyl-glucoside
honey extract,Honey Extract,91052-92-5,293-255-4,https://incidecoder.com/ingredients/honey-extract
hydrolyzed placental protein,Hydrolyzed Placental Protein,91080-01-2,293-492-3,https://incidecoder.com/ingredients/hydrolyzed-placental-protein
disodium cetearyl sulfosuccinate,Disodium Cetearyl Sulfosuccinate,91697-07-3,294-268-8,https://incidecoder.com/ingredients/disodium-cetearyl-sulfosuccinate
cassia alata leaf extract,Cassia Alata Leaf Extract,91722-05-3,294-406-7,https://incidecoder.com/ingredients/cassia-alata-leaf-extract
saccharum officinarum extract,Saccharum Officinarum Extract,91722-22-4,294-424-5,https://incidecoder.com/ingredients/saccharum-officinarum-extract
hydrogenated coco-glycerides,Hydrogenated Coco-Glycerides,91744-42-2,294-604-3,https://incidecoder.com/ingredients/hydrogenated-coco-glycerides
adansonia digitata seed oil,Adansonia Digitata Seed Oil,91745-12-9,294-680-8,https://incidecoder.com/ingredients/adansonia-digitata-seed-oil
acer saccharum extract,Acer Saccharum Extract,91770-22-8,294-807-7,https://incidecoder.com/ingredients/acer-saccharum-extract
persea gratissima oil unsaponifiables,Persea Gratissima Oil Unsaponifiables,91770-40-0,294-825-5,https://incidecoder.com/ingredients/persea-gratissima-oil-unsaponifiables
passiflora edulis seed oil,Passiflora Edulis Seed Oil,91770-48-8,294-833-9,https://incidecoder.com/ingredients/passiflora-edulis-seed-oil
vaccinium macrocarpon seed oil,Vaccinium Macrocarpon Seed Oil,91770-88-6,294-875-8,https://incidecoder.com/ingredients/vaccinium-macrocarpon-seed-oil
holly leaf oil,Holly Leaf Oil,91845-35-1,,https://incidecoder.com/ingredients/holly-leaf-oil
salicornia herbacea extract,Salicornia Herbacea Extract,91845-47-5,295-221-4,https://incidecoder.com/ingredients/salicornia-herbacea-extract
hydrolyzed collagen,Hydrolyzed Collagen,92113-31-0,295-635-5,https://incidecoder.com/ingredients/hydrolyzed-collagen
algae extract,Algae Extract,92128-82-0,295-780-4,https://incidecoder.com/ingredients/algae-extract
hydrogenated lecithin,Hydrogenated Lecithin,92128-87-5,295-786-7,https://incidecoder.com/ingredients/hydrogenated-lecithin
eucalyptus radiata leaf oil,Eucalyptus Radiata Leaf Oil,92201-64-4,,https://incidecoder.com/ingredients/eucalyptus-radiata-leaf-oil
citrus limon fruit extract,Citrus Limon Fruit Extract,92346-89-9,296-174-2,https://incidecoder.com/ingredients/citrus-limon-fruit-extract
terephthalylidene dicamphor sulfonic acid,Terephthalylidene Dicamphor Sulfonic Acid,92761-26-7,410-960-6,https://incidecoder.com/ingredients/terephthalylidene-dicamphor-sulfonic-acid
sodium lauroyl methyl isethionate,Sodium Lauroyl Methyl Isethionate,928663-45-0,,https://incidecoder.com/ingredients/sodium-lauroyl-methyl-isethionate
moringa oleifera seed oil,Moringa Oleifera Seed Oil,93165-54-9,296-941-1,https://incidecoder.com/ingredients/moringa-oleifera-seed-oil
salvia hispanica seed oil,Salvia Hispanica Seed Oil,93384-40-8,297-250-8,https://incidecoder.com/ingredients/salvia-hispanica-seed-oil
tetradecyl aminobutyroylvalylaminobutyric urea trifluoroacetate,Tetradecyl Aminobutyroylvalylaminobutyric Urea Trifluoroacetate,934368-60-2,,https://incidecoder.com/ingredients/tetradecyl-aminobutyroylvalylaminobutyric-urea-trifluoroacetate
agonis fragrans branch/leaf oil,Agonis Fragrans Branch/Leaf Oil,934621-96-2,,https://incidecoder.com/ingredients/agonis-fragrans-branch-leaf-oil
isohexadecane,Isohexadecane,93685-80-4,297-628-2,https://incidecoder.com/ingredients/isohexadecane
propylparaben,Propylparaben,94-13-3,202-307-7,https://incidecoder.com/ingredients/propylparaben
benzoyl peroxide,Benzoyl Peroxide,94-36-0,202-327-6,https://incidecoder.com/ingredients/benzoyl-peroxide
ethyl hexanediol,Ethyl Hexanediol,94-96-2,202-377-9,https://incidecoder.com/ingredients/ethyl-hexanediol
hydroxyphenoxy propionic acid,Hydroxyphenoxy Propionic Acid,94050-90-5,407-960-3,https://incidecoder.com/ingredients/hydroxyphenoxy-propionic-acid
tridecyl trimellitate,Tridecyl Trimellitate,94109-09-8,302-446-4,https://incidecoder.com/ingredients/tridecyl-trimellitate
astragalus membranaceus root extract,Astragalus Membranaceus Root Extract,94166-93-5,303-391-9,https://incidecoder.com/ingredients/astragalus-membranaceus-root-extract
glyceryl dibehenate,Glyceryl Dibehenate,94201-62-4,303-650-6,https://incidecoder.com/ingredients/glyceryl-dibehenate
sodium butyroyl hyaluronate,Sodium Butyroyl Hyaluronate,942471-70-7,,https://incidecoder.com/ingredients/sodium-butyroyl-hyaluronate
scutellaria baicalensis root extract,Scutellaria Baicalensis Root Extract,94279-99-9,304-845-9,https://incidecoder.com/ingredients/scutellaria-baicalensis-root-extract
camellia oleifera leaf extract,Camellia Oleifera  Leaf Extract,94333-93-4,,https://incidecoder.com/ingredients/camellia-oleifera-leaf-extract
eriocephalus punctulatus oil,Eriocephalus Punctulatus Oil,94334-04-0,305-084-5,https://incidecoder.com/ingredients/eriocephalus-punctulatus-oil
hydrolyzed wheat protein,Hydrolyzed Wheat Protein,94350-06-8,305-225-0,https://incidecoder.com/ingredients/hydrolyzed-wheat-protein
buddleja davidii meristem cell culture,Buddleja Davidii Meristem Cell Culture,94465-67-5,305-351-6,https://incidecoder.com/ingredients/buddleja-davidii-meristem-cell-culture
polyglyceryl-6 stearate,Polyglyceryl-6 Stearate,95461-65-7,,https://incidecoder.com/ingredients/polyglyceryl-6-stearate
coco-caprylate,Coco-Caprylate,95912-86-0,,https://incidecoder.com/ingredients/coco-caprylate
myristoyl pentapeptide-17,Myristoyl Pentapeptide-17,959610-30-1,,https://incidecoder.com/ingredients/myristoyl-pentapeptide-17
myristoyl hexapeptide-16,Myristoyl Hexapeptide-16,959610-54-9,,https://incidecoder.com/ingredients/myristoyl-hexapeptide-16
lactobionic acid,Lactobionic Acid,96-82-2,202-538-3,https://incidecoder.com/ingredients/lactobionic-acid
tetrapeptide-21,Tetrapeptide-21,960608-17-7,,https://incidecoder.com/ingredients/tetrapeptide-21
bifida ferment lysate,Bifida Ferment Lysate,96507-89-0,306-168-4,https://incidecoder.com/ingredients/bifida-ferment-lysate
ectoin,Ectoin,96702-03-3,,https://incidecoder.com/ingredients/ectoin
eugenol,Eugenol,97-53-0,202-589-1,https://incidecoder.com/ingredients/eugenol
allantoin,Allantoin,97-59-6,202-592-8,https://incidecoder.com/ingredients/allantoin
malic acid,Malic Acid,97-67-6,202-601-5,https://incidecoder.com/ingredients/malic-acid
disteardimonium hectorite,Disteardimonium Hectorite,97280-96-1,306-493-1,https://incidecoder.com/ingredients/disteardimonium-hectorite
isocetyl stearoyl stearate,Isocetyl Stearoyl Stearate,97338-28-8,306-621-6,https://incidecoder.com/ingredients/isocetyl-stearoyl-stearate
zanthoxylum piperitum fruit extract,Zanthoxylum Piperitum Fruit Extract,97404-53-0,306-820-8,https://incidecoder.com/ingredients/zanthoxylum-piperitum-fruit-extract
jojoba oil/macadamia seed oil esters,Jojoba Oil/Macadamia Seed Oil Esters,97593-46-9,,https://incidecoder.com/ingredients/jojoba-oil-macadamia-seed-oil-esters
c10-30 cholesterol/lanosterol esters,C10-30 Cholesterol/Lanosterol Esters,97862-72-1,,https://incidecoder.com/ingredients/c10-30-cholesterol-lanosterol-esters
boswellia serrata extract,Boswellia Serrata Extract,97952-72-2,308-366-6,https://incidecoder.com/ingredients/boswellia-serrata-extract
4-t-butylcyclohexanol,4-T-Butylcyclohexanol,98-52-2,202-676-4,https://incidecoder.com/ingredients/4-t-butylcyclohexanol
pca,Pca,98-79-3,202-700-3,https://incidecoder.com/ingredients/pca
niacinamide,Niacinamide,98-92-0,202-713-4,https://incidecoder.com/ingredients/niacinamide
citrus unshiu extract,Citrus Unshiu Extract,98106-71-9,308-594-6,https://incidecoder.com/ingredients/citrus-unshiu-extract
epigallocatechin gallate,Epigallocatechin Gallate,989-51-5,,https://incidecoder.com/ingredients/epigallocatechin-gallate
acacia decurrens flower wax,Acacia Decurrens Flower Wax,98903-76-5,,https://incidecoder.com/ingredients/acacia-decurrens-flower-wax
trehalose,Trehalose,99-20-7,202-739-6,https://incidecoder.com/ingredients/trehalose
methylparaben,Methylparaben,99-76-3,202-785-7,https://incidecoder.com/ingredients/methylparaben
hydroxyacetophenone,Hydroxyacetophenone,99-93-4,202-802-8,https://incidecoder.com/ingredients/hydroxyacetophenone
polyglyceryl-6 behenate,Polyglyceryl-6 Behenate,99149-24-3,,https://incidecoder.com/ingredients/polyglyceryl-6-behenate
acacia decurrens/jojoba/ sunflower seed wax polyglyceryl-3 esters,Acacia Decurrens/Jojoba/ Sunflower Seed Wax Polyglyceryl-3 Esters,,,https://incidecoder.com/ingredients/acacia-decurrens-jojoba-sunflower-seed-wax-polyglyceryl-3-esters
acrylates/c12-22 alkyl methacrylate copolymer,Acrylates/C12-22 Alkyl Methacrylate Copolymer,,,https://incidecoder.com/ingredients/acrylates-c12-22-alkyl-methacrylate-copolymer
acrylates/dimethicone copolymer,Acrylates/Dimethicone Copolymer,,,https://incidecoder.com/ingredients/acrylates-dimethicone-copolymer
acrylates/ethylhexyl acrylate crosspolymer,Acrylates/Ethylhexyl Acrylate Crosspolymer,,,https://incidecoder.com/ingredients/acrylates-ethylhexyl-acrylate-crosspolymer
adipic acid/neopentyl glycol crosspolymer,Adipic Acid/Neopentyl Glycol Crosspolymer,,,https://incidecoder.com/ingredients/adipic-acid-neopentyl-glycol-crosspolymer
alpaflor edelweiss ep,Alpaflor® Edelweiss Ep,,,https://incidecoder.com/ingredients/alpaflor-r-edelweiss-ep
alteromonas ferment filtrate,Alteromonas Ferment Filtrate,,,https://incidecoder.com/ingredients/alteromonas-ferment-filtrate
aphanizomenon flos-aquae extract,Aphanizomenon Flos-Aquae Extract,,,https://incidecoder.com/ingredients/aphanizomenon-flos-aquae-extract
aristotelia chilensis oil,Aristotelia Chilensis Oil,,,https://incidecoder.com/ingredients/aristotelia-chilensis-oil
bis stearyl ethylenediamine/neopentyl glycol/stearyl hydrogenated dimer dilinoleate copolymer,Bis Stearyl Ethylenediamine/Neopentyl Glycol/Stearyl Hydrogenated Dimer Dilinoleate Copolymer,,,https://incidecoder.com/ingredients/bis-stearyl-ethylenediamine-neopentyl-glycol-stearyl-hydrogenated-dimer-dilinoleate-copolymer
c12-20 alkyl glucoside,C12-20 Alkyl Glucoside,,,https://incidecoder.com/ingredients/c12-20-alkyl-glucoside
candelilla/jojoba/rice bran polyglyceryl-3 esters,Candelilla/Jojoba/Rice Bran Polyglyceryl-3 Esters,,,https://incidecoder.com/ingredients/candelilla-jojoba-rice-bran-polyglyceryl-3-esters
copper palmitoyl heptapeptide-14,Copper Palmitoyl Heptapeptide-14,,,https://incidecoder.com/ingredients/copper-palmitoyl-heptapeptide-14
decapeptide-22,Decapeptide-22,,,https://incidecoder.com/ingredients/decapeptide-22
dimethylacrylamide/acrylic acid/polystyrene ethyl methacrylate copolymer,Dimethylacrylamide/Acrylic Acid/Polystyrene Ethyl Methacrylate Copolymer,,,https://incidecoder.com/ingredients/dimethylacrylamide-acrylic-acid-polystyrene-ethyl-methacrylate-copolymer
dmpa/isophthalic acid/smdi copolymer,Dmpa/Isophthalic Acid/Smdi Copolymer,,,https://incidecoder.com/ingredients/dmpa-isophthalic-acid-smdi-copolymer
galactomyces ferment filtrate,Galactomyces Ferment Filtrate,,,https://incidecoder.com/ingredients/galactomyces-ferment-filtrate
gallyl glucoside,Gallyl Glucoside,,,https://incidecoder.com/ingredients/gallyl-glucoside
globularia cordifolia callus culture extract,Globularia Cordifolia Callus Culture Extract,,,https://incidecoder.com/ingredients/globularia-cordifolia-callus-culture-extract
glyceryl acrylate/acrylic acid copolymer,Glyceryl Acrylate/Acrylic Acid Copolymer,,,https://incidecoder.com/ingredients/glyceryl-acrylate-acrylic-acid-copolymer
haematococcus pluvialis extract,Haematococcus Pluvialis Extract,,,https://incidecoder.com/ingredients/haematococcus-pluvialis-extract
heptapeptide-15 palmitate,Heptapeptide-15 Palmitate,,,https://incidecoder.com/ingredients/heptapeptide-15-palmitate
human adipose derived stem cell conditioned media,Human Adipose Derived Stem Cell Conditioned Media,,,https://incidecoder.com/ingredients/human-adipose-derived-stem-cell-conditioned-media
human fibroblast conditioned media,Human Fibroblast Conditioned Media,,,https://incidecoder.com/ingredients/human-fibroblast-conditioned-media
hydrolyzed wheat protein/pvp crosspolymer,Hydrolyzed Wheat Protein/PVP Crosspolymer,,,https://incidecoder.com/ingredients/hydrolyzed-wheat-protein-pvp-crosspolymer
imperata cylindrica root extract,Imperata Cylindrica Root Extract,,,https://incidecoder.com/ingredients/imperata-cylindrica-root-extract
lactobacillus/arundinaria gigantea ferment filtrate,Lactobacillus/Arundinaria Gigantea Ferment Filtrate,,,https://incidecoder.com/ingredients/lactobacillus-arundinaria-gigantea-ferment-filtrate
lactobacillus/kelp ferment filtrate,Lactobacillus/Kelp Ferment Filtrate,,,https://incidecoder.com/ingredients/lactobacillus-kelp-ferment-filtrate
lactobacillus/pumpkin ferment extract,Lactobacillus/Pumpkin Ferment Extract,,,https://incidecoder.com/ingredients/lactobacillus-pumpkin-ferment-extract
lactobacillus/punica granatum fruit ferment extract,Lactobacillus/Punica Granatum Fruit Ferment Extract,,,https://incidecoder.com/ingredients/lactobacillus-punica-granatum-fruit-ferment-extract
lactococcus ferment lysate,Lactococcus Ferment Lysate,,,https://incidecoder.com/ingredients/lactococcus-ferment-lysate
lauryl methacrylate/sodium methacrylate crosspolymer,Lauryl Methacrylate/Sodium Methacrylate Crosspolymer,,,https://incidecoder.com/ingredients/lauryl-methacrylate-sodium-methacrylate-crosspolymer
leontopodium alpinum callus culture extract,Leontopodium Alpinum Callus Culture Extract,,,https://incidecoder.com/ingredients/leontopodium-alpinum-callus-culture-extract
leuconostoc/radish root ferment filtrate,Leuconostoc/Radish Root Ferment Filtrate,,,https://incidecoder.com/ingredients/leuconostoc-radish-root-ferment-filtrate
luminess algae,Luminess Algae,,,https://incidecoder.com/ingredients/luminess-algae
malus domestica fruit cell culture,Malus Domestica Fruit Cell Culture,,,https://incidecoder.com/ingredients/malus-domestica-fruit-cell-culture
methyl methacrylate/peg/ppg-4/3 methacrylate crosspolymer,Methyl Methacrylate/PEG/PPG-4/3 Methacrylate Crosspolymer,,,https://incidecoder.com/ingredients/methyl-methacrylate-peg-ppg-4-3-methacrylate-crosspolymer
myristoyl nonapeptide-3,Myristoyl Nonapeptide-3,,,https://incidecoder.com/ingredients/myristoyl-nonapeptide-3
ogliopeptide-78,Ogliopeptide-78,,,https://incidecoder.com/ingredients/ogliopeptide-78
padina pavonica thallus extract,Padina Pavonica Thallus Extract,,,https://incidecoder.com/ingredients/padina-pavonica-thallus-extract
palmitoyl decapeptide-21,Palmitoyl Decapeptide-21,,,https://incidecoder.com/ingredients/palmitoyl-decapeptide-21
palmitoyl grapevine shoot extract,Palmitoyl Grapevine Shoot Extract,,,https://incidecoder.com/ingredients/palmitoyl-grapevine-shoot-extract
palmitoyl heptapeptide-18,Palmitoyl Heptapeptide-18,,,https://incidecoder.com/ingredients/palmitoyl-heptapeptide-18
palmitoyl hexapeptide-19,Palmitoyl Hexapeptide-19,,,https://incidecoder.com/ingredients/palmitoyl-hexapeptide-19
palmitoyl hexapeptide-52,Palmitoyl Hexapeptide-52,,,https://incidecoder.com/ingredients/palmitoyl-hexapeptide-52
parabens,Parabens,,,https://incidecoder.com/ingredients/parabens
parfum/fragrance,Parfum/Fragrance,,,https://incidecoder.com/ingredients/parfum
peat,Peat,,,https://incidecoder.com/ingredients/peat
peg-6 caprylic/capric glycerides,PEG-6 Caprylic/Capric Glycerides,,,https://incidecoder.com/ingredients/peg-6-caprylic-capric-glycerides
phytosteryl sunflowerseedate,Phytosteryl Sunflowerseedate,,,https://incidecoder.com/ingredients/phytosteryl-sunflowerseedate
polyacrylate-13,Polyacrylate-13,,,https://incidecoder.com/ingredients/polyacrylate-13
polyglyceryl-3 cetearyl ether olivate,Polyglyceryl-3 Cetearyl Ether Olivate,,,https://incidecoder.com/ingredients/polyglyceryl-3-cetearyl-ether-olivate
polyglyceryl-4 laurate/succinate,Polyglyceryl-4 Laurate/Succinate,,,https://incidecoder.com/ingredients/polyglyceryl-4-laurate-succinate
pseudozyma epicola,Pseudozyma Epicola,,,https://incidecoder.com/ingredients/pseudozyma-epicola
pseudozyma epicola/camellia sinensis seed oil/glucose/glycine soja meal/malt extract/yeast extract ferment filtrate,Pseudozyma Epicola/Camellia Sinensis Seed Oil/Glucose/Glycine Soja Meal/Malt Extract/Yeast Extract Ferment Filtrate,,,https://incidecoder.com/ingredients/pseudozyma-epicola-camellia-sinensis-seed-oil-glucose-glycine-soja-meal-malt-extract-yeast-extract-ferment-filtrate
raspberry seed oil/tocopheryl succinate aminopropanediol esters,Raspberry Seed Oil/Tocopheryl Succinate Aminopropanediol Esters,,,https://incidecoder.com/ingredients/raspberry-seed-oil-tocopheryl-succinate-aminopropanediol-esters
saccharomyces/camellia sinensis leaf/cladosiphon okamuranus/rice ferment filtrate,Saccharomyces/Camellia Sinensis Leaf/Cladosiphon Okamuranus/Rice Ferment Filtrate,,,https://incidecoder.com/ingredients/saccharomyces-camellia-sinensis-leaf-cladosiphon-okamuranus-rice-ferment-filtrate
sarcodon aspratus extract,Sarcodon Aspratus Extract,,,https://incidecoder.com/ingredients/sarcodon-aspratus-extract
schisandra sphenanthera fruit extract,Schisandra Sphenanthera Fruit Extract,,,https://incidecoder.com/ingredients/schisandra-sphenanthera-fruit-extract
sd alcohol 40-b,Sd Alcohol 40-B,,,https://incidecoder.com/ingredients/sd-alcohol-40-b
sericite m12 nll,Sericite M12 NLL,,,https://incidecoder.com/ingredients/sericite-m12-nll
sh-decapeptide-7,SH-Decapeptide-7,,,https://incidecoder.com/ingredients/sh-decapeptide-7
sh-octapeptide-4,SH-Octapeptide-4,,,https://incidecoder.com/ingredients/sh-octapeptide-4
sh-polypeptide-1,SH-Polypeptide-1,,,https://incidecoder.com/ingredients/sh-polypeptide-1
sh-polypeptide-11,SH-Polypeptide-11,,,https://incidecoder.com/ingredients/sh-polypeptide-11
snail egg extract,Snail Egg Extract,,,https://incidecoder.com/ingredients/snail-egg-extract
snail secretion filtrate,Snail Secretion Filtrate,,,https://incidecoder.com/ingredients/snail-secretion-filtrate
sodium acrylates crosspolymer-2,Sodium Acrylates Crosspolymer-2,,,https://incidecoder.com/ingredients/sodium-acrylates-crosspolymer-2
syntacks,Syntacks,,,https://incidecoder.com/ingredients/syntacks
tetrapeptide-14,Tetrapeptide-14,,,https://incidecoder.com/ingredients/tetrapeptide-14
tetrapeptide-17,Tetrapeptide-17,,,https://incidecoder.com/ingredients/tetrapeptide-17
tetrasodium tetracarboxymethyl naringeninchalcone,Tetrasodium Tetracarboxymethyl Naringeninchalcone,,,https://incidecoder.com/ingredients/tetrasodium-tetracarboxymethyl-naringeninchalcone
ulmus davidiana root extract,Ulmus Davidiana Root Extract,,,https://incidecoder.com/ingredients/ulmus-davidiana-root-extract
wheat and oat sugars,Wheat and Oat Sugars,,,https://incidecoder.com/ingredients/wheat-and-oat-sugars
zinc palmitoyl nonapeptide-14,Zinc Palmitoyl Nonapeptide-14,,,https://incidecoder.com/ingredients/zinc-palmitoyl-nonapeptide-14
