Gold_Ingredient_Name,CAS_Number,Banned_in_California,Banned_in_Taiwan,Banned_in_EU,Aliases,Notes
(+/-) Tetrahydrofurfuryl (R)-2-[4-(6- Chloroquinoxalin-2-Yloxy)Phenyloxy]Propionate,200509-41-7,No,No,Yes,,(EU) 2019/1966
"(+/-)-2-(2,4-Dichlorophenyl)-3-(1H-1,2,4-Triazol-1-Yl)Propyl-1,1,2,2-Tetrafluoroethylether (Tetraconazole - Iso)",112281-77-3,No,No,Yes,,(EC) 2009/1223
(+/-)-Tetrahydrofurfuryl -(R)-2-[4-(6-Chloroquinoxalin-2-Yloxy)Phenyloxy]Propionate (Quizalofop-P-Tefuryl - Iso),119738-06-6,No,No,Yes,,(EC) 2009/1223
"(1,3,4,5,6,7-Hexahydro-1,3-Dioxo-2H-Isoindol-2-Yl)Methyl (1R-Trans)-2,2-Dimethyl-3-(2- Methylprop-1-Enyl)Cyclopropanecarboxylate",1166-46-7,No,No,Yes,,(EU) 2019/1966
"(1-Cyclohexene-1,2-Dicarboximido)Methyl Chrysanthemate",7696-12-0,No,No,Yes,,(EU) 2019/1966
(1E)-N-[(6-Chloropyridin-3-Yl)Methyl]-N'-Cyano-N-Methylethanimidamide,"135410-20-7, 160430-64-8",No,No,Yes,,(EU) 2023/1490
(1E)-N-[4-Chloro-2-(Trifluoromethyl)Phenyl]-1- (1H-Imidazol-1-Yl)-2- Propoxyethanimine,68694-11-1,No,No,Yes,,(EU) 2019/1966
"(1R,4S,5R,8S)-1,2,3,4,10,10-Hexachloro-1,4,4A,5,8,8A-Hexahydro-1,4:5,8-Dimethanonaphthalene (Isodrin-Iso)",465-73-6,No,No,Yes,,(EC) 2009/1223
"(1R,4S,5R,8S)-1,2,3,4,10,10-Hexachloro-6,7-Epoxy-1,4,4A,5,6,7,8,8A-Octahydro-1,4:5,8-Dimethanonaphthalene (Endrin - Iso)",72-20-8,No,No,Yes,,(EC) 2009/1223
"(1Rs,2Rs",55219-65-3,No,No,Yes,,(EU) 2019/831
"(1Rs,2Sr,5Rs","125225-28-7, 115850-69-6, 115937-89-8",No,No,Yes,,(EU) 2021/1902
"(1Rs,5Rs",125116-23-6,No,No,Yes,,(EU) 2019/831
(2-Acetoxyethyl)Trimethylammonium Hydroxide (Acetylcholine) And Its Salts,51-84-3,No,No,Yes,,(EC) 2009/1223
"(2-Chlorobuta-1,3-Diene)",126-99-8,No,No,Yes,,(EC) 2009/1223
(2-Chloroethyl)(3-Hydroxypropyl)Ammonium Chloride,40722-80-3,No,No,Yes,,(EU) 2019/831
(2-Ethylhexanoato-O)(Isodecanoato-O)Nickel,"16083-14-0, 3349-08-4, 39819-65-3, 18721-51-2, 18283-82-4, 22605-92-1, 4454-16-4, 7580-31-6, 93983-68-7, 29317-63-3, 27637-46-3, 84852-37-9, 93920-10-6, 85508-43-6, 85508-44-7, 51818-56-5",No,No,Yes,,(EU) 2019/831
(2-Ethylhexanoato-O)(Isononanoato-O)Nickel,"16083-14-0, 3349-08-4, 39819-65-3, 18721-51-2, 18283-82-4, 22605-92-1, 4454-16-4, 7580-31-6, 93983-68-7, 29317-63-3, 27637-46-3, 84852-37-9, 93920-10-6, 85508-43-6, 85508-44-7, 51818-56-5",No,No,Yes,,(EU) 2019/831
(2-Ethylhexanoato-O)(Neodecanoato-O)Nickel,"16083-14-0, 3349-08-4, 39819-65-3, 18721-51-2, 18283-82-4, 22605-92-1, 4454-16-4, 7580-31-6, 93983-68-7, 29317-63-3, 27637-46-3, 84852-37-9, 93920-10-6, 85508-43-6, 85508-44-7, 51818-56-5",No,No,Yes,,(EU) 2019/831
(2-Isopropylpent-4-Enoyl)Urea (Apronalide),528-92-7,No,No,Yes,,(EC) 2009/1223
"(2-Methyl-1,3-Butadiene)",78-79-5,No,No,Yes,,(EC) 2009/1223
"(2-Methylbiphenyl-3-Yl)Methyl Rel-(1R,3R)-3-[(1Z)-2-Chloro-3,3,3-Trifluoroprop-1-En-1-Yl]-2,2-Dimethylcyclopropanecarboxylate",82657-04-3,No,No,Yes,,(EU) 2019/831
"(29H,31H-Phthalocyaninato(2-)-N29,N30,N31,N32)Copper (Pigment Blue 15",147-14-8,No,No,Yes,,(EC) 2013/344
(2E)-2-Cyano-N-[(Ethylamino)Carbonyl]-2-(Methoxyimino)Acetamide,"57966-95-7, 166900-80-7",No,No,Yes,,(EU) 2025/877
(2R)-1-(Ethylamino) -1-Oxopro-Pan-2-Yl-Phenylcarbamate,16118-49-3,No,No,Yes,,(EU) 2019/831
"(2Rs,3Rs",94361-06-5,No,No,Yes,,(EU) 2019/831
"(2Rs,3Rs)-1-(4-Chlorophenyl)-4,4-Dimethyl- 2-(1H-1,2,4-Triazol-1- Yl)Pentan-3-Ol",76738-62-0,No,No,Yes,,(EU) 2021/1902
"(2Rs,3Rs)-3-(2-Chlorophenyl)-2-(4-Fluorophenyl)-[1H-1,2,4-Triazol-1-Yl)Methyl]Oxirane",133855-98-8,No,No,Yes,,(EC) 2009/1223
"(2Rs,4Rs",60207-90-1,No,No,Yes,,(EU) 2019/1966
"(3-(3-Chloro-P-Tolyl)-1,1-Dimethylurea)",15545-48-9,No,No,Yes,,(EC) 2009/1223
(3-Chloro-2-Hydroxypropyl) Trimethylammonium Chloride,3327-22-8,No,No,Yes,,(EU) 2019/831
(3-Chlorophenyl)-(4-Methoxy-3-Nitrophenyl)Methanone,66938-41-8,No,No,Yes,,(EC) 2009/1223
(4-Ethoxyphenyl)(3-(4-Fluoro-3-Phenoxyphenyl)Propyl)Dimethylsilane,105024-66-6,No,No,Yes,,(EU) 2019/831
(4-Hydrazinophenyl)-N-Methylmethanesulfonamide Hydrochloride,81880-96-8,No,No,Yes,,(EC) 2009/1223
(4-Phenylbutyl)Phosphinic Acid,86552-32-1,No,No,Yes,,(EU) 2019/831
"(5-Chloro-2-Methoxy-4-Methyl-3-Pyridyl)(4,5,6-Trimethoxy-O-Tolyl)Methanone",688046-61-9,No,No,Yes,,(EU) 2022/1531
"(5S,8S)-3-(2,5-Dimethylphenyl)-8-Methoxy-2-Oxo-1-Azaspiro[4,5]Dec-3-En-4-Yl Ethyl Carbonate",203313-25-1,No,No,Yes,,(EU) 2019/831
"(6-(4-Hydroxy-3-(2-Methoxyphenylazo)-2-Sulfonato-7-Naphthylamino)-1,3,5-Triazine-2,4-Diyl)Bis[(Amino-1-Methylethyl)Ammonium] Formate",108225-03-2,No,No,Yes,,(EC) 2009/1223
(6R-Trans)-1-((7-Ammonio-2-Carboxylato-8-Oxo-5-Thia-1-Azabicyclo-[4.2.0]Oct-2-En-3-Yl)Methyl)Pyridinium Iodide,100988-63-4,No,No,Yes,,(EU) 2019/831
"(8-[(4-Amino-2-Nitrophenyl)Azo]-7-Hydroxy-2-Naphthyl)Trimethylammonium And Its Salts, (Except Basic Red 118 As Impurity In Basic Brown 17), When Used As A Substance In Hair Dye Products",71134-97-9,No,No,Yes,,(EC) 2009/1223
(Acid Green 1,19381-50-1,No,No,Yes,,(EC) 2013/344
(Aeea),111-41-1,No,No,Yes,,(EU) 2019/831
(Benzo[A]Pyrene),50-32-8,No,No,Yes,,(EC) 2009/1223
(Dbtc),683-18-1,No,No,Yes,,(EU) 2019/831
(Diethylhexyl Phthalate),117-81-7,No,No,Yes,,(EC) 2009/1223
"(E)-1-(2-Chloro-1,3-Thiazol-5-Ylmethyl)-3-Methyl-2-Nitroguanidine",210880-92-5,No,No,Yes,,(EU) 2025/877
"(E)-2'-[2-(4-Cyanophenyl)- 1-(A,A,A -Trifluoro-M-Tolyl) Ethylidene]- [4-(Trifluoromethoxy)Phenyl]Carbanilohydrazide","139968-49-3, 852403-68-0",No,No,Yes,,(EU) 2021/850
"(E)-2-(Methoxyimino)-N-Methyl-2-[A-(2,5-Xylyloxy)-O-Tolyl]Acetamide",149961-52-4,No,No,Yes,,(EU) 2019/831
(E)-3-[1-[4-[2-(Dimethylamino)Ethoxy]Phenyl]-2-Phenylbut-1-Enyl]Phenol,82413-20-5,No,No,Yes,,(EU) 2019/831
(E)-Crotonaldehyde,"4170-30-3, 123-73-9",No,No,Yes,,(EC) 2009/1223
(E)-N1-[(6-Chloro-3-Pyridyl)Methyl]-N2-Cyano-N1-Methylacetamidine,"135410-20-7, 160430-64-8",No,No,Yes,,(EU) 2023/1490
"(E,Z)-4-(3-(4-Chlorophenyl)-3-(3,4-Dimethoxyphenyl)Acryloyl)Morpholine",110488-70-5,No,No,Yes,,(EU) 2022/1531
(Epoxyethyl)Benzene (Styrene Oxide),96-09-3,No,No,Yes,,(EC) 2009/1223
"(Ez)-2'-[2-(4-Cyanophenyl)-1-(A,A,A -Trifluoro-M- Tolyl)Ethylidene]- [4-(Trifluoromethoxy)Phenyl] Carbanilohydrazide [E-Isomer ≥ 90 %, Z-Isomer ≤ 10 % Relative Content]","139968-49-3, 852403-68-0",No,No,Yes,,(EU) 2021/850
(Isodecanoato-O)(Isononanoato-O)Nickel,"16083-14-0, 3349-08-4, 39819-65-3, 18721-51-2, 18283-82-4, 22605-92-1, 4454-16-4, 7580-31-6, 93983-68-7, 29317-63-3, 27637-46-3, 84852-37-9, 93920-10-6, 85508-43-6, 85508-44-7, 51818-56-5",No,No,Yes,,(EU) 2019/831
(Methyl-Onn-Azoxy)Methyl Acetate,592-62-1,No,No,Yes,,(EC) 2009/1223
"(Methylenebis(4,1-Phenylenazo(1-(3-(Dimethylamino)Propyl)-1,2-Dihydro-6-Hydroxy-4-Methyl-2-Oxopyridine-5,3-Diyl)))-1,1'-Dipyridinium Dichloride Dihydrochloride",,No,No,Yes,,(EC) 2009/1223
(Michler'S Ketone),90-94-8,No,No,Yes,,(EC) 2009/1223
"(Micro-((7,7'-Iminobis(4-Hydroxy-3-((2-Hydroxy-5-(N-Methylsulphamoyl)Phenyl)Azo)Naphthalene-2-Sulphonato))(6-)))Dicuprate And Its Salts, When Used As A Substance In Hair Dye Products",37279-54-2,No,No,Yes,,(EC) 2009/1223
(R A S A)-2-Chloro-N-(6-Ethyl-O-Tolyl)-N-[(1S)-2-Methoxy-1-Methylethyl]Acetamide [Contains 80-100 % 2-Chloro-N-(2-Ethyl-6-Methylphenyl)-N-[(2S)-1-Methoxypropan-2-Yl]Acetamide And 0-20 % 2-Chloro-N-(2-Ethyl-6-Methylphenyl)-N-[(2R)-1-Methoxypropan-2-Yl]Acetamide],87392-12-9,No,No,Yes,,(EU) 2026/78
(R)-1-(Ethylcarbamoyl) Ethyl-Carbanilate,16118-49-3,No,No,Yes,,(EU) 2019/831
(R)-5-Bromo-3-(1-Methyl-2-Pyrrolidinylmethyl)-1H-Indole,143322-57-0,No,No,Yes,,(EC) 2009/1223
"(R)-Alpha-Phenylethylammonium (-)-(1R,2S)-(1,2-Epoxypropyl)Phosphonate Monohydrate",25383-07-7,No,No,Yes,,(EC) 2009/1223
"(R,S)-1-[3-(4-Tert-Butylphenyl)-2-Methylpropyl]Piperidine",67306-00-7,No,No,Yes,,(EU) 2026/78
"(R,S)-2-Amino-3,3-Dimethylbutane Amide",144177-62-8,No,No,Yes,,(EU) 2019/831
"(Rs)-(E)-5-(4-Chlorobenzylidene)-2,2-Dimethyl-1-(1H-1,2,4-Triazol-1-Methyl)Cyclopentanol",138182-18-0,No,No,Yes,,(EU) 2022/1531
(Rs)-(Ez)-2-{1-[(2E)-3-Chloroallyloxyimino]Propyl}-3-Hydroxy-5-Perhydropyran-4-Ylcyclohex-2-En-1-One,149979-41-9,No,No,Yes,,(EU) 2019/831
(Rs)-1-{1-Ethyl-4-[4-Mesyl-3-(2-Methoxyethoxy)-O-Toluoyl]Pyrazol-5-Yloxy}Ethyl Methyl Carbonate,1101132-67-5,No,No,Yes,,(EU) 2022/1531
(Rs)-2-(4-Isopropyl-4-Methyl-5-Oxo-2-Imidazolin-2-Yl)-5-Methoxymethylnicotinic Acid,114311-32-9,No,No,Yes,,(EU) 2022/1531
"(S)-2,3-Dihydro-1H-Indole-Carboxylic Acid",79815-20-6,No,No,Yes,,(EC) 2009/1223
"(Solvent Red 43), Its Disodium Salt (Acid Red 87","15086-94-9, 17372-87-1, 15876-39-8",No,No,Yes,,(EC) 2013/344
(Solvent Red 72)  And Its Disodium Salt (Ci 45370)  When Used As A Substance In Hair Dye Products,"596-03-2, 4372-02-5",No,No,Yes,,(EC) 2013/344
(Solvent Red 73) And Its Sodium Salt (Acid Red 95,"38577-97-8, 33239-19-9",No,No,Yes,,(EC) 2013/344
(T-4)- Bis[1-(Hydroxy-.Kappa.O)Pyridine-2(1H)- Thionato-.Kappa.S]Zinc,13463-41-7,No,No,Yes,,(EU) 2021/1902
(Taz),52234-82-9,No,No,Yes,,(EU) 2019/831
(Tegdme),112-49-2,No,No,Yes,,(EC) 2009/1223
(Xanthinol),2530-97-4,No,No,Yes,,(EC) 2009/1223
(Z)-2-Methoxymino-2-[2-(Tritylamino)Thiazol-4-Yl]Acetic Acid,64485-90-1,No,No,Yes,,(EU) 2019/831
(Z)-3-(6-Chloro-3-Pyridyl-Methyl)-1-3-Thiazolidin-2-Ylidenecyanamide,111988-49-9,No,No,Yes,,(EU) 2019/831
", ), . , : .",,No,Yes,No,,
", -Dichlorotoluene",98-87-3,No,Yes,No,,
",,-Trichlorotoluene",98-07-7,No,Yes,No,,
"-1,2,3,4,10,10-Hexachloro-6,7-Epoxy1,4,4A,5,6,7,8,8A-Octahydro-1,4:5,8-Dimethano-Naphthalene )",72-20-8,No,Yes,No,,
-Bromobenzyl Cyanide,5798-79-8,No,Yes,No,,
-Chloroacetophenone,532-27-4,No,Yes,No,,
"-Piperidin-2-Ylbenzyl Acetate, Laevorotatory Threoform ) And Its Salts",24558-01-8,No,Yes,No,,
/,"57966-95-7, 166900-80-7",No,No,Yes,,(EU) 2025/877
"1,1,2-Trichloroethane",79-00-5,No,No,Yes,,(EC) 2009/1223
"1,1,3,3,5-Pentamethyl-4,6-Dinitroindane (Moskene)",116-66-5,No,No,Yes,,(EC) 2009/1223
"1,1-Bis(Dimethylaminomethyl)Propyl Benzoate (Amydricaine, Alypine) And Its Salts",963-07-5,No,No,Yes,,(EC) 2009/1223
"1,2,3,4,5,6-Hexachlorocyclohexane (Bhc-Iso)",58-89-9,No,No,Yes,,(EC) 2009/1223
"1,2,3,4,5,6-Hexachlorocyclohexane )",58-89-9,No,Yes,No,,
"1,2,3,6-Tetrahydro-N-(Trichloromethylthio)Phthalimide",133-06-2,No,No,Yes,,(EC) 2009/1223
"1,2,3-Trichloropropane",96-18-4,No,Yes,Yes,,(EC) 2009/1223
"1,2,4-Benzenetriacetate And Its Salts",613-03-6,No,Yes,No,,
"1,2,4-Benzenetriacetate And Its Salts, When Used As A Substance In Hair Dye Products",613-03-6,No,No,Yes,,(EC) 2009/1223
"1,2,4-Triazole",288-88-0,No,No,Yes,,(EC) 2009/1223
"1,2,4-Trichlorobenzene",120-82-1,No,Yes,No,,
"1,2,4-Trihydroxybenzene When Used As A Substance In Hair And Eyelash Dye Products",533-73-3,No,No,Yes,,(EU) 2020/1683
"1,2,5,6,9,10-Hexabromocyclododecane","25637-99-4, 3194-55-6",No,No,Yes,,(EU) 2019/831
"1,2-Benzenedicarboxylic Acid",71888-89-6,No,No,Yes,,(EU) 2019/831
"1,2-Benzenedicarboxylic Acid, Di-C7-11-Branched And Linear Alkyl Esters",68515-42-4,No,No,Yes,,(EC) 2009/1223
"1,2-Benzenedicarboxylic Acid, Dihexyl Ester, Branched And Linear",68515-50-4,No,No,Yes,,(EU) 2019/831
"1,2-Benzenedicarboxylic Acid, Dipentylester, Branched And Linear","84777-06-0, 776297-69-9, 131-18-0, 605-50-5",No,No,Yes,,(EC) 2009/1223
"1,2-Benzenedicarboxylic Acid, Dipentylester, Branched And Linear; N-Pentyl-Isopentylphthalate; Di-N-Pentyl Phthalate; Diisopentylphthalate",605-50-5/84777-06-0/131-18-0,No,Yes,No,,"化粧品於製造過程中, 如因所需使用原料或其他因素, 且技術上無法避免, 致含自然殘留微量時, 則其最終製品中所含鄰苯二甲酸酯類成分之殘留量, 不得超過100ppm. "
"1,2-Bis(2-Methoxyethoxy)Ethane",112-49-2,No,No,Yes,,(EC) 2009/1223
"1,2-Dibromo-3-Chloropropane",96-12-8,No,Yes,Yes,,(EC) 2009/1223
"1,2-Dibromoethane",106-93-4,No,Yes,Yes,,(EC) 2009/1223
"1,2-Dichloropropane",78-87-5,No,Yes,Yes,,(EU) 2019/1966
"1,2-Diethoxyethane",629-14-1,No,No,Yes,,(EU) 2019/831
"1,2-Dihydroxyanthraquinone (Pigment Red 83",72-48-0,No,No,Yes,,(EC) 2013/344
"1,2-Diphenylhydrazine",122-66-7,No,Yes,No,,
"1,2-Epoxy-3-Phenoxypropane",122-60-1,No,Yes,No,,
"1,2-Epoxy-3-Phenoxypropane (Phenylglycidyl Ether)",122-60-1,No,No,Yes,,(EC) 2009/1223
"1,2-Epoxy-4-Epoxyethylcyclohexane",106-87-6,No,No,Yes,,(EU) 2019/831
"1,2-Epoxybutane",106-88-7,No,Yes,Yes,,(EC) 2009/1223
"1,3 -Benzenediamine, 4-Methyl-6-- And Its Salts",4438-16-8,No,Yes,No,,
"1,3,5-Triazine-2,4,6-Triamine",108-78-1,No,No,Yes,,(EU) 2023/1490
"1,3,5-Trihydroxybenzene  And Its Salts",108-73-6,No,Yes,No,,
"1,3,5-Trihydroxybenzene (Phloroglucinol) And Its Salts, When Used As A Substance In Hair Dye Products",108-73-6,No,No,Yes,,(EC) 2009/1223
"1,3,5-Tris(3-Aminomethylphenyl)-1,3,5-(1H,3H,5H)-Triazine-2,4,6-Trione, And A Mixture Of Oligomers Of",,No,No,Yes,,(EC) 2009/1223
"1,3,5-Tris(Oxiranylmethyl)-1,3,5-Triazine-2,4,6(1H,3H,5H)-Trione (Tgic)",2451-62-9,No,No,Yes,,(EC) 2009/1223
"1,3,5-Tris-[(2S And 2R)-2,3-Epoxypropyl]-1,3,5-Triazine-2,4,6-(1H,3H,5H)-Trione",59653-74-6,No,No,Yes,,(EC) 2009/1223
"1,3-Benzenediamine, 4-Methyl-6-(Phenylazo)- And Its Salts, When Used As A Substance In Hair Dye Products",4438-16-8,No,No,Yes,,(EC) 2009/1223
"1,3-Bis(Vinylsulfonylacetamido)Propane",93629-90-4,No,No,Yes,,(EC) 2009/1223
"1,3-Butadiene",106-99-0,No,Yes,No,,
"1,3-Dichlorobenzene",541-73-1,No,Yes,No,,
"1,3-Dichloropropan-2-Ol",96-23-1,No,Yes,Yes,,(EC) 2009/1223
"1,3-Dimethyl-3,7-Dihydro-1H-Purine-2,6-Dione",58-55-9,No,No,Yes,,(EU) 2023/1490
"1,3-Dimethylpentylamine And Its Salts",105-41-9,No,No,Yes,,(EC) 2009/1223
"1,3-Diphenylguanidine",102-06-7,No,No,Yes,,(EC) 2009/1223
"1,3-Isobenzofurandione, Reaction Products With Methylquinoline And Quinoline (Solvent Yellow 33",8003-22-3,No,No,Yes,,(EC) 2013/344
"1,3-Propanesultone",1120-71-4,No,Yes,Yes,,(EC) 2009/1223
"1,4 -Diamino-2-Methoxy-9,10-Anthracenedione  And Its Salts",2872-48-2,No,Yes,No,,
"1,4,5,8-Tetraaminoanthraquinone (Disperse Blue 1)",2475-45-8,No,No,Yes,,(EC) 2009/1223
"1,4-Benzenediamine, N,N'-Mixed Ph And Tolyl Derivs.",68953-84-4,No,No,Yes,,(EU) 2025/877
"1,4-Bis(P-Tolylamino)Anthraquinone (Solvent Green 3",128-80-3,No,No,Yes,,(EC) 2013/344
"1,4-Diamino-2-Methoxy-9,10-Anthracenedione (Disperse Red 11) And Its Salts, When Used As A Substance In Hair Dye Products",2872-48-2,No,No,Yes,,(EC) 2009/1223
"1,4-Dichloro-2-Nitrobenzene",89-61-2,No,No,Yes,,(EU) 2026/78
"1,4-Dichlorobenzene",106-46-7,No,Yes,No,,
"1,4-Dichlorobenzene (P-Dichlorobenzene)",106-46-7,No,No,Yes,,(EC) 2009/1223
"1,4-Dichlorobut-2-Ene",764-41-0,No,No,Yes,,(EC) 2009/1223
"1,4-Dihydroxy-5,8-Bis[(2-Hydroxyethyl)Amino]Anthraquinone (Disperse Blue 7) And Its Salts, When Used As A Substance In Hair Dye Products",3179-90-6,No,No,Yes,,(EC) 2009/1223
"1,4-Dihydroxy-5,8-Bis[Amino]Anthraquinone  And Its Salts",3179-90-6,No,Yes,No,,
"1,4-Dihydroxybenzene (Hydroquinone), With The Exception Of Entry 14 In Annex Iii",123-31-9,No,No,Yes,,(EC) 2013/344
"1,7-Naphthalenediol",575-38-2,No,Yes,No,,
"1,7-Naphthalenediol, When Used As A Substance In Hair Dye Products",575-38-2,No,No,Yes,,(EC) 2009/1223
1- And 2-Naphthylamines And Their Salts,"91-59-8, 134-32-7",No,No,Yes,,(EC) 2009/1223
1-((4-Phenylazo)Phenylazo)-2-Naphthol (Solvent Red 23,85-86-9,No,No,Yes,,(EC) 2013/344
1-(1-Naphthylmethyl)Quinolinium Chloride,65322-65-8,No,No,Yes,,(EC) 2009/1223
"1-(2-Amino-5-Chlorophenyl)-2,2,2-Trifluoro-1,1-Ethanediol, Hydrochloride",214353-17-0,No,No,Yes,,(EU) 2019/831
1-(2-Chloro-4-Pyridyl)-3-Phenylurea,68157-60-8,No,No,Yes,,(EU) 2019/831
"1-(4,6-Dimethoxypyrimidin-2-Yl)-3-(2-Dimethylcarbamoyl-5-Formamidophenylsulfonyl)Urea",173159-57-4,No,No,Yes,,(EU) 2025/877
"1-(4-Chlorophenyl)-4,4-Dimethyl-3-(1,2,4-Triazol-1-Ylmethyl)Pentan-3-Ol",107534-96-3,No,No,Yes,,(EC) 2009/1223
"1-(4-Methoxyphenyl)-1-Pentene-3-One (Alpha-Methylanisylideneacetone), When Used As A Fragrance Ingredient",104-27-8,No,No,Yes,,(EC) 2009/1223
"1-({2-[2-Chloro-4-(4-Chlorophenoxy)Phenyl]-4-Methyl-1,3-Dioxolan-2-Yl}Methyl)-1H-1,2,4-Triazole",119446-68-3,No,No,Yes,,(EU) 2025/877
"1-Amino-4-(Methylamino)-9,10-Anthracenedione (Disperse Violet 4) And Its Salts, When Used As A Substance In Hair Dye Products",1220-94-6,No,No,Yes,,(EC) 2009/1223
"1-Amino-4--9,10-Anthracenedione  And Its Salt",1220-94-6,No,Yes,No,,
"1-Amino-4-[[4-[(Dimethylamino)Methyl]Phenyl]Amino]Anthraquinone And Its Salts, When Used As A Substance In Hair Dye Products","67905-56-0, 12217-43-5",No,No,Yes,,(EC) 2009/1223
1-Amino-4-[[4-[Methyl]Phenyl]Amino]Anthraquinone And Its Salts,67905-56-0/12217-43-5,No,Yes,No,,
1-And 2-Naphthylamines And Their Salts,91-59-8/134-32-7,No,Yes,No,,
1-Bromo-2-Methylpropyl Propionate,158894-67-8,No,No,Yes,,(EU) 2019/831
"1-Bromo-3,4,5-Trifluorobenzene",138526-69-9,No,No,Yes,,(EC) 2009/1223
1-Bromopropane,106-94-5,No,No,Yes,,(EC) 2009/1223
1-Bromopropane; N-Propyl Bromide,106-94-5,No,Yes,No,,
1-Butyl-3-(N-Crotonoylsulphanilyl)Urea,52964-42-8,No,No,Yes,,(EC) 2009/1223
"1-Chloro-2,3-Epoxypropane",106-89-8,No,Yes,No,,
"1-Chloro-2,3-Epoxypropane (Epichlorohydrin)",106-89-8,No,No,Yes,,(EC) 2009/1223
1-Chloro-4-Nitrobenzene,100-00-5,No,No,Yes,,(EC) 2009/1223
"1-Cyclopropyl-6,7-Difluoro-1,4-Dihydro-4-Oxoquinoline-3-Carboxylic Acid",93107-30-3,No,No,Yes,,(EU) 2019/831
1-Dimethylaminomethyl-1-Methylpropyl Benzoate (Amylocaine) And Its Salts,644-26-8,No,No,Yes,,(EC) 2009/1223
1-Ethyl-1-Methylmorpholinium Bromide,65756-41-4,No,No,Yes,,(EC) 2009/1223
1-Ethyl-1-Methylpyrrolidinium Bromide,69227-51-6,No,No,Yes,,(EC) 2009/1223
1-Ethylpyrrolidin-2-One,2687-91-4,No,No,Yes,,(EU) 2019/831
"1-Hydroxy-2,4-Diaminobenzene (2,4-Diaminophenol) And Its Dihydrochloride Salts (2,4-Diaminophenol Hcl) When Used As A Substance In Hair Dye Products","95-86-3, 137-09-7",No,No,Yes,,(EC) 2013/344
1-Hydroxy-4-(P-Toluidino)Anthraquinone (Solvent Violet 13,81-48-1,No,No,Yes,,(EC) 2013/344
"1-Methoxy-2,4-Diaminobenzene  And Its Salts",615-05-4,No,Yes,No,,
"1-Methoxy-2,4-Diaminobenzene (2,4-Diaminoanisole - Ci 76050) And Its Salts",615-05-4,No,No,Yes,,(EC) 2009/1223
"1-Methoxy-2,5-Diaminobenzene  And Its Salts",5307-02-8,No,Yes,No,,
"1-Methoxy-2,5-Diaminobenzene (2,5-Diaminoanisole) And Its Salts",5307-02-8,No,No,Yes,,(EC) 2009/1223
"1-Methyl-2,4,5-Trihydroxybenzene And Its Salts",1124-09-0,No,Yes,No,,
"1-Methyl-2,4,5-Trihydroxybenzene And Its Salts, When Used As A Substance In Hair Dye Products",1124-09-0,No,No,Yes,,(EC) 2009/1223
1-Methyl-2-Pyrrolidone,872-50-4,No,No,Yes,,(EU) 2019/831
1-Methyl-3-Nitro-1-Nitrosoguanidine,70-25-7,No,Yes,Yes,,(EC) 2009/1223
1-Vinyl-2-Pyrrolidone,88-12-0,No,Yes,Yes,,(EC) 2009/1223
1-Vinylimidazole,1072-63-5,No,No,Yes,,(EU) 2019/1966
1-[(2-Chloro-4-Nitrophenyl)Azo]-2-Naphthol (Pigment Red 4,2814-77-9,No,No,Yes,,(EC) 2013/344
"1-[(3-Aminopropyl)Amino]-4-(Methylamino)Anthraquinone And Its Salts, When Used As A Substance In Hair Dye Products",22366-99-0,No,No,Yes,,(EC) 2009/1223
"1-[2-(2,4-Dichlorophenyl)Pentyl]-1H-1,2,4-Triazole",66246-88-6,No,No,Yes,,(EU) 2019/831
"1-[2-(Allyloxy)-2-(2,4-Dichlorophenyl)Ethyl]-1H-Imidazole",35554-44-0,No,No,Yes,,(EU) 2019/831
"1-[4-[4-[[(2Sr,4Rs)-2-(2,4-Dichlorophenyl)-2-(Imidazol-1-Ylmethyl)-1,3-Dioxolan-4-Yl]Methoxy]Phenyl]Piperazin-1-Yl]Ethanone",65277-42-1,No,No,Yes,,(EU) 2019/831
1-[Amino]-4-Anthraquinone And Its Salts,22366-99-0,No,Yes,No,,
"100 Ppm In The Finished Cosmetic Product, 50 Ppm In Products For Dental And Oral Hygiene, And Provided That Safrole Is Not Present In Toothpastes Intended Specifically For Children",94-59-7,No,No,Yes,,(EC) 2009/1223
"11-Alpha-Hydroxypregn-4-Ene-3,20-Dione And Its Esters",80-75-1,No,No,Yes,,(EC) 2009/1223
"1Rs,2Sr)-1-(4-Chlorophenoxy)-3,3-Dimethyl-1-(1H-1,2,4-Triazol-1-Yl)Butan-2-Ol",55219-65-3,No,No,Yes,,(EU) 2019/831
"1Rs,2Sr,5Sr)-2-(4-Chlorobenzyl)-5-Isopropyl-1- (1H-1,2,4-Triazol-1-Ylmethyl)Cyclopentanol","125225-28-7, 115850-69-6, 115937-89-8",No,No,Yes,,(EU) 2021/1902
"1Rs,5Sr)-5-(4-Chlorobenzyl)-2,2-Dimethyl-1-(1H-1,2,4-Triazol-1-Ylmethyl)Cyclopentanol",125116-23-6,No,No,Yes,,(EU) 2019/831
"2',4',5',7'-Tetraiodofluorescein, Its Disodium Salt (Acid Red 51","15905-32-5, 16423-68-0, 12227-78-0",No,No,Yes,,(EC) 2013/344
"2'- [(Rs)-1,3-Dimethylbutyl]-5-Fluoro-1,3-Dimethylpyrazole-4-Carboxanilide",494793-67-8,No,No,Yes,,(EU) 2021/1902
"2,2',6,6'-Tetrabromo-4,4'-Isopropylidenediphenol",79-94-7,No,No,Yes,,(EU) 2025/877
"2,2'- Azo)Phenyl)Imino)Bisethanol  And Its Salts",23355-64-8,No,Yes,No,,
"2,2'-((3,3',5,5'-Tetramethyl-(1,1'-Biphenyl)-4,4'-Diyl)-Bis(Oxymethylene))-Bis-Oxirane",85954-11-6,No,No,Yes,,(EU) 2019/831
"2,2'-((3-Chloro-4-((2,6-Dichloro-4-Nitrophenyl)Azo)Phenyl)Imino)Bisethanol (Disperse Brown 1) And Its Salts, When Used As A Substance In Hair Dye Products",23355-64-8,No,No,Yes,,(EC) 2009/1223
"2,2'-(1,2-Ethenediyl)Bis[5-((4-Ethoxyphenyl)Azo]Benzenesulfonic Acid) And Its Salts, When Used As A Substance In Hair Dye Products",2870-32-8,No,No,Yes,,(EC) 2009/1223
"2,2'-(Nitrosoimino)Bisethanol","62-75-9, 621-64-7, 1116-54-7",No,No,Yes,,(EC) 2009/1223
"2,2'-Bioxirane (1,2:3,4-Diepoxybutane)",1464-53-5,No,No,Yes,,(EC) 2009/1223
"2,2'-Bis[5-Azo]Benzenesulfonic Acid) And Its Salts",2870-32-8,No,Yes,No,,
"2,2'-Dihydroxy-3,3',5,5',6,6'-Hexachlorodiphenylmethane (Hexachlorophene (Inn))",70-30-4,No,No,Yes,,(EC) 2009/1223
"2,2'-Dihydroxy-3,3',5,5',6,6'-Hexachlorodiphenylmethane )",70-30-4,No,Yes,No,,
"2,2'-Methylenediphenyl Diisocyanate","101-68-8, 2536-05-2, 5873-54-1, 26447-40-5",No,No,Yes,,(EU) 2019/831
"2,2'-Oxydiethanol For Traces Level, See Annex Iii",111-46-6,No,No,Yes,,(EC) 2013/344
"2,2'-[(3,3'-Dichloro[1,1'-Biphenyl]-4,4'-Diyl)Bis(Azo)]Bis[3-Oxo-N-Phenylbutanamide] (Pigment Yellow 12) And Its Salts, When Used As A Substance In Hair Dye Products",6358-85-6,No,No,Yes,,(EC) 2009/1223
"2,2'-[(3,3'-Dichloro[1,1'-Biphenyl]-4,4'-Diyl)Bis(Azo)]Bis[N-(2,4-Dimethylphenyl)-3-Oxobutyramide] (Pigment Yellow 13",5102-83-0,No,No,Yes,,(EC) 2013/344
"2,2'-[Bis]Bis[3-Oxo-N-Phenylbutanamide]  And Its Salts",6358-85-6,No,Yes,No,,
"2,2'-[Cyclohexylidenebis[(2-Methyl-4,1-Phenylene)Azo]]Bis[4-Cyclohexylphenol] (Solvent Yellow 29",6706-82-7,No,No,Yes,,(EC) 2013/344
"2,2,2 -Trichloroethane-1,1-Diol",302-17-0,No,Yes,No,,
"2,2,2-Tribromoethanol (Tribromoethyl Alcohol)",75-80-9,No,No,Yes,,(EC) 2009/1223
"2,2,2-Trichloroethane-1,1-Diol",302-17-0,No,No,Yes,,(EC) 2009/1223
"2,2,6-Trimethyl-4-Piperidyl Benzoate (Eucaine) And Its Salts",500-34-5,No,No,Yes,,(EC) 2009/1223
"2,2-Bis(Acryloyloxymethyl)Butyl Acrylate",15625-89-5,No,No,Yes,,(EU) 2023/1490
"2,2-Bis(Bromomethyl) Propane-1,3-Diol",3296-90-0,No,No,Yes,,(EU) 2021/1902
"2,2-Dibromo-2-Nitroethanol",69094-18-4,No,No,Yes,,(EC) 2009/1223
"2,2-Dimethyl-3-(2-Methyl-1-Propenyl)Cyclopropanecarboxylic Acid (1,3,4,5,6,7-Hexahydro-1,3-Dioxo-2H-Isoindol-2-Yl)Methyl Ester",7696-12-0,No,No,Yes,,(EU) 2019/1966
"2,2-Dimethylpropan-1-Ol,Tribromo Derivative","36483-57-5, 1522-92-5",No,No,Yes,,(EU) 2023/1490
"2,3,4-Trichlorobut-1-Ene",2431-50-7,No,No,Yes,,(EC) 2009/1223
"2,3,5,6-Tetrafluorobenzyl (1R,3S)-3-(2,2-Dichlorovinyl)-2,2-Dimethylcyclopropanecarboxylate",118712-89-3,No,No,Yes,,(EU) 2025/877
"2,3,7,8-Tetrachlorodibenzo-P-Dioxin",1746-01-6,No,Yes,No,,
"2,3,7,8-Tetrachlorodibenzo-P-Dioxin (Tcdd)",1746-01-6,No,No,Yes,,(EC) 2009/1223
"2,3-Dibromopropan-1-Ol",96-13-9,No,Yes,Yes,,(EC) 2009/1223
"2,3-Dichloro-2-Methylbutane",507-45-9,No,No,Yes,,(EC) 2009/1223
"2,3-Dichloropropene",78-88-6,No,No,Yes,,(EC) 2009/1223
"2,3-Dihydro-2,2-Dimethyl-6-[(4-(Phenylazo)-1-Naphthelenyl)Azo]-1H-Pyrimidine (Solvent Black 3) And Its Salts, When Used As A Substance In Hair Dye Products",4197-25-5,No,No,Yes,,(EC) 2009/1223
"2,3-Dihydro-2,2-Dimethyl-6-[-1-Naphthelenyl)Azo]-1H-Pyrimidine  And Its Salts",4197-25-5,No,Yes,No,,
"2,3-Dinitrotoluene",602-01-7,No,No,Yes,,(EC) 2009/1223
"2,3-Epoxypropan-1-Ol",556-52-5,No,Yes,No,,
"2,3-Epoxypropan-1-Ol (Glycidol)",556-52-5,No,No,Yes,,(EC) 2009/1223
"2,3-Epoxypropyl Methacrylate",106-91-2,No,No,Yes,,(EU) 2019/831
"2,3-Epoxypropyl Neodecanoate",26761-45-5,No,No,Yes,,(EU) 2026/78
"2,3-Epoxypropyl O-Tolyl Ether",2210-79-9,No,No,Yes,,(EC) 2009/1223
"2,3-Epoxypropyltrimethylammonium Chloride",3033-77-0,No,No,Yes,,(EU) 2019/831
"2,3-Naphthalenediol",92-44-4,No,Yes,No,,
"2,3-Naphthalenediol, When Used As A Substance In Hair Dye Products",92-44-4,No,No,Yes,,(EC) 2009/1223
"2,4,5-Trichlorophenol",95-95-4,No,Yes,No,,
"2,4,5-Trimethylaniline","137-17-7, 21436-97-5",No,No,Yes,,(EC) 2009/1223
"2,4,5-Trimethylaniline Hydrochloride","137-17-7, 21436-97-5",No,No,Yes,,(EC) 2009/1223
"2,4,5-Trimethylaniline/2,4,5-Trimethylaniline Hydrochloride",137-17-7/21436-97-5,No,Yes,No,,
"2,4,6,8-Tetramethyl- 1,3,5,7-Tetraoxacyclooctane",108-62-3,No,No,Yes,,(EU) 2021/850
"2,4,6-Tri-Tert-Butylphenol",732-26-3,No,No,Yes,,(EU) 2023/1490
"2,4,6-Trichlorophenol",88-06-2,No,Yes,Yes,,(EC) 2009/1223
"2,4-Diamino-5-Methylphenetol And Its Hcl Salt",113715-25-6,No,Yes,No,,
"2,4-Diamino-5-Methylphenetol And Its Hcl Salt, When Used As A Substance In Hair Dye Products",113715-25-6,No,No,Yes,,(EC) 2009/1223
"2,4-Diamino-5-Methylphenoxyethanol And Its Salts",141614-05-3/113715-27-8,No,Yes,No,,
"2,4-Diamino-5-Methylphenoxyethanol And Its Salts, When Used As A Substance In Hair Dye Products","141614-05-3, 113715-27-8",No,No,Yes,,(EC) 2009/1223
"2,4-Diaminodiphenylamine",136-17-4,No,Yes,No,,
"2,4-Diaminodiphenylamine, When Used As A Substance In Hair Dye Products",136-17-4,No,No,Yes,,(EC) 2009/1223
"2,4-Diaminophenylethanol And Its Salts",14572-93-1,No,No,Yes,,(EC) 2009/1223
"2,4-Dihydroxy-3-Methylbenzaldehyde, When Used As A Fragrance Ingredient",6248-20-0,No,No,Yes,,(EC) 2009/1223
"2,4-Dinitrotoluene","121-14-2, 25321-14-6",No,No,Yes,,(EC) 2009/1223
"2,4-Dinitrotoluene; Dinitrotoluene, Technical Grade",121-14-2/ 25321-14-6,No,Yes,No,,
"2,4-Hexadienal",142-83-6,No,Yes,No,,
"2,5-Dinitrotoluene",619-15-8,No,No,Yes,,(EC) 2009/1223
"2,6-Bis(2-Hydroxyethoxy)-3,5-Pyridinediamine And Its Hcl Salt, When Used As A Substance In Hair Dye Products",117907-42-3,No,No,Yes,,(EC) 2009/1223
"2,6-Bis-3,5-Pyridinediamine And Its Hcl Salt",117907-42-3,No,Yes,No,,
"2,6-Dibromo-4-Cyanophenyl Octanoate",1689-99-2,No,No,Yes,,(EC) 2009/1223
"2,6-Dichloro-N-[3-Chloro-5-(Trifluoromethyl)-2-Pyridylmethyl]Benzamide",,No,No,Yes,,(EU) 2023/1490
"2,6-Dihydroxy-4-Methyl-Benzaldehyde",526-37-4,No,Yes,No,,
"2,6-Dihydroxy-4-Methyl-Benzaldehyde (Atranol)",526-37-4,No,No,Yes,,(EU) 2017/1410
"2,6-Dihydroxy-4-Methylpyridine And Its Salts",4664-16-8,No,Yes,No,,
"2,6-Dihydroxy-4-Methylpyridine And Its Salts, When Used As A Substance In Hair Dye Products",4664-16-8,No,No,Yes,,(EC) 2009/1223
"2,6-Dimethyl-1,3-Dioxan-4-Yl Acetate",828-00-2,No,Yes,No,,
"2,6-Dimethyl-1,3-Dioxan-4-Yl Acetate (Dimethoxane)",828-00-2,No,No,Yes,,(EC) 2009/1223
"2,6-Dinitro-N,N-Dipropyl-4-Trifluoromethylaniline",1582-09-8,No,No,Yes,,(EU) 2019/831
"2,6-Dinitrotoluene",606-20-2,No,Yes,Yes,,(EC) 2009/1223
"2,7 -Naphthalenedisulfonic Acid, 5--4-Hydroxy-3-Azo)- And Its Salts",6441-93-6,No,Yes,No,,
"2,7-Naphthalenedisulfonic Acid, 5-(Acetylamino)-4-Hydroxy-3-((2-Methylphenyl)Azo)- And Its Salts, When Used As A Substance In Hair Dye Products",6441-93-6,No,No,Yes,,(EC) 2009/1223
"2,7-Naphthalenedisulfonic Acid, Nickel(Ii) Salt","16083-14-0, 3349-08-4, 39819-65-3, 18721-51-2, 18283-82-4, 22605-92-1, 4454-16-4, 7580-31-6, 93983-68-7, 29317-63-3, 27637-46-3, 84852-37-9, 93920-10-6, 85508-43-6, 85508-44-7, 51818-56-5",No,No,Yes,,(EU) 2019/831
2- Chloro-N-(Ethoxymethyl)-N-(2-Ethyl-6- Methylphenyl)Acetamide,34256-82-1,No,No,Yes,,(EU) 2019/1966
2-(2-Aminoethylamino)Ethanol,111-41-1,No,No,Yes,,(EU) 2019/831
2-(2-Furyl)-1H-Benzimidazole,3878-19-1,No,No,Yes,,(EU) 2019/831
"2-(3,6-Dihydroxy-2,4,5,7-Tetrabromoxanthen-9-Yl)Benzoic Acid","15086-94-9, 17372-87-1, 15876-39-8",No,No,Yes,,(EC) 2013/344
"2-(4-Allyl-2-Methoxyphenoxy)-N,N-Diethylacetamide And Its Salts",305-13-5,No,No,Yes,,(EC) 2009/1223
"2-(4-Chlorophenyl)-2-(1H-1,2,4-Triazol-1-Ylmethyl)Hexanenitrile",88671-89-0,No,No,Yes,,(EC) 2009/1223
2-(4-Tert-Butylphenyl)Ethanol,5406-86-0,No,No,Yes,,(EC) 2009/1223
2-(6-Hydroxy-3-Oxo-(3H)Xanthen-9-Yl)Benzoic Acid,"2321-07-5, 518-47-8",No,No,Yes,,(EC) 2013/344
"2-(Alpha-Cyclohexylbenzyl)-N,N,N',N'-Tetraethyl-1,3-Propanediamine",3590-16-7,No,No,Yes,,(EC) 2009/1223
2-(Dimethylamino)-2-[(4-Methylphenyl)Methyl]-1-[4-(Morpholin-4-Yl)Phenyl]Butan-1-One,119344-86-4,No,No,Yes,,(EU) 2026/78
"2-(Dimethylamino)-5,6-Dimethylpyrimidin-4-Yl Dimethylcarbamate",23103-98-2,No,No,Yes,,(EU) 2019/1966
2-(N-Ethoxybutanimidoyl)-3-Hydroxy-5-(Tetrahydro-2H-Thiopyran-3-Yl)Cyclohex-2-En-1-One,101205-02-1,No,No,Yes,,(EU) 2019/831
2-(N-Ethoxypropanimidoyl)-3-Hydroxy-5-Mesitylcyclohex-2-En-1-One,87820-88-0,No,No,Yes,,(EU) 2019/831
"2-Amino-1,2-Bis(4-Methoxyphenyl)Ethanol And Its Salts",530-34-7,No,No,Yes,,(EC) 2009/1223
"2-Amino-3-Chloro-1,4-Naphthoquinone",2797-51-5,No,No,Yes,,(EU) 2023/1490
2-Amino-3-Nitrophenol And Its Salts,603-85-0,No,Yes,No,,
"2-Amino-3-Nitrophenol And Its Salts, When Used As A Substance In Hair Dye Products",603-85-0,No,No,Yes,,(EC) 2009/1223
2-Amino-4-Nitrophenol,99-57-0,No,No,Yes,,(EC) 2009/1223
2-Amino-5-Nitrophenol,121-88-0,No,No,Yes,,(EC) 2009/1223
2-Aminoethanol Monoester With Boric Acid,10377-81-8,Yes,No,No,,Ban Year: 2027
"2-Aminoethanol, Monoester With Boric Acid","12008-41-2, 12280-03-4, 10377-81-8, 68003-13-4, 12712-38-8, 1332-07-6, 12267-73-1, 13840-56-7, 1303-96-4, 12179-04-3",No,No,Yes,,(EU) 2019/1966
2-Aminomethyl-P-Aminophenol And Its Hcl Salt,79352-72-0,No,Yes,No,,
"2-Aminomethyl-P-Aminophenol And Its Hcl Salts, When Used As A Substance In Hair Dye Products",79352-72-0,No,No,Yes,,(EC) 2009/1223
2-Aminophenol,"95-55-6, 67845-79-8, 51-19-4",No,No,Yes,,(EC) 2013/344
2-Aminophenol Hydrochloride,"95-55-6, 67845-79-8, 51-19-4",No,No,Yes,,(EC) 2013/344
2-Benzyl-2-Dimethylamino-4'- Morpholinobutyrophenone,119313-12-1,No,No,Yes,,(EU) 2019/1966
2-Benzyl-4-Chlorophenol,120-32-1,No,No,Yes,,(EU) 2019/831
2-Bromopropane,75-26-3,No,No,Yes,,(EC) 2009/1223
2-Butanone Oxime,96-29-7,No,No,Yes,,(EC) 2009/1223
2-Butyryl-3-Hydroxy-5-Thiocyclohexan-3-Yl-Cyclohex-2-En-1-One,94723-86-1,No,No,Yes,,(EU) 2019/831
2-Chloracetamide,79-07-2,Yes,No,Yes,,Ban Year: 2027 | (EU) 2019/831
2-Chloro-5-Nitro-N-Hydroxyethyl- P-Phenylenediamine And Its Salts,50610-28-1,No,Yes,No,,
"2-Chloro-5-Nitro-N-Hydroxyethyl-P-Phenylenediamine And Its Salts, When Used As A Substance In Hair Dye Products",50610-28-1,No,No,Yes,,(EC) 2009/1223
2-Chloro-6-Fluoro-Phenol,2040-90-6,No,No,Yes,,(EU) 2019/831
2-Chloro-6-Methylpyrimidin-4-Yldimethylamine (Crimidine-Iso),535-89-7,No,No,Yes,,(EC) 2009/1223
2-Chloro-6-Nitro-3-Phenoxyaniline,74070-46-5,No,No,Yes,,(EU) 2019/831
"2-Chloro-N-(2,6-Dimethylphenyl)-N-(1H-Pyrazol-1-Ylmethyl)Acetamide",67129-08-2,No,No,Yes,,(EU) 2019/831
2-Chloro-N-(2-Ethyl-6-Methylphenyl)-N-[(2S)-1-Methoxypropan-2-Yl]Acetamide,87392-12-9,No,No,Yes,,(EU) 2026/78
"2-Chlorobenzene-1,4-Diamine (2-Chloro-P-Phenylenediamine), Its Sulfate And Dihydrochloride Salts When Used As A Substance In Hair Dye Products, Including Eyebrow Dye Products, And Eyelash Dye Products","615-66-7, 61702-44-1, 615-46-3",No,No,Yes,,(EU) 2019/681
2-Cyano-N-[(Ethylamino)Carbonyl]-2-(Methoxyimino)Acetamide,"57966-95-7, 166900-80-7",No,No,Yes,,(EU) 2025/877
2-Diethylaminoethyl 3-Hydroxy-4-Phenylbenzoate And Its Salts,3572-52-9,No,No,Yes,,(EC) 2009/1223
2-Ethoxyethanol And Its Acetate,110-80-5/111-15-9,No,Yes,No,,
2-Ethoxyethanol And Its Acetate (2-Ethoxyethyl Acetate),"110-80-5, 111-15-9",No,No,Yes,,(EC) 2009/1223
"2-Ethyl-2-[[(1-Oxoallyl)Oxy]Methyl]-1,3-Propanediyl Diacrylate",15625-89-5,No,No,Yes,,(EU) 2023/1490
2-Ethylhexanoic Acid And Its Salts With The Exception Of Those Specified Elsewhere In Annex Vi To Regulation (Ec) No 1272/2008.,149-57-5,No,No,Yes,,(EU) 2023/1490
"2-Ethylhexanoic Acid, Nickel Salt","16083-14-0, 3349-08-4, 39819-65-3, 18721-51-2, 18283-82-4, 22605-92-1, 4454-16-4, 7580-31-6, 93983-68-7, 29317-63-3, 27637-46-3, 84852-37-9, 93920-10-6, 85508-43-6, 85508-44-7, 51818-56-5",No,No,Yes,,(EU) 2019/831
"2-Ethylhexyl 10-Ethyl-4,4-Dimethyl-7-Oxo-8-Oxa-3,5-Dithia-4-Stannatetradecanoate",57583-35-4,No,No,Yes,,(EU) 2019/831
"2-Ethylhexyl 10-Ethyl-4,4-Dioctyl-7-Oxo-8-Oxa-3,5-Dithia-4-Stannatetradecanoate",15571-58-1,No,No,Yes,,(EU) 2019/831
"2-Ethylhexyl 10-Ethyl-4-[[2-[(2-Ethylhexyl)Oxy]-2-Oxoethyl]Thio]-4-Methyl-7-Oxo-8-Oxa-3,5-Dithia-4-Stannatetradecanoate",57583-34-3,No,No,Yes,,(EU) 2019/831
2-Ethylhexyl-2-Ethylhexanoate,7425-14-1,No,No,Yes,,(EU) 2019/831
"2-Ethylhexyl[[[3,5-Bis(1,1-Dimethylethyl)-4-Hydroxyphenyl]-Methyl]Thio]Acetate",80387-97-9,No,No,Yes,,(EC) 2009/1223
2-Ethylphenylhydrazine Hydrochloride,19398-06-2,No,No,Yes,,(EU) 2019/831
2-Hydroxypropyl Ammonium Dihydrogen Orthoborate,"68003-13-4, 12008-41-2, 12280-03-4, 10377-81-8, 12712-38-8, 1332-07-6, 12267-73-1, 13840-56-7, 1303-96-4, 12179-04-3",Yes,No,Yes,,Ban Year: 2027 | (EU) 2019/1966
2-Methoxy-4-Nitrophenol  And Its Salts,3251-56-7,No,Yes,No,,
"2-Methoxy-4-Nitrophenol (4-Nitroguaiacol) And Its Salts, When Used As A Substance In Hair Dye Products",3251-56-7,No,No,Yes,,(EC) 2009/1223
2-Methoxyethanol  And Its Acetate (2-Methoxyethyl Acetate),"109-86-4, 110-49-6",No,No,Yes,,(EC) 2009/1223
2-Methoxyethanol And Its Acetate,109-86-4/110-49-6,No,Yes,No,,
2-Methoxyethoxy)Ethanol (Diethylene Glycol Mono­Methyl Ether,111-77-3,No,No,Yes,,(EC) 2009/1223
"2-Methoxyethyl (Rs)-2- (4-Tert-Butylphenyl)-2-Cyano-3-Oxo- 3-(Α,Α,Α-Trifluoro-O-Tolyl)Propionate",400882-07-7,No,No,Yes,,(EU) 2021/850
2-Methoxyethyl Acrylate,3121-61-7,No,No,Yes,,(EU) 2021/1902
2-Methoxymethyl-P-Aminophenol And Its Hcl Salt,29785-47-5/135043-65-1,No,Yes,No,,
"2-Methoxymethyl-P-Aminophenol And Its Hcl Salt, When Used As A Substance In Hair Dye Products","135043-65-1, 29785-47-5",No,No,Yes,,(EC) 2009/1223
2-Methoxypropanol,1589-47-5,No,No,Yes,,(EC) 2009/1223
2-Methoxypropyl Acetate,70657-70-4,No,No,Yes,,(EC) 2009/1223
2-Methyl-1-(4-Methylthiophenyl)-2-Morpholino-Propan 1-One,71868-10-5,No,No,Yes,,(EU) 2019/831
2-Methyl-5-Tert-Butylthiophenol,,No,No,Yes,,(EU) 2019/831
"2-Methyl-M-Phenylene Diisocyanate (Toluene 2,6-Diisocyanate)",91-08-7,No,No,Yes,,(EC) 2009/1223
2-Methyl-M-Phenylenediamine,823-40-5,No,Yes,No,,
"2-Methyl-M-Phenylenediamine (Toluene-2,6-Diamine)",823-40-5,No,No,Yes,,(EC) 2009/1223
2-Methyl-N-(2-Methylacryloylaminomethoxymethyl)-Acrylamide And,,No,No,Yes,,(EC) 2009/1223
2-Methylaziridine,75-55-8,No,Yes,No,,
2-Methylaziridine (Propyleneimine),75-55-8,No,No,Yes,,(EC) 2009/1223
2-Methylheptylamine And Its Salts,540-43-2,No,No,Yes,,(EC) 2009/1223
2-Methylimidazole,693-98-1,No,No,Yes,,(EU) 2021/850
"2-Naphthalenesulfonic Acid, 7,7'-(Carbonyldiimino)Bis(4-Hydroxy-3-[[2-Sulfo-4-[(4-Sulfophenyl)Azo]Phenyl]Azo]-, And Its Salts, When Used As A Substance In Hair Dye Products","2610-10-8, 25188-41-4",No,No,Yes,,(EC) 2009/1223
"2-Naphthalenesulfonic Acid, 7,7'-Bisazo]Phenyl]Azo]-, And Its Salts",2610-10-8/25188-41-4,No,Yes,No,,
"2-Naphthalenesulfonic Acid, 7-(Benzoylamino)-4-Hydroxy-3-[[4-[(4-Sulfophenyl)Azo]Phenyl]Azo]- And Its Salts, When Used As A Substance In Hair Dye Products",2610-11-9,No,No,Yes,,(EC) 2009/1223
"2-Naphthalenesulfonic Acid, 7--4-Hydroxy-3-[[4-[Azo]Phenyl]Azo]- And Its Salts",2610-11-9,No,Yes,No,,
2-Naphthol,135-19-3,No,No,Yes,,(EC) 2009/1223
2-Nitro-N-Hydroxyethyl-P-Anisidine And Its Salts,57524-53-5,No,Yes,No,,
"2-Nitro-N-Hydroxyethyl-P-Anisidine And Its Salts, When Used As A Substance In Hair Dye Products",57524-53-5,No,No,Yes,,(EC) 2009/1223
2-Nitro-P-Phenylenediamine And Its Salts,5307-14-2/18266-52-9,No,Yes,No,,
"2-Nitro-P-Phenylenediamine And Its Salts, When Used As A Substance In Hair Dye Products","5307-14-2, 18266-52-9, 68239-83-8",No,No,Yes,,(EC) 2009/1223
2-Nitroanisole,91-23-6,No,Yes,Yes,,(EC) 2009/1223
2-Nitronaphthalene,581-89-5,No,No,Yes,,(EC) 2009/1223
2-Nitropropane,79-46-9,No,Yes,Yes,,(EC) 2009/1223
2-Nitrotoluene,88-72-2,No,No,Yes,,(EC) 2009/1223
"2-Pentylidenecyclohexanone, When Used As A Fragrance Ingredient",25677-40-1,No,No,Yes,,(EC) 2009/1223
"2-Phenylindan-1,3-Dione (Phenindione (Inn))",83-12-5,No,No,Yes,,(EC) 2009/1223
"2-Phenylindan-1,3-Dione )",83-12-5,No,Yes,No,,
2-[(4-Amino-2-Nitrophenyl)-Amino]-Benzoic Acid When Used As A Substance In Hair And Eyelash Dye Products,117907-43-4,No,No,Yes,,(EU) 2020/1683
"2-[(4-Chloro-2-Nitrophenyl)Amino]Ethanol (Hc Yellow No 12) And Its Salts, When Used As A Substance In Hair Dye Products",59320-13-7,No,No,Yes,,(EC) 2009/1223
"2-[(4-Chloro-2-Nitrophenyl)Azo)-N-(2-Methoxyphenyl)-3-Oxobutanamide (Pigment Yellow 73) And Its Salts, When Used As A Substance In Hair Dye Products",13515-40-7,No,No,Yes,,(EC) 2009/1223
"2-[2-(4-Chlorophenyl)-2-Phenylacetyl]Indan 1,3-Dione (Chlorophacinone - Iso)",3691-35-8,No,No,Yes,,(EC) 2009/1223
"2-[2-Chloro-4-(Methylsulfonyl)Benzoyl]Cyclohexane-1,3-Dione",99105-77-8,No,No,Yes,,(EU) 2019/831
2-[2-Hydroxy-3-(2-Chlorophenyl)Carbamoyl-1-Naphthylazo]-7-[2-Hydroxy-3-(3-Methylphenyl)Carbamoyl-1-Naphthylazo]Fluoren-9-One,151798-26-4,No,No,Yes,,(EC) 2009/1223
"2-[4-(Methylsulfonyl)- 2-Nitrobenzoyl]-1,3- Cyclohexanedione",104206-82-8,No,No,Yes,,(EU) 2021/1902
2-[4-Methoxybenzyl-N-(2-Pyridyl)Amino]Ethyldimethylamine Maleate (Mepyramine Maleate,59-33-6,No,No,Yes,,(EC) 2009/1223
2-[Amino]Ethanol  And Its Salts,59320-13-7,No,Yes,No,,
2-[Azo)-N--3-Oxobutanamide  And Its Salts,13515-40-7,No,Yes,No,,
"2-[[3,3'-Dichloro-4'-[[1[[(2,4-Dimethylphenyl)Amino]Carbonyl]-2-Oxopropyl]Azo][1,1'- Biphenyl]-4-Yl]Azo]-N-(2-Carboxylphenyl)-3- Oxo-Butanamide",,No,No,Yes,,(EU) 2019/831
"2-[[3,3'-Dichloro-4'-[[1[[(2,4-Dimethylphenyl)Amino]Carbonyl]-2-Oxopropyl]Azo][1,1'-Biphenyl]-4-Yl]Azo]-N-(2-Methylphenyl)-3-Oxo-Butanamide",,No,No,Yes,,(EU) 2019/831
2-{(Ez)-1-[(2Rs)-2-(4-Chlorophenoxy)Propoxyimino]Butyl}-3-Hydroxy-5-(Thian-3-Yl)Cyclohex-2-En-1-One,139001-49-3,No,No,Yes,,(EU) 2019/831
"2-{2-Chloro-4-(Methylsulfonyl)-3-[(2,2,2-Trifluoroethoxy)Methyl]Benzoyl}Cyclohexane-1,3-Dione",335104-84-2,No,No,Yes,,(EU) 2019/831
"2-{4-(2-Ammoniopropylamino)-6-[4-Hydroxy-3-(5-Methyl-2-Methoxy-4-Sulfamoylphenylazo)-2-Sulfonatonaphth-7-Ylamino]-1,3,5-Triazin-2-Ylamino}-2-Aminopropyl Formate",,No,No,Yes,,(EC) 2009/1223
"2-{[(4,6-Dimethoxypyrimidin-2-Yl)Carbamoyl]Sulfamoyl}-4-Formamido-N,N-Dimethylbenzamide",173159-57-4,No,No,Yes,,(EU) 2025/877
"2Rs,3Sr)-2-(4-Chlorophenyl)-3-Cyclopropyl-1-(1H-1,2,4-Triazol-1-Yl)Butan-2-Ol",94361-06-5,No,No,Yes,,(EU) 2019/831
"2Rs,4Sr)-1-{[2-(2,4- Dichlorophenyl)-4-Propyl-1,3- Dioxolan-2-Yl]Methyl}-1H- 1,2,4-Triazole",60207-90-1,No,No,Yes,,(EU) 2019/1966
"2Rs,4Sr)-4-Methyl-2-(1H-1,2,4-Triazol-1-Ylmethyl)-1,3-Dioxolan-2-Yl]Phenyl 4-Chlorophenyl Ether",119446-68-3,No,No,Yes,,(EU) 2025/877
3 And 4-(4-Hydroxy-4-Methylpentyl)Cyclohex-3-Ene-1-Carbaldehyde,"31906-04-4, 51414-25-6",No,No,Yes,,(EU) 2017/1410
"3',6'-Dihydroxy-4',5'-Diiodospiro(Isobenzofuran-1(3H),9'-[9H]Xanthene)-3-One","38577-97-8, 33239-19-9",No,No,Yes,,(EC) 2013/344
"3'-Ethyl-5',6',7',8'-Tetrahydro-5',5',8',8'-Tetramethyl-2'- Acetonaphthone Or 7-Acetyl-6-Ethyl-1,1,4,4-Tetramethyl-1,2,3,4-Tetrahydronaphtalen",88-29-9,No,Yes,No,,
"3'-Ethyl-5',6',7',8'-Tetrahydro-5',5',8',8'-Tetramethyl-2'-Acetonaphthone Or 7-Acetyl-6-Ethyl-1,1,4,4-Tetramethyl-1,2,3,4-Tetrahydronaphthalen (Aett",88-29-9,No,No,Yes,,(EC) 2009/1223
"3(Or5)-((4-(Benzylmethylamino)Phenyl)Azo)-1,2-(Or1,4)-Dimethyl-1H-1,2,4-Triazolium And Its Salts, When Used As A Substance In Hair Dye Products","89959-98-8, 12221-69-1",No,No,Yes,,(EC) 2009/1223
"3(Or5)-[[4-[(7-Amino-1-Hydroxy-3-Sulphonato-2-Naphthyl)Azo]-1-Naphthyl]Azo]Salicylic Acid And Its Salts, When Used As A Substance In Hair Dye Products","3442-21-5, 34977-63-4",No,No,Yes,,(EC) 2009/1223
"3,3'-(Sulfonylbis(2-Nitro-4,1-Phenylene)Imino)Bis(6-(Phenylamino))Benzenesulfonic Acid And Its Salts, When Used As A Substance In Hair Dye Products",6373-79-1,No,No,Yes,,(EC) 2009/1223
"3,3'-Dichlorobenzidine",91-94-1,No,Yes,Yes,,(EC) 2009/1223
"3,3'-Dichlorobenzidine Dihydrochloride",612-83-9,No,No,Yes,,(EC) 2009/1223
"3,3'-Dichlorobenzidine Dihydrogen Bis(Sulphate)",64969-34-2,No,No,Yes,,(EC) 2009/1223
"3,3'-Dichlorobenzidine Sulphate",74332-73-3,No,No,Yes,,(EC) 2009/1223
"3,3'-Dimethoxybenzidine (Ortho-Dianisidine) And Its Salts",119-90-4,No,No,Yes,,(EC) 2009/1223
"3,3'-Dimethylbiphenyl-4,4'-Diyl Diisocyanate",91-97-4,No,No,Yes,,(EU) 2025/877
"3,3'-Imino) Bis)Benzenesulfonic Acid And Its Salts",6373-79-1,No,Yes,No,,
"3,3-Bis(4-Hydroxyphenyl)Phthalide (Phenolphthalein (Inn))",77-09-8,No,No,Yes,,(EC) 2009/1223
"3,3-Bisphthalide )",77-09-8,No,Yes,No,,
"3,3-Dimethoxybenzidine  And Its Salts",119-90-4,No,Yes,No,,
"3,4',5-Tribromosalicylanilide (Tribromsalan (Inn))",87-10-5,No,No,Yes,,(EC) 2009/1223
"3,4',5-Tribromosalicylanilide )",87-10-5,No,Yes,No,,
"3,4,5-Trimethoxyphenethylamine (Mescaline) And Its Salts",54-04-6,No,No,Yes,,(EC) 2009/1223
"3,4-Diaminobenzoic Acid",619-05-6,No,Yes,No,,
"3,4-Diaminobenzoic Acid, When Used As A Substance In Hair Dye Products",619-05-6,No,No,Yes,,(EC) 2009/1223
"3,4-Dihydro-2-Methoxy-2-Methyl-4-Phenyl-2H,5H-Pyrano[3,2-C]-Benzopyran-5-One (Cyclocoumarol)",518-20-7,No,No,Yes,,(EC) 2009/1223
"3,4-Dihydrocoumarin, When Used As A Fragrance Ingredient",119-84-6,No,No,Yes,,(EC) 2009/1223
"3,4-Dinitrotoluene",610-39-9,No,No,Yes,,(EC) 2009/1223
"3,4-Methylenedioxyaniline And Its Salts",14268-66-7,No,Yes,No,,
"3,4-Methylenedioxyaniline And Its Salts, When Used As A Substance In Hair Dye Products",14268-66-7,No,No,Yes,,(EC) 2009/1223
"3,4-Methylenedioxyphenol And Its Salts",533-31-3,No,Yes,No,,
"3,4-Methylenedioxyphenol And Its Salts, When Used As A Substance In Hair Dye Products",533-31-3,No,No,Yes,,(EC) 2009/1223
"3,5,5-Trimethylcyclohex-2-Enone (Isophorone)",78-59-1,No,No,Yes,,(EC) 2009/1223
"3,5-Bis(3-Aminomethylphenyl)-1-Poly[3,5-Bis(3-Aminomethylphenyl)-2,4,6-Trioxo-1,3,5-(1H,3H,5H)-Triazin-1-Yl]-1,3,5-(1H,3H,5H)-Triazine-2,4,6-Trione",,No,No,Yes,,(EC) 2009/1223
"3,5-Dinitrotoluene",618-85-9,No,No,Yes,,(EC) 2009/1223
"3,6,10-Trimethyl-3,5,9-Undecatrien-2-One (Pseudo-Isomethyl Ionone), When Used As A Fragrance Ingredient",1117-41-5,No,No,Yes,,(EC) 2009/1223
"3,7-Dimethyl-2-Octen-1-Ol (6,7-Dihydrogeraniol), When Used As A Fragrance Ingredient",40607-48-5,No,No,Yes,,(EC) 2009/1223
"3,7-Dimethylocta-2,6- Dienenitrile",5146-66-7,No,No,Yes,,(EU) 2019/1966
"3,8-Diamino-1-Ethyl-6-Phenylphenantridinium Bromide",1239-45-8,No,No,Yes,,(EU) 2019/831
3- And 4- Cyclohex-3-Ene-1-Carbaldehyde,51414-25-6/31906-04-4,No,Yes,No,,
3- [3-(4'-Bromobiphenyl- 4-Yl)-3-Hydroxy-1-Phenylpropyl]-4-Hydroxy- 2H-Chromen-2-One,28772-56-7,No,No,Yes,,(EU) 2019/1966
3-(1-Naphthyl)-4-Hydroxycoumarin,39923-41-6,No,No,Yes,,(EC) 2009/1223
"3-(2,4-Dichlorophenyl)-2-Oxo- 1-Oxaspiro[4.5]Dec-3-En-4-Yl 2,2-Dimethylbutyrate",148477-71-8,No,No,Yes,,(EU) 2019/1966
"3-(2-Chloro-Thiazol-5-Ylmethyl)-5-Methyl[1,3,5]Oxadiazinan-4-Ylidene-N-Nitroamine",153719-23-4,No,No,Yes,,(EU) 2022/1531
"3-(3- Biphenyl-4-Yl-1,2,3,4- Tetrahydro-1-Naphthyl)- 4-Hydroxycoumarin",56073-07-5,No,No,Yes,,(EU) 2019/1966
3-(4'-Methylbenzylidene)-Camphor,38102-62-4,No,No,Yes,,(EU) 2024/996
"3-(4-Chlorophenyl)-1,1-Dimethyluronium Trichloroacetate",140-41-0,No,No,Yes,,(EC) 2009/1223
"3-(4-Isopropylphenyl)-1,1-Dimethylurea (Isoproturon - Iso)",34123-59-6,No,No,Yes,,(EC) 2009/1223
"3-(Difluoromethyl)-1- Methyl-N-(3',4',5'-Trifluorobiphenyl-2-Yl) Pyrazole-4-Carboxamide",907204-31-3,No,No,Yes,,(EU) 2021/1902
"3-(N-Methyl-N-(4-Methylamino-3-Nitrophenyl)Amino)Propane-1,2-Diol And Its Salts, When Used As A Substance In Hair Dye Products",93633-79-5,No,No,Yes,,(EC) 2009/1223
3-(Piperazin-1-Yl)-Benzo[D]Isothiazole Hydrochloride,87691-88-1,No,No,Yes,,(EU) 2019/831
"3-Amino)Propane-1,2-Diol And Its Salts",93633-79-5,No,Yes,No,,
3-Amino-9-Ethyl Carbazole,132-32-1,No,No,Yes,,(EU) 2019/831
3-Benzylidene Camphor,15087-24-8,No,No,Yes,,(EU) 2015/1298
"3-Bromo-2,2-Bis(Bromomethyl)Propan-1-Ol","36483-57-5, 1522-92-5",No,No,Yes,,(EU) 2023/1490
"3-Chloro-2,6-Dihydroxy-4-Methyl-Benzaldehyde",57074-21-2,No,Yes,No,,
"3-Chloro-2,6-Dihydroxy-4-Methyl-Benzaldehyde (Chloroatranol)(*)",57074-21-2,No,No,Yes,,(EU) 2017/1410
3-Chloro-4-(3-Fluorobenzyloxy)Aniline,202197-26-0,No,No,Yes,,(EU) 2019/831
3-Chloro-4-(Chloromethyl)-1-[3-(Trifluoromethyl)Phenyl]Pyrrolidin-2-One,61213-25-0,No,No,Yes,,(EU) 2021/1902
"3-Chloro-4-[(2Rs,4Rs",119446-68-3,No,No,Yes,,(EU) 2025/877
"3-Chloro-N-[3-Chloro-2,6-Dinitro-4-(Trifluoromethyl)Phenyl]-5-(Trifluoromethyl)Pyridin-2-Amine",79622-59-6,No,No,Yes,,(EU) 2019/831
"3-Cyclohexyl-6,7-Dihydro-1H-Cyclopenta[D]Pyrimidine-2,4(3H,5H)-Dione",2164-08-1,No,No,Yes,,(EU) 2019/831
3-Diethylaminopropyl Cinnamate,538-66-9,No,Yes,Yes,,(EC) 2009/1223
"3-Ethyl-2-Methyl-2-(3-Methylbutyl)-1,3-Oxazolidine",143860-04-2,No,No,Yes,,(EC) 2009/1223
3-Hydroxy-4-(Phenylazo)-2-Naphthoic Acid And Its Calcium Salt (Pigment Red 64:1,"27757-79-5, 6371-76-2",No,No,Yes,,(EC) 2013/344
"3-Hydroxy-4-[(2-Hydroxynaphthyl)Azo]-7-Nitronaphthalene-1-Sulphonic Acid And Its Salts, When Used As A Substance In Hair Dye Products","16279-54-2, 5610-64-0",No,No,Yes,,(EC) 2009/1223
3-Hydroxy-4-[Azo]-7-Nitronaphthalene-1-Sulphonic Acid And Its Salts,16279-54-2/5610-64-0,No,Yes,No,,
3-Hydroxy-5-Methylisoxazole,10004-44-1,No,No,Yes,,(EU) 2021/1902
"3-Hydroxy-N-(O-Tolyl)-4-[(2,4,5-Trichlorophenyl)Azo]Naphthalene-2-Carboxamide (Pigment Red 112",6535-46-2,No,No,Yes,,(EC) 2013/344
3-Imidazol-4-Ylacrylic Acid  And Its Ethyl Ester,104-98-3/27538-35-8,No,Yes,No,,
3-Imidazol-4-Ylacrylic Acid (Urocanic Acid) And Its Ethyl Ester,"27538-35-8, 104-98-3",No,No,Yes,,(EC) 2009/1223
"3-Isopropyl-2,1,3-Benzothiadiazine-4-One-2,2-Dioxide",25057-89-0,No,No,Yes,,(EU) 2023/1490
3-Methylpyrazole,1453-58-3,No,No,Yes,,(EU) 2022/1531
3-Nitro-4-Aminophenoxyethanol And Its Salts,50982-74-6,No,Yes,No,,
"3-Nitro-4-Aminophenoxyethanol And Its Salts, When Used As A Substance In Hair Dye Products",50982-74-6,No,No,Yes,,(EC) 2009/1223
3-Oxoandrost-4-Ene-17-Ss-Carboxylic Acid,302-97-6,No,No,Yes,,(EU) 2019/831
"3-Phenyl)Azo)-1,2--Dimethyl-1H-1,2,4-Triazolium And Its Salts",89959-98-8/12221-69-1,No,Yes,No,,
"3-[(2-Nitro-4-(Trifluoromethyl)Phenyl)Amino]Propane-1,2-Diol (Hc Yellow No 6) And Its Salts, When Used As A Substance In Hair Dye Products",104333-00-8,No,No,Yes,,(EC) 2009/1223
"3-[(4-(Acetylamino)Phenyl)Azo]-4-Hydroxy-7-[[[[5-Hydroxy-6-(Phenylazo)-7-Sulfo-2-Naphthalenyl]Amino]Carbonyl]Amino]-2-Naphthalenesulfonic Acid And Its Salts, When Used As A Substance In Hair Dye Products",3441-14-3,No,No,Yes,,(EC) 2009/1223
"3-[3-(4'-Bromobiphenyl-4-Yl)-1,2,3,4-Tetrahydronaphthalen-1-Yl]- 4-Hydroxy-2H-1-Benzothiopyran-2-One",104653-34-1,No,No,Yes,,(EU) 2019/1966
"3-[Phenyl)Amino]Propane1,2-Diol  And Its Salts",104333-00-8,No,Yes,No,,
3-[Phenyl)Azo]-4-Hydroxy-7-[[[[5-Hydroxy-6--7-Sulfo-2-Naphthalenyl]Amino]Carbonyl]Amino]-2-Naphthalenesulfonic Acid And Its Salts,3441-14-3,No,Yes,No,,
"3-[[4-[(2-Hydroxyethyl)Methylamino]-2-Nitrophenyl]Amino]-1,2-Propanediol And Its Salts, When Used As A Substance In Hair Dye Products","173994-75-7, 102767-27-1",No,No,Yes,,(EC) 2009/1223
"3-[[4-[Amino]-2-Nitrophenyl]Amino]-1,2-Propanediol And Its Salts",114087-41-1/114087-42-2,No,Yes,No,,
3-[[4-[Azo]-1-Naphthyl]Azo]Salicylic Acid And Its Salts,3442-21-5/34977-63-4,No,Yes,No,,
"3-[[4-[Ethyl(2-Hydroxyethyl)Amino]-2-Nitrophe Nyl]Amino]-1,2-Propanediol And Its Salts, When Used As A Substance In Hair Dye Products.","114087-41-1, 114087-42-2",No,No,Yes,,(EC) 2009/1223
"3-[[4-[Methylamino]-2-Nitrophenyl]Amino]-1,2-Propanediol And Its Salts",173994-75-7/102767-27-1,No,Yes,No,,
"3H-Indolium, 2-(2-((2,4-Dimethoxyphenyl)Amino)Ethenyl]-1,3,3-Trimethyl- And Its Salts, When Used As A Substance In Hair Dye Products",4208-80-4,No,No,Yes,,(EC) 2009/1223
"3H-Indolium, 2-Amino)Ethenyl]-1,3,3-Trimethyl- And Its Salts",4208-80-4,No,Yes,No,,
"3H-Indolium, 2-[[(4-Methoxyphenyl)Methylhydrazono]Methyl]-1,3,3-Trimethyl- And Its Salts, When Used As A Substance In Hair Dye Products",54060-92-3,No,No,Yes,,(EC) 2009/1223
"3H-Indolium, 2-[[Methylhydrazono]Methyl]-1,3,3-Trimethyl- And Its Salts",54060-92-3,No,Yes,No,,
"4',5'-Dibromo-3',6'-Dihydroxyspiro[Isobenzofuran-1(3H),9'-[9H]Xanthene]-3-One","596-03-2, 4372-02-5",No,No,Yes,,(EC) 2013/344
"4',5'-Dibromofluorescein","596-03-2, 4372-02-5",No,No,Yes,,(EC) 2013/344
4'-Ethoxy-2-Benzimidazoleanilide,120187-29-3,No,No,Yes,,(EC) 2009/1223
"4,4'- Dianiline Hydrochloride",569-61-9/479-73-2,No,Yes,No,,
"4,4'-(1,3-Phenylene-Bis(1-Methylethylidene))Bis-Phenol",13595-25-0,No,No,Yes,,(EU) 2019/831
"4,4'-(4-Iminocyclohexa-2,5-Dienylidenemethylene) Dianiline Hydrochloride",569-61-9,No,No,Yes,,(EC) 2009/1223
"4,4'-Bi-O-Toluidine (Ortho-Tolidine)",119-93-7,No,No,Yes,,(EC) 2009/1223
"4,4'-Bi-O-Toluidine Dihydrochloride",612-82-8,No,No,Yes,,(EC) 2009/1223
"4,4'-Bi-O-Toluidine Sulphate",74753-18-7,No,No,Yes,,(EC) 2009/1223
"4,4'-Bis(Dimethylamino)Benzophenone",90-94-8,No,No,Yes,,(EC) 2009/1223
"4,4'-Bis(N-Carbamoyl-4-Methylbenzenesulfonamide)Diphenylmethane",151882-81-4,No,No,Yes,,(EU) 2019/831
"4,4'-Bisbenzophenone;",90-94-8,No,Yes,No,,
"4,4'-Carbonimidoylbis[N,N-Dimethylaniline] And Its Salts",492-80-8,No,Yes,Yes,,(EC) 2009/1223
"4,4'-Diaminodiphenylamine And Its Salts",537-65-5,No,Yes,No,,
"4,4'-Diaminodiphenylamine And Its Salts, When Used As A Substance In Hair Dye Products",537-65-5,No,No,Yes,,(EC) 2009/1223
"4,4'-Dihydroxy-3,3'-(3-Methylthiopropylidene) Dicoumarin",,No,No,Yes,,(EC) 2009/1223
"4,4'-Isobutylethylidenediphenol",6807-17-6,No,No,Yes,,(EC) 2009/1223
"4,4'-Methylene-Bis",101-14-4,No,Yes,No,,
"4,4'-Methylenebis(2-Ethylaniline)",19900-65-3,No,No,Yes,,(EC) 2009/1223
"4,4'-Methylenedi-O-Toluidine",838-88-0,No,Yes,Yes,,(EC) 2009/1223
"4,4'-Methylenedianiline",101-77-9,No,No,Yes,,(EC) 2009/1223
"4,4'-Methylenediphenyl Diisocyanate","101-68-8, 2536-05-2, 5873-54-1, 26447-40-5",No,No,Yes,,(EU) 2019/831
"4,4'-Oxydianiline (P-Aminophenyl Ether) And Its Salts",101-80-4,No,No,Yes,,(EC) 2009/1223
"4,4'-Sulphonyldiphenol",80-09-1,No,No,Yes,,(EU) 2023/1490
"4,4'-Thiodianiline And Its Salts",139-65-1,No,No,Yes,,(EC) 2009/1223
"4,4'-[(4-Methyl-1,3-Phenylene)Bis(Azo)]Bis[6-Methyl-1,3-Benzenediamine] (Basic Brown 4) And Its Salts, When Used As A Substance In Hair Dye Products",4482-25-1,No,No,Yes,,(EC) 2009/1223
"4,4'-[2,2,2-Trifluoro-1-(Trifluoromethyl)Ethylidene]Diphenol",1478-61-1,No,No,Yes,,(EU) 2025/877
"4,4'-[Bis]Bis[6-Methyl-1,3-Benzenediamine]  And Its Salts",4482-25-1,No,Yes,No,,
"4,4-Bi-O-Toluidine",119-93-7,No,Yes,No,,
"4,4-Methylenedianiline",101-77-9,No,Yes,No,,
"4,4-Oxydianiline  And Its Salts",101-80-4,No,Yes,No,,
"4,4-Thiodianiline And Its Salts",139-65-1,No,Yes,No,,
"4,5-Diamino-1-((4-Chlorophenyl)Methyl)-1H-Pyrazole Sulfate, When Used As A Substance In Hair Dye Products",163183-00-4,No,No,Yes,,(EC) 2009/1223
"4,5-Diamino-1-Methyl)-1H-Pyrazole Sulfate",163183-00-4,No,Yes,No,,
"4,5-Diamino-1-Methylpyrazole And Its Hcl Salt",20055-01-0/21616-59-1,No,Yes,No,,
"4,5-Diamino-1-Methylpyrazole And Its Hcl Salt, When Used As A Substance In Hair Dye Products","20055-01-0, 21616-59-1",No,No,Yes,,(EC) 2009/1223
"4,6-Bis(2-Hydroxyethoxy)-M-Phenylenediamine And Its Salts, When Used As A Substance In Hair Dye Products",94082-85-6,No,No,Yes,,(EC) 2009/1223
"4,6-Bis-M-Phenylenediamine And Its Salts",94082-85-6,No,Yes,No,,
"4,6-Dimethyl-8-Tert-Butylcoumarin, When Used As A Fragrance Ingredient",17874-34-9,No,No,Yes,,(EC) 2009/1223
"4,6-Dinitro-O-Cresol )",534-52-1,No,Yes,No,,
"4,8-Bis(Mercaptomethyl)-3,6,9-Trithia-1,11-Undecanedithiol",170016-25-8,No,No,Yes,,(EU) 2019/831
"4- Hydroxy-3-(1,2,3,4-Tetrahydro-1-Naphthyl) Coumarin",5836-29-3,No,No,Yes,,(EU) 2019/1966
"4-(2,4-Dihydroxyphenylazo)Benzensulphonic Acid (Cas 2050-34-2","2050-34-2, 547-57-9",No,No,Yes,,(EC) 2013/344
"4-(4-Methoxyphenyl)-3-Butene-2-One (Anisylidene Acetone), When Used As A Fragrance Ingredient",943-88-4,No,No,Yes,,(EC) 2009/1223
"4-(7-Hydroxy-2,4,4-Trimethyl-2-Chromanyl)Resorcinol-4-Yl-Tris(6-Diazo-5,6-Dihydro-5-Oxonaphthalene-1-Sulfonate), And",140698-96-0,No,No,Yes,,(EC) 2009/1223
"4-(7-Hydroxy-2,4,4-Trimethyl-2-Chromanyl)Resorcinolbis(6-Diazo-5,6-Dihydro-5-Oxonaphthalene-1-Sulfonate)",140698-96-0,No,No,Yes,,(EC) 2009/1223
4-(Phenylazo)Resorcinol (Solvent Orange 1,2051-85-6,No,No,Yes,,(EC) 2013/344
"4-Allyl-2,6-Bis(2,3-Epoxypropyl)Phenol",,No,No,Yes,,(EC) 2009/1223
"4-Allyl-6-[3-(4-Allyl-2,6-Bis(2,3-Epoxypropyl)Phenoxy)-2-Hydroxypropyl]-2-(2,3-Epoxypropyl)Phenol",,No,No,Yes,,(EC) 2009/1223
"4-Allyl-6-[3-[6-[3-(4-Allyl-2,6-Bis(2,3-Epoxypropyl)Phenoxy)-2-Hydroxypropyl]-4-Allyl-2-(2,3-Epoxypropyl)Phenoxy]-2-Hydroxypropyl]-2-(2,3-Epoxypropyl)Phenol",,No,No,Yes,,(EC) 2009/1223
"4-Allyl-6-[3-[6-[3-[6-[3-(4-Allyl-2,6-Bis(2,3-Epoxypropyl)Phenoxy)-2-Hydroxypropyl]-4-Allyl-2-(2,3-Epoxypropyl)Phenoxy]-2-Hydroxypropyl]-4-Allyl-2-(2,3-Epoxypropyl)Phenoxy]-2-Hydroxypropyl]-2-(2,3-Epoxypropyl)Phenol",,No,No,Yes,,(EC) 2009/1223
4-Amino-2-Nitrophenol,119-34-6,No,Yes,Yes,,(EC) 2009/1223
4-Amino-3-Fluorophenol,399-95-1,No,No,Yes,,(EC) 2009/1223
4-Amino-3-Hydroxytoluene When Used As A Substance In Hair And Eyelash Dye Products.,2835-98-5,No,No,Yes,,(EU) 2020/1683
4-Aminoazobenzene,60-09-3,No,Yes,Yes,,(EC) 2009/1223
4-Aminobenzenesulfonic Acid  And Its Salts,121-57-3/515-74-2,No,Yes,No,,
"4-Aminobenzenesulfonic Acid (Sulfanilic Acid) And Its Salts, When Used As A Substance In Hair Dye Products","121-57-3, 515-74-2",No,No,Yes,,(EC) 2009/1223
"4-Aminobenzoic Acid And Its Esters, With The Free Amino Group",150-13-0,No,No,Yes,,(EC) 2013/344
4-Aminosalicylic Acid And Its Salts,65-49-6,No,No,Yes,,(EC) 2009/1223
4-Benzyloxyphenol And 4-Ethoxyphenol,"103-16-2/622-62-8, 103-16-2, 622-62-8",No,Yes,Yes,,(EC) 2009/1223
4-Chloro-2-Aminophenol,95-85-2,No,Yes,No,,
"4-Chloro-2-Aminophenol, When Used As A Substance In Hair Dye Products",95-85-2,No,No,Yes,,(EC) 2009/1223
4-Chloroaniline,106-47-8,No,Yes,No,,
"4-Cyano-2,6-Diiodophenyl Octanoate","1689-83-4, 3861-47-0",No,No,Yes,,(EC) 2009/1223
"4-Cyclododecyl-2,6-Dimethylmorpholin-4-Ium Acetate",31717-87-0,No,No,Yes,,(EU) 2019/831
"4-Cyclododecyl-2,6-Dimethylmorpholine",1593-77-7,No,No,Yes,,(EU) 2019/831
4-Diethylamino-O-Toluidine And Its Salts,148-71-0/24828-38-4/2051-79-8,No,Yes,No,,
"4-Diethylamino-O-Toluidine And Its Salts, When Used As A Substance In Hair Dye Products","148-71-0, 24828-38-4, 2051-79-8",No,No,Yes,,(EC) 2009/1223
4-Ethoxy-M-Phenylenediamine And Its Salts,"67801-06-3/ 5862-77-1/68015-98-5/6219-69-8, 67801-06-3, 5862-77-1, 68015-98-5, 6219-69-8",No,Yes,Yes,,(EC) 2009/1223
4-Ethylamino-3-Nitrobenzoic Acid  And Its Salts,2788-74-1,No,Yes,No,,
"4-Ethylamino-3-Nitrobenzoic Acid (N-Ethyl-3-Nitro Paba) And Its Salts, When Used As A Substance In Hair Dye Products",2788-74-1,No,No,Yes,,(EC) 2009/1223
"4-Hydroxy-3,5-Diiodobenzonitrile","1689-83-4, 3861-47-0",No,No,Yes,,(EC) 2009/1223
"4-Hydroxy-3-(3-(4'-Bromo-4-Biphenylyl)-1,2,3,4-Tetrahydro-1-Naphthyl)Coumarin",56073-10-0,No,No,Yes,,(EU) 2019/1966
4-Hydroxyindole,2380-94-1,No,Yes,No,,
"4-Hydroxyindole, When Used As A Substance In Hair Dye Products",2380-94-1,No,No,Yes,,(EC) 2009/1223
4-Mesyl-2-Nitrotoluene,1671-49-4,No,No,Yes,,(EU) 2019/831
"4-Methoxytoluene-2,5-Diamine And Its Hcl Salt",56496-88-9,No,Yes,No,,
"4-Methoxytoluene-2,5-Diamine And Its Hcl Salt, When Used As A Substance In Hair Dye Products",56496-88-9,No,No,Yes,,(EC) 2009/1223
4-Methyl-M-Phenylene Diisocyanate,584-84-9,No,Yes,No,,
"4-Methyl-M-Phenylene Diisocyanate (Toluene 2,4-Diisocyanate)",584-84-9,No,No,Yes,,(EC) 2009/1223
4-Methyl-M-Phenylenediamine  And Its Salts,95-80-7,No,Yes,No,,
"4-Methyl-M-Phenylenediamine (Toluene-2,4-Diamine) And Its Salts",95-80-7,No,No,Yes,,(EC) 2009/1223
4-Methyl-N-Phenyl-6-(1-Propynyl)-2-Pyrimidinamine,110235-47-7,No,No,Yes,,(EU) 2019/831
4-Methylbenzylidene Camphor,36861-47-9,No,No,Yes,4-Methylbenzylidene Camphor | 3-(4'-Methylbenzylidene)-Camphor | [Inci: 4-Methylbenzylidene Camphor],(EU) 2024/996
4-Methylimidazole,822-36-6,No,No,Yes,,(EU) 2025/877
4-Methylpentan-2-One,108-10-1,No,No,Yes,,(EU) 2022/1531
4-Nitro-M-Phenylenediamine And Its Salts,5131-58-8,No,Yes,No,,
"4-Nitro-M-Phenylenediamine And Its Salts, When Used As A Substance In Hair Dye Products",5131-58-8,No,No,Yes,,(EC) 2009/1223
4-Nitrobiphenyl,92-93-3,No,Yes,Yes,,(EC) 2009/1223
4-Nitrosomorpholine,59-89-2,No,No,Yes,,(EU) 2025/877
4-Nitrosophenol,104-91-6,No,No,Yes,,(EC) 2009/1223
"4-Nonylphenol, Branched","25154-52-3, 84852-15-3",No,No,Yes,,(EC) 2009/1223
4-O-Tolylazo-O-Toluidine,97-56-3,No,Yes,Yes,,(EC) 2009/1223
"4-Phenylazophenylene-1,3-Diamine Citrate Hydrochloride (Chrysoidine Citrate Hydrochloride)",5909-04-6,No,No,Yes,,(EC) 2009/1223
4-Phenylbut-3-En-2-One (Benzylideneacetone),122-57-6,No,No,Yes,,(EC) 2009/1223
"4-Tert-Butyl-3-Methoxy-2,6-Dinitrotoluene",83-66-9,No,Yes,No,,
4-Tert-Butylbenzoic Acid,98-73-7,No,No,Yes,,(EU) 2019/831
4-Tert-Butylphenol,98-54-4,No,No,Yes,,(EC) 2009/1223
4-Tert-Butylpyrocatechol,98-29-3,No,No,Yes,,(EC) 2009/1223
"4-Tert.-Butyl-3-Methoxy-2,6-Dinitrotoluene (Musk Ambrette)",83-66-9,No,No,Yes,,(EC) 2009/1223
4-Vinylcyclohexene,100-40-3,No,No,Yes,,(EU) 2019/831
4-Vinylcyclohexene Diepoxide,106-87-6,No,No,Yes,,(EU) 2019/831
"4-[(3-Chlorophenyl)(1H-Imidazol-1-Yl)Methyl]-1,2-Benzenediamine Dihydrochloride",159939-85-2,No,No,Yes,,(EU) 2019/831
"4-[(4-Aminophenyl)(4-Iminocyclohexa-2,5-Dien-1-Ylidene)Methyl]-O-Toluidine (Cas 3248-93-9","3248-93-9, 632-99-5",No,No,Yes,,(EC) 2013/344
4-[(4-Ethoxyphenyl)Azo]Naphthol (Solvent Red 3,6535-42-8,No,No,Yes,,(EC) 2013/344
"4-[(4-Nitrophenyl)Azo]Aniline (Disperse Orange 3) And Its Salts, When Used As A Substance In Hair Dye Products",730-40-5,No,No,Yes,,(EC) 2009/1223
"4-[(Tetrahydro-2H-Pyran-2-Yl)Oxy]Phenol (Deoxyarbutin, Tetrahydropyranyloxy Phenol)",53936-56-4,No,No,Yes,,(EU) 2021/1099
"4-[4-(1,3-Dihydroxyprop-2-Yl)Phenylamino]-1,8-Dihydroxy-5-Nitroanthraquinone",114565-66-1,No,No,Yes,,(EC) 2009/1223
4-[Azo]Aniline  And Its Salts,730-40-5/70170-61-5,No,Yes,No,,
4-[Methyl]-O-Toluidine And Its Hydrochloride Salt,632-99-5/3248-93-9,No,Yes,No,,
"4-[[4,4'-Bis(Dimethylamino)Benzhydrylidene]Cyclohexa-2,5-Dien-1-Ylidene]Dimethylammonium Chloride","548-62-9, 467-63-0",No,No,Yes,,(EC) 2009/1223
"5,12-Dihydroquino[2,3-B]Acridine-7,14-Dione (Pigment Violet 19",1047-16-1,No,No,Yes,,(EC) 2013/344
"5,5'-Di-Isopropyl-2,2'-Dimethylbiphenyl-4,4'-Diyl Dihypoiodite (Thymol Iodide)",552-22-7,No,No,Yes,,(EC) 2009/1223
"5,5-Diphenyl-4-Imidazolidone (Doxenitoin (Inn))",3254-93-1,No,No,Yes,,(EC) 2009/1223
"5,5-Diphenyl-4-Imidazolidone )",3254-93-1,No,Yes,No,,
"5,6,12,13-Tetrachloroanthra(2,1,9-Def:6,5,10-D'E'F')Diisoquinoline-1,3,8,10(2H,9H)-Tetrone",115662-06-1,No,No,Yes,,(EC) 2009/1223
"5,7-Bis(Mercaptomethyl)-3,6,9-Trithia-1,11-Undecanedithiol",170016-25-8,No,No,Yes,,(EU) 2019/831
"5-((4-(Dimethylamino)Phenyl)Azo)-1,4-Dimethyl-1H-1,2,4-Triazolium And Its Salts, When Used As A Substance In Hair Dye Products",12221-52-2,No,No,Yes,,(EC) 2009/1223
"5-(2,4-Dioxo-1,2,3,4-Tetrahydropyrimidine)-3-Fluoro-2-Hydroxymethylterahydrofuran",41107-56-6,No,No,Yes,,(EC) 2009/1223
"5-(3-Butyryl-2,4,6-Trimethylphenyl)-2-[1-(Ethoxyimino)Propyl]-3-Hydroxycyclohex-2-En-1-One",138164-12-2,No,No,Yes,,(EC) 2009/1223
"5-(Alpha,Beta-Dibromophenethyl)-5-Methylhydantoin",511-75-1,No,No,Yes,,(EC) 2009/1223
"5-Amino-2,6-Dimethoxy-3-Hydroxypyridine And Its Salts",104333-03-1,No,Yes,No,,
"5-Amino-2,6-Dimethoxy-3-Hydroxypyridine And Its Salts, When Used As A Substance In Hair Dye Products",104333-03-1,No,No,Yes,,(EC) 2009/1223
5-Amino-4-Fluoro-2-Methylphenol Sulfate,163183-01-5,No,Yes,No,,
"5-Amino-4-Fluoro-2-Methylphenol Sulfate, When Used As A Substance In Hair Dye Products",163183-01-5,No,No,Yes,,(EC) 2009/1223
5-Butyl-2-Ethylamino-6- Methylpyrimidin-4-Yl Dimethylsulfamate,41483-43-6,No,No,Yes,,(EU) 2019/1966
"5-Chloro-1,3-Dihydro-2H-Indol-2-One",17630-75-0,No,No,Yes,,(EC) 2009/1223
"5-Ethoxy-3-Trichloromethyl-1,2,4-Thiadiazole (Etridiazole - Iso)",2593-15-9,No,No,Yes,,(EC) 2009/1223
"5-Fluoro-1,3-Dimethyl-N-[2-(4- Methylpentan-2-Yl) Phenyl]-1H-Pyrazole- 4-Carboxamide",494793-67-8,No,No,Yes,,(EU) 2021/1902
"5-Hydroxy-1,4-Benzodioxane And Its Salts",10288-36-5,No,Yes,No,,
"5-Hydroxy-1,4-Benzodioxane And Its Salts, When Used As A Substance In Hair Dye Products",10288-36-5,No,No,Yes,,(EC) 2009/1223
"5-Methyl-2,3-Hexanedione (Acetyl Isovaleryl), When Used As A Fragrance Ingredient",13706-86-0,No,No,Yes,,(EC) 2009/1223
5-Nitro-O-Toluidine,"99-55-8, 51085-52-0",No,No,Yes,,(EC) 2009/1223
5-Nitro-O-Toluidine Hydrochloride,"99-55-8, 51085-52-0",No,No,Yes,,(EC) 2009/1223
5-Nitro-O-Toluidine/5-Nitro-O-Toluidine Hydrochloride,99-55-8/51085-52-0,No,Yes,No,,
5-Nitroacenaphthene,602-87-9,No,Yes,Yes,,(EC) 2009/1223
"5-Phenyl)Azo)-1,4-Dimethyl-1H-1,2,4-Triazolium And Its Salts",12221-52-2,No,Yes,No,,
"5-Tert.-Butyl-1,2,3-Trimethyl-4,6-Dinitrobenzene (Musk Tibetene)",145-39-1,No,No,Yes,,(EC) 2009/1223
"5-[(4-[(7-Amino-1-Hydroxy-3-Sulfo-2-Naphthyl)Azo]-2,5-Diethoxyphenyl)Azo]-2-[(3-Phosphonophenyl)Azo]Benzoic Acid, And",163879-69-4,No,No,Yes,,(EC) 2009/1223
"5-[(4-[(7-Amino-1-Hydroxy-3-Sulfo-2-Naphthyl)Azo]-2,5-Diethoxyphenyl)Azo]-3-[(3-Phosphonophenyl)Azo]Benzoic Acid",163879-69-4,No,No,Yes,,(EC) 2009/1223
"6,10-Dimethyl-3,5,9-Undecatrien-2-One (Pseudoionone), When Used As A Fragrance Ingredient",141-10-6,No,No,Yes,,(EC) 2009/1223
"6,6'-Bis(Diazo-5,5',6,6'-Tetrahydro-5,5'-Dioxo)[Methylene-Bis(5-(6-Diazo-5,6-Dihydro-5-Oxo-1-Naphthylsulphonyloxy)-6-Methyl-2-Phenylene]Di(Naphthalene-1-Sulfonate)",,No,No,Yes,,(EU) 2019/831
"6,6'-Di-Tert-Butyl-2,2'-Methylenedi-P-Cresol",119-47-1,No,No,Yes,,(EU) 2022/1531
"6-(2-Chloroethyl)-6-(2-Methoxyethoxy)-2,5,7,10-Tetraoxa-6-Silaundecane",37894-46-5,No,No,Yes,,(EC) 2009/1223
"6-(2-Methoxyethoxy)- 6-Vinyl-2,5,7,10-Tetraoxa-6-Silaundecane",1067-53-4,No,No,Yes,,(EU) 2021/1902
"6-(Piperidinyl)-2,4-Pyrimidinediamine-3-Oxide (Minoxidil (Inn)) And Its Salts",38304-91-5,No,No,Yes,,(EC) 2009/1223
"6--2,4-Pyrimidinediamine 3-Oxide ) And Its Salts",38304-91-5,No,Yes,No,,
"6-Amino-2-((2,4-Dimethylphenyl)-1H-Benz[De]Isoquinoline-1,3(2H)-Dione (Solvent Yellow 44) And Its Salts, When Used As A Substance In Hair Dye Products",2478-20-8,No,No,Yes,,(EC) 2009/1223
"6-Amino-2--1H-Benz[De]Isoquinoline-1,3-Dione  And Its Salts",2478-20-8,No,Yes,No,,
6-Amino-O-Cresol And Its Salts,17672-22-9,No,Yes,No,,
"6-Amino-O-Cresol And Its Salts, When Used As A Substance In Hair Dye Products",17672-22-9,No,No,Yes,,(EC) 2009/1223
6-Chloro-2-(6-Chloro-4-Methyl-3-Oxobenzo[B]Thien-2(3H)-Ylidene)-4-Methylbenzo[B]Thiophene-3(2H)-One (Vat Red 1,2379-74-0,No,No,Yes,,(EC) 2013/344
6-Glycidyloxynapht-1-Yl Oxymethyloxirane,27610-48-6,No,No,Yes,,(EU) 2019/831
"6-Hydroxy-1-(3-Isopropoxypropyl)-4-Methyl-2-Oxo-5-[4-(Phenylazo)Phenylazo]-1,2-Dihydro-3-Pyridinecarbonitrile",85136-74-9,No,No,Yes,,(EC) 2009/1223
6-Iodo-2-Propoxy-3-Propylquinazolin-4(3H)-One,189278-12-4,No,No,Yes,,(EU) 2019/831
"6-Isopropyl-2-Decahydronaphthalenol, When Used As A Fragrance Ingredient",34131-99-2,No,No,Yes,,(EC) 2009/1223
"6-Methoxy-2,3-Pyridinediamine And Its Hcl Salt",94166-62-8,No,Yes,No,,
"6-Methoxy-2,3-Pyridinediamine And Its Hcl Salt, When Used As A Substance In Hair Dye Products",94166-62-8,No,No,Yes,,(EC) 2009/1223
6-Methoxy-M-Toluidine,120-71-8,No,Yes,No,,
6-Methoxy-M-Toluidine (P-Cresidine),120-71-8,No,No,Yes,,(EC) 2009/1223
6-Methylcoumarin,92-48-8,No,Yes,No,,口腔製劑另有規定者除外. 
"6-Nitro-2,5-Pyridinediamine And Its Salts",69825-83-8,No,Yes,No,,
"6-Nitro-2,5-Pyridinediamine And Its Salts, When Used As A Substance In Hair Dye Products",69825-83-8,No,No,Yes,,(EC) 2009/1223
6-Nitro-O-Toluidine,570-24-1,No,No,Yes,,(EC) 2009/1223
"6-[(C10-C13)-Alkyl-(Branched, Unsaturated)-2,5-Dioxopyrrolidin-1-Yl]Hexanoic Acid",2156592-54-8,No,No,Yes,,(EU) 2023/1490
"6-[C12-18-Alkyl-(Branched, Unsaturated)-2,5-Dioxopyrrolidin-1-Yl]Hexanoic Acid",,No,No,Yes,,(EU) 2023/1490
"6-[C12-18-Alkyl-(Branched, Unsaturated)-2,5-Dioxopyrrolidin-1-Yl]Hexanoic Acid, Sodium And Tris(2-Hydroxyethyl)Ammonium Salts",,No,No,Yes,,(EU) 2023/1490
"7,11-Dimethyl-4,6,10-Dodecatrien-3-One (Pseudomethylionone), When Used As A Fragrance Ingredient",26651-96-7,No,No,Yes,,(EC) 2009/1223
"7-Ethoxy-4-Methylcoumarin, When Used As A Fragrance Ingredient",87-05-8,No,No,Yes,,(EC) 2009/1223
7-Methoxy-6-(3-Morpholin-4-Yl-Propoxy)-3H-Quinazolin-4-One,199327-61-2,No,No,Yes,,(EU) 2019/831
"7-Methoxycoumarin, When Used As A Fragrance Ingredient",531-59-9,No,No,Yes,,(EC) 2009/1223
"7-Methylcoumarin, When Used As A Fragrance Ingredient",2445-83-2,No,No,Yes,,(EC) 2009/1223
7-Oxabicyclo[4.1.0]Hept-3-Ylmethyl 7-Oxabicyclo[4.1.0]Heptane-3-Carboxylate,2386-87-0,No,No,Yes,,(EU) 2026/78
7-[2-Hydroxy-3-(N-(2-Hydroxyethyl)-N-Methylamino)Propyl]Theophylline,2530-97-4,No,No,Yes,,(EC) 2009/1223
"8,18-Dichloro-5,15-Diethyl-5,15-Dihydrodiindolo[3,2-B:3',2'-M]Triphenodioxazine (Pigment Violet 23",6358-30-1,No,No,Yes,,(EC) 2013/344
"8-(2,6-Diethyl-4-Methylphenyl)-7-Oxo-1,2,4,5-Tetrahydro-7H-Pyrazolo[1,2-D][1,4,5]Oxadiazepin-9-Yl 2,2-Dimethylpropanoate",243973-20-8,No,No,Yes,,(EU) 2019/1966
"8-Tert-Butyl-1,4-Dioxaspirol[4.5]Decan-2-Ylmethyl(Ethyl)(Propyl)Amine",118134-30-8,No,No,Yes,,(EU) 2019/831
"9,10-Anthracenedione, 1-[(2-Hydroxyethyl)Amino]-4-(Methylamino)-, And Its Derivatives And Salts, When Used As A Substance In Hair Dye Products","2475-46-9, 86722-66-9",No,No,Yes,,(EC) 2009/1223
"9,10-Anthracenedione, 1-[Amino]-4--, And Its Derivatives And Salts",2475-46-9/86722-66-9,No,Yes,No,,
"9,10-Anthraquinone",84-65-1,No,No,Yes,,(EU) 2019/831
9-Ethylcarbazol-3-Ylamine,132-32-1,No,No,Yes,,(EU) 2019/831
9-Vinylcarbazole,1484-13-5,No,No,Yes,,(EC) 2009/1223
> 0.1 % W/W Butadiene,68307-99-3,No,No,Yes,,(EC) 2009/1223
A 2:1 Mixture Of:,140698-96-0,No,No,Yes,,(EC) 2009/1223
A Mixture Of:,163879-69-4,No,No,Yes,,(EC) 2009/1223
"A Mixture Of: 4-[[Bis-(4-Fluorophenyl)Methylsilyl]Methyl]-4H-1,2,4-Triazole And 1-[[Bis-(4-Fluorophenyl)Methylsilyl]Methyl]-1H-1,2,4-Triazole",,No,No,Yes,,(EC) 2009/1223
A Mixture Of: N-[3-Hydroxy-2-(2-Methylacryloylaminomethoxy)Propoxymethyl]-2-Methylacrylamide And,,No,No,Yes,,(EC) 2009/1223
"A,A,A-Trifluoro-2,6-Dinitro-N,N-Dipropyl-P-Toluidine",1582-09-8,No,No,Yes,,(EU) 2019/831
A-(Diethoxy-Phosphinothioylimino) Phenylacetonitrile,14816-18-3,No,No,Yes,,(EU) 2019/831
"A-Tert-Butyl-Ss-(4-Chlorophenoxy)-1H-1,2,4-Triazole-1-Ethanol",55219-65-3,No,No,Yes,,(EU) 2019/831
Abamectin (Combination Of Avermectin B1A And Avermectin B1B) (Iso),"71751-41-2, 65195-55-3",No,No,Yes,,(EU) 2019/831
"Absorption Oils, Bicyclo Arom. And Heterocylic Hydrocarbon Fraction, If They Contain > 0.005 % W/W Benzo[A]Pyrene",101316-45-4,No,No,Yes,,(EC) 2009/1223
Acenocoumarol,152-72-7,No,Yes,No,,
Acenocoumarol (Inn),152-72-7,No,No,Yes,,(EC) 2009/1223
Acetaldehyde,75-07-0,Yes,No,Yes,,Ban Year: 2027 | (EU) 2019/831
Acetamide,60-35-5,No,Yes,Yes,,(EC) 2009/1223
Acetamiprid (Iso),"135410-20-7, 160430-64-8",No,No,Yes,,(EU) 2023/1490
Acetochlor (Iso),34256-82-1,No,No,Yes,,(EU) 2019/1966
Acetone Oxime,127-06-0,No,No,Yes,,(EU) 2026/78
Acetonitrile,75-05-8,No,Yes,Yes,,(EC) 2009/1223
Acetyl Heptapeptide-9 Colloidal Gold (Nano) [Inci],"7440-57-5, 1360157-34-1",No,No,Yes,,(EU) 2024/858
Acetyl Tetrapeptide-17 Colloidal Platinum (Nano) [Inci],7440-06-4,No,No,Yes,,(EU) 2024/858
Acid Orange 24,1320-07-6,No,Yes,No,,
"Acid Orange 24 (Ci 20170), When Used As A Substance In Hair Dye Products",1320-07-6,No,No,Yes,,(EC) 2009/1223
Acid Red 73,5413-75-2,No,Yes,No,,
"Acid Red 73 (Ci 27290), When Used As A Substance In Hair Dye Products",5413-75-2,No,No,Yes,,(EC) 2009/1223
Aclonifen (Iso),74070-46-5,No,No,Yes,,(EU) 2019/831
Aconitine (Principal Alkaloid Of Aconitum Napellus L.) And Its Salts,302-27-2,No,No,Yes,,(EC) 2009/1223
Aconitum Napellus L.,84603-50-9,No,Yes,No,,
"Aconitum Napellus L. (Leaves, Roots And Galenical Preparations)",84603-50-9,No,No,Yes,,(EC) 2009/1223
Acrolein,107-02-8,No,Yes,No,,
Acrylamide,79-06-1,No,Yes,No,,"如化粧品中使用含Polyacrylamides 及其相關聚合物成分之原料時, 則其最終製品中所含Acrylamide之殘留量不得超過0.1ppm;對於使用後須沖洗掉或非駐留身體肌膚用之化粧品, 其最終製品中所含Acrylamide之殘留量不得超過0.5ppm. "
"Acrylamide, Unless Regulated Elsewhere In This Regulation",79-06-1,No,No,Yes,,(EC) 2009/1223
Acrylonitrile,107-13-1,No,Yes,Yes,,(EC) 2009/1223
Adonis Vernalis L. And Its Preparations,84649-73-0,No,Yes,Yes,,(EC) 2009/1223
Alachlor (Iso),15972-60-8,No,No,Yes,,(EC) 2009/1223
Alanroot Oil,97676-35-2,No,Yes,No,,
"Alanroot Oil (Inula Helenium L.) (Cas No 97676-35-2), When Used As A Fragrance Ingredient",97676-35-2,No,No,Yes,,(EC) 2009/1223
Aldrin,309-00-2,No,Yes,No,,
Aldrin (Iso),309-00-2,No,No,Yes,,(EC) 2009/1223
Alkali Pentacyanonitrosylferrate (2-),"14402-89-2, 13755-38-9",No,No,Yes,,(EC) 2009/1223
"Alkanes, C1-2, If They Contain > 0.1% W/W Butadiene",68475-57-0,No,No,Yes,,(EC) 2009/1223
"Alkanes, C1-4, C3-Rich, If They Contain > 0.1% W/W Butadiene",90622-55-2,No,No,Yes,,(EC) 2009/1223
"Alkanes, C10-13, Chloro",85535-84-8,No,No,Yes,,(EC) 2009/1223
"Alkanes, C12-26-Branched And Linear, Except If The Full Refining History Is Known And It Can Be Shown That The Substance From Which It Is Produced Is Not A Carcinogen",90622-53-0,No,No,Yes,,(EC) 2009/1223
"Alkanes, C2-3, If They Contain > 0.1% W/W Butadiene",68475-58-1,No,No,Yes,,(EC) 2009/1223
"Alkanes, C3-4, If They Contain > 0.1% W/W Butadiene",68475-59-2,No,No,Yes,,(EC) 2009/1223
"Alkanes, C4-5, If They Contain > 0.1% W/W Butadiene",68475-60-5,No,No,Yes,,(EC) 2009/1223
"Alkyne Alcohols, Their Esters, Ethers And Salts",,No,No,Yes,,(EC) 2009/1223
Alloclamide  And Its Salts,5486-77-1,No,Yes,No,,
Alloclamide (Inn) And Its Salts,5486-77-1,No,No,Yes,,(EC) 2009/1223
Allyl Alcohol,107-18-6,No,Yes,No,,
Allyl Chloride (3-Chloropropene),107-05-1,No,No,Yes,,(EC) 2009/1223
Allyl Glycidyl Ether,106-92-3,No,No,Yes,,(EC) 2009/1223
Allyl Isothiocyanate,57-06-7,Yes,No,Yes,,Ban Year: 2027 | (EC) 2009/1223
Alocasia Cucullata  Schott,,No,Yes,No,,
Alocasia Macrorrhizaschott  K. Koch),,No,Yes,No,,
"Alpha, Alpha-Dichlorotoluene",98-87-3,No,No,Yes,,(EC) 2009/1223
"Alpha,Alpha,Alpha-Trichlorotoluene",98-07-7,No,No,Yes,,(EC) 2009/1223
Alpha-Chlorotoluene,100-44-7,No,Yes,No,,
Alpha-Chlorotoluene (Benzyl Chloride),100-44-7,No,No,Yes,,(EC) 2009/1223
"Alpha-Piperidin-2-Ylbenzyl Acetate, Laevorotatory Threoform (Levofacetoperane (Inn)) And Its Salts",24558-01-8,No,No,Yes,,(EC) 2009/1223
"Alpha-Santonin [(3S,5Ar,9Bs)-3,3A,4,5,5A,9B-Hexahydro-3,5A,9-Trimethylnaphto[1,2-B]Furan-2,8-Dione]",481-06-1,No,No,Yes,,(EC) 2009/1223
Aminocaproic Acid (Inn) And Its Salts,60-32-2,No,No,Yes,,(EC) 2009/1223
Aminocaproic Acidand Its Salts,60-32-2,No,Yes,No,,
"Amisulbrom (Iso)3-(3-Bromo-6-Fluoro-2-Methylindol-1-Ylsulfonyl)-N,N-Dimethyl-1H-1,2,4-Triazole-1-Sulfonamide",348635-87-0,No,No,Yes,,(EU) 2019/1966
Amitriptyline  And Its Salts,50-48-6,No,Yes,No,,
Amitriptyline (Inn) And Its Salts,50-48-6,No,No,Yes,,(EC) 2009/1223
Amitrole (Iso),61-82-5,No,No,Yes,,(EC) 2009/1223
Ammi Majus And Its Galenical Preparations,90320-46-0,No,Yes,No,,
Ammi Majus L. And Its Galenical Preparations,90320-46-0,No,No,Yes,,(EC) 2009/1223
Ammonium 2-Amino-4-(Hydroxymethylphosphinyl)Butyrate,77182-82-2,No,No,Yes,,(EU) 2019/831
Ammonium Bromide,12124-97-9,No,No,Yes,,(EU) 2023/1490
Ammonium Heptadecafluorooctanesulfonate,"1763-23-1, 2795-39-3, 70225-14-8, 29081-56-9, 29457-72-5",No,No,Yes,,(EU) 2019/831
Ammonium Nonadecafluorodecanoate,"3108-42-7, 335-76-2, 3830-45-3",Yes,No,Yes,,Ban Year: 2025 | (EU) 2019/831
Ammonium Pentadecafluorooctanoate,3825-26-1,Yes,Yes,Yes,,Ban Year: 2025 | (EU) 2019/831
Ammonium Perfluorononanoate,4149-60-4,Yes,No,No,,Ban Year: 2025
Ammonium Perfluorooctane Sulfonate,"29081-56-9, 1763-23-1, 2795-39-3, 70225-14-8, 29457-72-5",Yes,No,Yes,,Ban Year: 2025 | (EU) 2019/831
Amorphophallus Rivieri Durieu,,No,Yes,No,,經精化、去毒程序而製成之食用蒟蒻除外. 
"Amyl 4-Dimethylaminobenzoate, Mixed Isomers (Padimate A (Inn))",14779-78-3,No,No,Yes,,(EC) 2009/1223
"Amyl 4-Dimethylaminobenzoate, Mixed Isomers )",14779-78-3,No,Yes,No,,
Amyl Nitrites,110-46-3,No,No,Yes,,(EC) 2009/1223
Anamirta Cocculus L.,,No,Yes,No,,
Anamirta Cocculus L. (Fruit),,No,No,Yes,,(EC) 2009/1223
"Androsta-1,4,9(11)-Triene-3,17-Dione",15375-21-0,No,No,Yes,,(EU) 2019/831
Anemone Hupehensis Lemoine,,No,Yes,No,,
"Aniline, Its Salts And Its Halogenated And Sulphonated Derivatives",62-53-3,No,Yes,Yes,,(EC) 2009/1223
Anthracene Oil,120-12-7,No,Yes,Yes,,(EC) 2009/1223
Anthraquinone,84-65-1,Yes,No,Yes,,Ban Year: 2027 | (EU) 2019/831
Anti-Androgens Of Steroidal Structure,,No,No,Yes,,(EC) 2009/1223
Antibiotics,,No,No,Yes,,(EC) 2009/1223
Antihistamine,,No,Yes,No,,
Antimony And Its Compound,7440-36-0,No,No,Yes,,(EC) 2009/1223
Antimony And Its Compounds,7440-36-0,No,Yes,No,,
Apocynum Cannabinum L. And Its Preparations,84603-51-0,No,Yes,No,,
Apocynum Cannabium L. And Its Preparations,84603-51-0,No,No,Yes,,(EC) 2009/1223
"Apomorphine ((R)-5,6,6A,7-Tetrahydro-6-Methyl-4H-Dibenzo[De,G]Quinoline-10,11-Diol)) And Its Salts",58-00-4,No,No,Yes,,(EC) 2009/1223
Areca Catechu L.,,No,Yes,No,,
Arecoline,63-75-2,No,No,Yes,,(EC) 2009/1223
Aristolochia Spp. And Their Preparations,"475-80-9, 313-67-7, 15918-62-4",No,No,Yes,,(EC) 2009/1223
Aristolochic Acid And Its Salts,"475-80-9, 313-67-7, 15918-62-4",No,No,Yes,,(EC) 2009/1223
Aristolochic Acid And Its Salts; Aristolochia Spp. And Their Preparations,475-80-9/313-67-7/15918-62-4,No,Yes,No,,
"Aromatic Hydrocarbons, C20-28, Polycyclic, Mixed Coal-Tar Pitch-Polyethylene Polypropylene Pyrolysis-Derived, If They Contain > 0.005 % W/W Benzo[A]Pyrene",101794-74-5,No,No,Yes,,(EC) 2009/1223
"Aromatic Hydrocarbons, C20-28, Polycyclic, Mixed Coal-Tar Pitch-Polyethylene Pyrolysis-Derived, If They Contain > 0.005 % W/W Benzo[A]Pyrene",101794-75-6,No,No,Yes,,(EC) 2009/1223
"Aromatic Hydrocarbons, C20-28, Polycyclic, Mixed Coal-Tar Pitch-Polystyrene Pyrolysis-Derived, If They Contain > 0.005 % W/W Benzo[A]Pyrene",101794-76-7,No,No,Yes,,(EC) 2009/1223
Arsenic And Its Compounds,7440-38-2,No,Yes,Yes,,"化粧品於製造過程中, 如因所需使用原料或其他因素, 且技術上無法避免, 致含自然殘留微量時, 則其最終製品中所含不純物重金屬砷之殘留量, 不得超過3ppm.  | (EC) 2009/1223"
Arsenolite,,No,Yes,No,,
Asarum Blumei Duch.,,No,Yes,No,,
Asbestos,1332-21-4,No,Yes,No,,"化粧品及其滑石粉(Talc)原料, 依國際間公認之檢驗方法, 不得檢出石綿成分. "
Atropa Belladonna L. And Its Preparations,8007-93-0,No,Yes,Yes,,(EC) 2009/1223
"Atropine, Its Salts And Derivatives",51-55-8,No,No,Yes,,(EC) 2009/1223
Avermectin B1A,"71751-41-2, 65195-55-3",No,No,Yes,,(EU) 2019/831
Azacyclonol  And Its Salts,115-46-8,No,Yes,No,,
Azacyclonol (Inn) And Its Salts,115-46-8,No,No,Yes,,(EC) 2009/1223
Azafenidin (Iso),68049-83-2,No,No,Yes,,(EC) 2009/1223
Azamethiphos (Iso),35575-96-3,No,No,Yes,,(EU) 2022/1531
Aziridine,151-56-4,No,Yes,Yes,,(EC) 2009/1223
"Azo]-7-Hydroxy-2-Naphthyl)Trimethylammonium And Its Salts,",71134-97-9,No,Yes,No,,
Azobenzene,103-33-3,No,No,Yes,,(EC) 2009/1223
Barbiturates,,No,Yes,Yes,,(EC) 2009/1223
Barium Diboron Tetraoxide,13701-59-2,No,No,Yes,,(EU) 2023/1490
Barium Salts,,No,Yes,No,,硫酸鋇及色素之不溶性鋇鹽(salts)、麗基(lakes)和顏料(pigments)除外. 
"Barium Salts, With The Exception Of Barium Sulphide Under The Conditions Laid Down In Annex Iii And Of Barium Sulfate, Lakes, Salts And Pigments Prepared From The Colouring Agents When Listed In Annex Iv",,No,No,Yes,,(EC) 2009/1223
Basic Blue 3,33203-82-6,Yes,No,No,,Ban Year: 2027
Basic Blue 7,2390-60-5,Yes,No,No,,Ban Year: 2027
Basic Blue 9,61-73-4,Yes,No,No,,Ban Year: 2027
Basic Green 1,0633-03-04,Yes,No,No,,Ban Year: 2027
Basic Nickel Carbonate,"3333-67-3, 16337-84-1, 65405-96-1, 12607-70-4",No,No,Yes,,(EC) 2009/1223
Basic Violet 4,2390-59-2,Yes,No,No,,Ban Year: 2027
Bemegride  And Its Salts,64-65-3,No,Yes,No,,
Bemegride (Inn) And Its Salts,64-65-3,No,No,Yes,,(EC) 2009/1223
Benactyzine,302-40-9,No,Yes,No,,
Benactyzine (Inn),302-40-9,No,No,Yes,,(EC) 2009/1223
Bendroflumethiazide  And Its Derivatives,73-48-3,No,Yes,No,,
Bendroflumethiazide (Inn) And Its Derivatives,73-48-3,No,No,Yes,,(EC) 2009/1223
Benfluralin (Iso),1861-40-1,No,No,Yes,,(EU) 2025/877
Benfuracarb (Iso),82560-54-1,No,No,Yes,,(EU) 2019/831
Benomyl (Iso),17804-35-2,No,No,Yes,,(EC) 2009/1223
Bentazone (Iso),25057-89-0,No,No,Yes,,(EU) 2023/1490
Benthiavalicarb-Isopropyl (Iso),177406-68-7,No,No,Yes,,(EU) 2026/78
Benz[A]Anthracene,56-55-3,No,Yes,Yes,,(EC) 2009/1223
Benz[E]Acephenanthrylene,205-99-2,No,Yes,Yes,,(EC) 2009/1223
Benzatropine  And Its Salts,86-13-5,No,Yes,No,,
Benzatropine (Inn) And Its Salts,86-13-5,No,No,Yes,,(EC) 2009/1223
Benzazepines And Benzodiazepines,12794-10-4,No,No,Yes,,(EC) 2009/1223
"Benzenaminium, 3-[[(4-[[Diamino(Phenylazo)Phenyl]Azo]-1-Naphthalenyl]Azo]-N,N,N-Trimethyl- And Its Salts, When Used As A Substance In Hair Dye Products",83803-98-9,No,No,Yes,,(EC) 2009/1223
"Benzenaminium, 3-[[(4-[[Diamino(Phenylazo)Phenyl]Azo]-2-Methylphenyl]Azo]-N,N,N-Trimethyl- And Its Salts, When Used As A Substance In Hair Dye Products",83803-99-0,No,No,Yes,,(EC) 2009/1223
"Benzenaminium, 3-[[Phenyl]Azo]-1-Naphthalenyl]Azo]-N,N,N-Trimethyl- And Its Salts",83803-98-9,No,Yes,No,,
"Benzenaminium, 3-[[Phenyl]Azo]-2-Methylphenyl]Azo]-N,N,N-Trimethyl- And Its Salts",83803-99-0,No,Yes,No,,
Benzene,"71-43-2, 96-09-3",No,Yes,Yes,,(EC) 2009/1223
"Benzenemethanaminium, N-Ethyl-N-(4-((4-(Ethyl((3-Sulfophenyl)Methyl)Amino)Phenyl)(4-Hydroxy-2-Sulfophenyl)Methylene)-2,5-Cyclohexadien-1-Ylidene)-3-Sulfo-, Hydroxide, Inner Salt, Disodium Salt (Fast Green Fcf",2353-45-9,No,No,Yes,,(EC) 2013/344
"Benzenesulfonic Acid, 5 -[-, And Its Salts",6373-74-6/15347-52-1,No,Yes,No,,
"Benzenesulfonic Acid, 5-[(2,4-Dinitrophenyl]Amino]-2-(Phenylamino)-, And Its Salts, When Used As A Substance In Hair Dye Products","6373-74-6, 15347-52-1",No,No,Yes,,(EC) 2009/1223
Benzidine,92-87-5,No,No,Yes,,(EC) 2009/1223
Benzidine Acetate,36341-27-2,No,No,Yes,,(EC) 2009/1223
Benzidine Based Azo Dyes,,No,No,Yes,,(EC) 2009/1223
Benzidine Dihydrochloride,531-85-1,No,No,Yes,,(EC) 2009/1223
Benzidine Sulphate,21136-70-9,No,No,Yes,,(EC) 2009/1223
Benzidine/Benzidine Acetate/Benzidine Sulfate/Benzidine Dihydrochloride/Benzidine Dihydrofluoride/Benzidine Perchlorate/Benzidine Perchlorate/Benzidine Diperchlorate,92-87-5/36341-27-2/531-86-2/531-85-1/41766-73-8/29806-76-6/38668-12-1/41195-21-5,No,Yes,No,,
Benzilonium Bromide,1050-48-2,No,Yes,No,,
Benzilonium Bromide (Inn),1050-48-2,No,No,Yes,,(EC) 2009/1223
Benzimidazol-2(3H)-One,615-16-7,No,No,Yes,,(EC) 2009/1223
"Benzo[A]Phenoxazin -7-Ium, 9--, And Its Salts",7057-57-0/966-62-1,No,Yes,No,,
"Benzo[A]Phenoxazin-7-Ium, 9-(Dimethylamino)-, And Its Salts, When Used As A Substance In Hair Dye Products","7057-57-0, 966-62-1",No,No,Yes,,(EC) 2009/1223
Benzo[Def]Chrysene,50-32-8,No,No,Yes,,(EC) 2009/1223
Benzo[Def]Chrysene;,50-32-8,No,Yes,No,,
Benzo[E]Pyrene,192-97-2,No,No,Yes,,(EC) 2009/1223
Benzo[J]Fluoranthene,205-82-3,No,Yes,Yes,,(EC) 2009/1223
Benzo[K]Fluoranthene,207-08-9,No,Yes,Yes,,(EC) 2009/1223
Benzo[Rst]Pentaphene,189-55-9,No,No,Yes,,(EU) 2021/850
Benzoates Of 4-Hydroxy-3-Methoxycinnamyl Alcohol (Coniferyl Alcohol) Except For Normal Content In Natural Essences Used,,No,No,Yes,,(EC) 2009/1223
Benzophenone,119-61-9,No,No,Yes,,(EU) 2023/1490
"Benzothiazolium, 2-[[4-[Ethyl(2-Hydroxyethyl)Amino]Phenyl]Azo]-6-Methoxy-3-Methyl- And Its Salts, When Used As A Substance In Hair Dye Products",12270-13-2,No,No,Yes,,(EC) 2009/1223
"Benzothiazolium, 2-[[4-[Ethylamino]Phenyl]Azo]-6-Methoxy-3-Methyl- And Its Salts",12270-13-2,No,Yes,No,,
"Benzyl 2,4-Dibromobutanoate",23085-60-1,No,No,Yes,,(EC) 2009/1223
Benzyl 4-Hydroxybenzoate (Inci: Benzylparaben),94-18-8,No,No,Yes,,(EU) 2014/358
Benzyl Butyl Phthalate,85-68-7,No,Yes,No,,"化粧品於製造過程中, 如因所需使用原料或其他因素, 且技術上無法避免, 致含自然殘留微量時, 則其最終製品中所含鄰苯二甲酸酯類成分之殘留量, 不得超過100ppm. "
Benzyl Butyl Phthalate (Bbp),85-68-7,No,No,Yes,,(EC) 2009/1223
"Benzyl Cyanide, When Used As A Fragrance Ingredient",140-29-4,No,No,Yes,,(EC) 2009/1223
"Benzyl(Diethylamino)Diphenylphosphonium 4-[1,1,1,3,3,3-Hexafluoro-2-(4-Hydroxyphenyl)Propan-2-Yl]Phenolate",577705-90-9,No,No,Yes,,(EU) 2025/877
"Benzyltriphenylphosphonium, Salt With 4,4'-[2,2,2-Trifluoro-1-(Trifluoromethyl)Ethylidene]Bis[Phenol] (1:1)",75768-65-9,No,No,Yes,,(EU) 2025/877
Beryllium And Its Compounds,7440-41-7,No,Yes,Yes,,(EC) 2009/1223
Betoxycaine  And Its Salts,3818-62-0,No,Yes,No,,
Betoxycaine (Inn) And Its Salts,3818-62-0,No,No,Yes,,(EC) 2009/1223
Bietamiverine,479-81-2,No,Yes,No,,
Bietamiverine (Inn),479-81-2,No,No,Yes,,(EC) 2009/1223
Bifenthrin (Iso),82657-04-3,No,No,Yes,,(EU) 2019/831
Binapacryl,485-31-4,No,No,Yes,,(EC) 2009/1223
Biphenyl-2-Ylamine,90-41-5,No,No,Yes,,(EC) 2009/1223
"Biphenyl-3,3',4,4'-Tetrayltetraamine",91-95-2,No,No,Yes,,(EU) 2019/831
Biphenyl-4-Ylamine  And Its Salts,92-67-1,No,Yes,No,,
Biphenyl-4-Ylamine (4-Aminobiphenyl) And Its Salts,92-67-1,No,No,Yes,,(EC) 2009/1223
Bis (Chloromethyl) Ether,542-88-1,No,No,Yes,,(EC) 2009/1223
Bis Ether,111-96-6,No,Yes,No,,
Bis Phthalate,"117-81-7, 117-82-8",No,Yes,No,,"化粧品於製造過程中, 如因所需使用原料或其他因素, 且技術上無法避免, 致含自然殘留微量時, 則其最終製品中所含鄰苯二甲酸酯類成分之殘留量, 不得超過100ppm. "
Bis(2-(2-Methoxyethoxy)Ethyl)Ether,143-24-8,No,No,Yes,,(EU) 2021/1902
Bis(2-Chloroethyl) Ether,111-44-4,No,No,Yes,,(EC) 2009/1223
Bis(2-Ethylhexyl) Phthalate,117-81-7,No,No,Yes,,(EC) 2009/1223
Bis(2-Hydroxyanilinium) Sulfate,"95-55-6, 67845-79-8, 51-19-4",No,No,Yes,,(EC) 2013/344
Bis(2-Methoxyethyl) Ether (Dimethoxydiglycol),111-96-6,No,No,Yes,,(EC) 2009/1223
Bis(2-Methoxyethyl) Phthalate,117-82-8,No,No,Yes,,(EC) 2009/1223
"Bis(Cyclopentadienyl)-Bis(2,6-Difluoro-3-(Pyrrol-1-Yl)-Phenyl)Titanium",125051-32-3,No,No,Yes,,(EC) 2009/1223
"Bis(D-Gluconato-O1,O2)Nickel","16083-14-0, 3349-08-4, 39819-65-3, 18721-51-2, 18283-82-4, 22605-92-1, 4454-16-4, 7580-31-6, 93983-68-7, 29317-63-3, 27637-46-3, 84852-37-9, 93920-10-6, 85508-43-6, 85508-44-7, 51818-56-5",No,No,Yes,,(EU) 2019/831
Bis(Hydroxylammonium) Sulfate,"5470-11-1, 10039-54-0",No,No,Yes,,(EU) 2019/831
"Bis(Α,Α-Dimethylbenzyl) Peroxide",,No,No,Yes,,(EU) 2021/1902
Bis- Ether,108-60-1,No,Yes,No,,
Bishydroxyethyl Biscetyl Malonamide,149591-38-8,No,No,Yes,,(EC) 2009/1223
"Bisphenol A (4,4'-Isopropylidenediphenol)",80-05-7,No,No,Yes,,(EC) 2009/1223
Bisphenol Af,1478-61-1,No,No,Yes,,(EU) 2025/877
Bisphenol S,80-09-1,No,No,Yes,,(EU) 2023/1490
Bithionol,97-18-7,No,Yes,No,,
Bithionol (Inn),97-18-7,No,No,Yes,,(EC) 2009/1223
"Borates, Tetraborates, Octaborates And Boric Acid Salts And Esters, Including:","12008-41-2, 12280-03-4, 10377-81-8, 68003-13-4, 12712-38-8, 1332-07-6, 12267-73-1, 13840-56-7, 1303-96-4, 12179-04-3",No,No,Yes,,(EU) 2019/1966
Borax Decahydrate,"12008-41-2, 12280-03-4, 10377-81-8, 68003-13-4, 12712-38-8, 1332-07-6, 12267-73-1, 13840-56-7, 1303-96-4, 12179-04-3",No,No,Yes,,(EU) 2019/1966
Borax Pentahydrate,"12008-41-2, 12280-03-4, 10377-81-8, 68003-13-4, 12712-38-8, 1332-07-6, 12267-73-1, 13840-56-7, 1303-96-4, 12179-04-3",No,No,Yes,,(EU) 2019/1966
Boric Acid,"10043-35-3, 11113-50-1, 10043-35-3/11113-50-1",Yes,Yes,Yes,,Ban Year: 2027 | (EU) 2019/831
"Boric Acid, Sodium Salt","12008-41-2, 12280-03-4, 10377-81-8, 68003-13-4, 12712-38-8, 1332-07-6, 12267-73-1, 13840-56-7, 1303-96-4, 12179-04-3",No,No,Yes,,(EU) 2019/1966
Boric Oxide,1303-86-2,No,No,Yes,,(EU) 2019/831
Bretylium Tosilate,61-75-6,No,Yes,No,,
Bretylium Tosilate (Inn),61-75-6,No,No,Yes,,(EC) 2009/1223
Brodifacoum (Iso),56073-10-0,No,No,Yes,,(EU) 2019/1966
Bromadiolone (Iso),28772-56-7,No,No,Yes,,(EU) 2019/1966
"Bromine, Elemental",7726-95-6,No,No,Yes,,(EC) 2009/1223
Bromisoval,496-67-3,No,Yes,No,,
Bromisoval (Inn),496-67-3,No,No,Yes,,(EC) 2009/1223
Bromoethane (Ethyl Bromide),74-96-4,No,No,Yes,,(EC) 2009/1223
Bromoethylene,593-60-2,No,Yes,No,,
Bromoethylene (Vinyl Bromide),593-60-2,No,No,Yes,,(EC) 2009/1223
Bromoform,75-25-2,No,Yes,No,,
Bromomethane (Methyl Bromide - Iso),74-83-9,No,No,Yes,,(EC) 2009/1223
"Bromoxynil (Iso) 3,5-Dibromo-4-Hydroxybenzonitrile  And Bromoxynil Heptanoate (Iso)","1689-84-5, 56634-95-8",No,No,Yes,,(EC) 2009/1223
Brompheniramine  And Its Salts,86-22-6,No,Yes,No,,
Brompheniramine (Inn) And Its Salts,86-22-6,No,No,Yes,,(EC) 2009/1223
Brucea Javanica  Merr.,,No,Yes,No,,
Brucine,357-57-3,No,No,Yes,,(EC) 2009/1223
Bufo Melanostictus,,No,Yes,No,,
Bunsenite,"1313-99-1, 11099-02-8, 34492-97-2",No,No,Yes,,(EC) 2009/1223
Bupirimate (Iso),41483-43-6,No,No,Yes,,(EU) 2019/1966
"Buta-1,3-Diene, See Also Entries 464-611",106-99-0,No,No,Yes,,(EC) 2009/1223
Butane,106-97-8,No,No,Yes,"Butane | Butane, If It Contains = >0,1 % W/W Butadiene",(EC) 2009/1223
Butanilicaine  And Its Salts,3785-21-5,No,Yes,No,,
Butanilicaine (Inn) And Its Salts,3785-21-5,No,No,Yes,,(EC) 2009/1223
Butopiprine  And Its Salts,55837-15-5,No,Yes,No,,
Butopiprine (Inn) And Its Salts,55837-15-5,No,No,Yes,,(EC) 2009/1223
Butyl Glycidyl Ether,2426-08-6,No,No,Yes,,(EC) 2009/1223
Butylphenyl Methylpropional,80-54-6,Yes,No,Yes,2-(4-Tert-Butylbenzyl) Propionaldehyde | Butylphenyl Methylpropional | Lily Aldehyde,Ban Year: 2027 | (EU) 2021/1902
C.I. 77332,"68186-89-0, 58591-45-0, 12737-30-3, 27016-75-7",No,No,Yes,,(EU) 2019/831
C.I. 77900,68610-24-2,No,No,Yes,,(EU) 2019/831
C.I. Disperse Blue 1,2475-45-8,Yes,No,No,,Ban Year: 2027
C.I. Disperse Blue 3,2475-46-9,Yes,No,No,,Ban Year: 2027
C.I. Pigment Black 25,"68186-89-0, 58591-45-0, 12737-30-3, 27016-75-7",No,No,Yes,,(EU) 2019/831
C.I. Pigment Yellow 157,68610-24-2,No,No,Yes,,(EU) 2019/831
C13-15 Alkane,64742-46-7,No,No,Yes,"C13-15 Alkane | c15-19 alkane | Distillates (Petroleum), Hydrotreated Middle, Except If The Full Refining History Is Known And It Can Be Shown That The Substance From Which It Is Produced Is Not A Carcinogen",(EC) 2009/1223
Ca Phenates (Branched C10-14 And C18-30 Alkylated),,No,No,Yes,,(EU) 2019/831
Ca Sulfurised Phenates (Branched C10-14 And C18-30 Alkylated),,No,No,Yes,,(EU) 2019/831
Cadmium And Its Compounds,7440-43-9,No,Yes,Yes,,"化粧品於製造過程中, 如因所需使用原料或其他因素, 且技術上無法避免, 致含自然殘留微量時, 則其最終製品中所含不純物重金屬鎘之殘留量, 不得超過5ppm.  | (EC) 2009/1223"
Cadmium Carbonate,513-78-0,No,No,Yes,,(EU) 2019/831
Cadmium Dihydroxide,21041-95-2,No,No,Yes,,(EU) 2019/831
Cadmium Dinitrate,10325-94-7,No,No,Yes,,(EU) 2019/831
Cadmium Hydroxide,21041-95-2,No,No,Yes,,(EU) 2019/831
Cadmium Nitrate,10325-94-7,No,No,Yes,,(EU) 2019/831
Calcium 3-Hydroxy-4-[(1-Sulphonato-2-Naphthyl)Azo]-2-Naphthoate (Pigment Red 63:1,6417-83-0,No,No,Yes,,(EC) 2013/344
"Cantharides, Cantharis Vesicatoria",92457-17-5,No,Yes,Yes,,"Cantharides tincture 用於髮類產品之規定, 應參考化粧品成分使用限制表.  | (EC) 2009/1223"
Cantharidine,56-25-7,No,Yes,Yes,,(EC) 2009/1223
Captafol,2425-06-1,No,Yes,Yes,,(EC) 2009/1223
Captan (Iso),133-06-2,No,No,Yes,,(EC) 2009/1223
Captodiame,486-17-9,No,Yes,No,,
Captodiame (Inn),486-17-9,No,No,Yes,,(EC) 2009/1223
Caramiphen  And Its Salts,77-22-5,No,Yes,No,,
Caramiphen (Inn) And Its Salts,77-22-5,No,No,Yes,,(EC) 2009/1223
Carbadox,6804-07-5,No,No,Yes,,(EC) 2009/1223
Carbanonitril,420-04-2,No,No,Yes,,(EU) 2019/831
Carbaryl (Iso),63-25-2,No,No,Yes,,(EC) 2009/1223
Carbendazim,10605-21-7,No,No,Yes,,(EC) 2009/1223
Carbetamide (Iso),16118-49-3,No,No,Yes,,(EU) 2019/831
Carbon Disulfide,75-15-0,No,Yes,No,,
Carbon Disulphide,75-15-0,No,No,Yes,,(EC) 2009/1223
Carbon Monoxide,630-08-0,No,No,Yes,,(EC) 2009/1223
Carbon Tetrachloride,56-23-5,No,Yes,Yes,,(EC) 2009/1223
"Carbonic Acid, Nickel (2+) Salt","3333-67-3, 16337-84-1, 65405-96-1, 12607-70-4",No,No,Yes,,(EC) 2009/1223
"Carbonic Acid, Nickel Salt","3333-67-3, 16337-84-1, 65405-96-1, 12607-70-4",No,No,Yes,,(EC) 2009/1223
Carbromal,77-65-6,No,Yes,No,,
Carbromal (Inn),77-65-6,No,No,Yes,,(EC) 2009/1223
Carbutamide,339-43-5,No,Yes,No,,
Carbutamide (Inn),339-43-5,No,No,Yes,,(EC) 2009/1223
Carisoprodol,78-44-4,No,Yes,No,,
Carisoprodol (Inn),78-44-4,No,No,Yes,,(EC) 2009/1223
Catalase,9001-05-2,No,No,Yes,,(EC) 2009/1223
"Category 1 Material And Category 2 Material As Defined In Articles 4 And 5 Respectively Of Regulation (Ec) No 1774/2002 Of The European Parliament And Of The Council (3), And Ingredients Derived Therefrom",,No,No,Yes,,(EC) 2009/1223
Catharanthus Roseus  G. Don,,No,Yes,No,,
"Cells, Tissues Or Products Of Human Origin",,No,Yes,Yes,,"經中央主管機關就個別業者之各別外泌體個案審查通過者, 不在此限 註.  | (EC) 2009/1223"
Cephaeline And Its Salts,483-17-0,No,No,Yes,,(EC) 2009/1223
Cerbera Manghas L.,,No,Yes,No,,
Chenopodium Ambrosioides L.,8006-99-3,No,Yes,No,,
Chenopodium Ambrosioides L. (Essential Oil),8006-99-3,No,No,Yes,,(EC) 2009/1223
Chinomethionate,2439-01-2,No,No,Yes,,(EC) 2009/1223
"Chlordane, Pur",57-74-9,No,Yes,Yes,,(EC) 2009/1223
Chlordecone,143-50-0,No,Yes,Yes,,(EC) 2009/1223
Chlordimeform (Iso),6164-98-3,No,No,Yes,,(EC) 2009/1223
Chlorine,7782-50-5,No,Yes,Yes,,(EC) 2009/1223
Chlormethine  And Its Salts,51-75-2,No,Yes,No,,
Chlormethine (Inn) And Its Salts,51-75-2,No,No,Yes,,(EC) 2009/1223
Chlormezanone,80-77-3,No,Yes,No,,
Chlormezanone (Inn),80-77-3,No,No,Yes,,(EC) 2009/1223
Chloro-1-Ethylcyclohexyl Carbonate,99464-83-2,No,No,Yes,,(EU) 2019/831
"Chloro-N,N-Dimethylformiminium Chloride",3724-43-4,No,No,Yes,,(EU) 2019/831
Chloroacetaldehyde,107-20-0,No,No,Yes,,(EC) 2009/1223
Chloroacetamide,79-07-2,No,Yes,No,,
Chlorobenzene,108-90-7,No,Yes,No,,
Chlorobenzilate,510-15-6,No,Yes,No,,
Chloroethane,75-00-3,No,Yes,Yes,,(EC) 2009/1223
Chlorofluorocarbons,,No,Yes,No,,
Chloroform,67-66-3,No,Yes,Yes,,(EC) 2009/1223
Chloromethane,74-87-3,No,Yes,No,,
Chloromethane (Methyl Chloride),74-87-3,No,No,Yes,,(EC) 2009/1223
Chloromethyl Methyl Ether,107-30-2,No,Yes,Yes,,(EC) 2009/1223
Chlorophene,120-32-1,No,No,Yes,,(EU) 2019/831
Chloroprene (Stabilized),126-99-8,No,No,Yes,,(EC) 2009/1223
Chloroprene ;,126-99-8,No,Yes,No,,
Chlorothalonil,1897-45-6,No,Yes,Yes,,(EC) 2009/1223
Chlorotoluron,15545-48-9,No,No,Yes,,(EC) 2009/1223
Chlorphenoxamine,77-38-3,No,Yes,No,,
Chlorphenoxamine (Inn),77-38-3,No,No,Yes,,(EC) 2009/1223
Chlorpropamide,94-20-2,No,Yes,No,,
Chlorpropamide (Inn),94-20-2,No,No,Yes,,(EC) 2009/1223
Chlorpropham (Iso),101-21-3,No,No,Yes,,(EU) 2019/831
Chlorprothixene  And Its Salts,113-59-7,No,Yes,No,,
Chlorprothixene (Inn) And Its Salts,113-59-7,No,No,Yes,,(EC) 2009/1223
Chlortalidone,77-36-1,No,Yes,No,,
Chlortalidone (Inn),77-36-1,No,No,Yes,,(EC) 2009/1223
Chlorzoxazone,95-25-0,No,Yes,No,,
Chlorzoxazone (Inn),95-25-0,No,No,Yes,,(EC) 2009/1223
Chlozolinate (Iso),84332-86-5,No,No,Yes,,(EC) 2009/1223
Choline Salts And Their Esters E.G. Choline Chloride (Inn),67-48-1,No,No,Yes,,(EC) 2009/1223
"Choline Salts And Their Esters, E. G. Choline Chloride",67-48-1,No,Yes,No,,
Chromated Copper Arsenate,37337-13-6,No,Yes,No,,
Chromic Acid And Its Salts,7440-47-3,No,No,Yes,,(EC) 2009/1223
Chromium,7440-47-3,No,No,Yes,,(EC) 2009/1223
Chromium; Chromic Acid And Its Salts,7440-47-3,No,Yes,No,,化粧品色素成分使用限制表中另有規定者除外. 
Chrysene,218-01-9,No,Yes,Yes,,(EC) 2009/1223
Ci 10020) When Used As A Substance In Hair Dye Products,19381-50-1,No,No,Yes,,(EC) 2013/344
"Ci 11920) And Its Salts, When Used As A Substance In Hair Dye Products",2051-85-6,No,No,Yes,,(EC) 2013/344
"Ci 12010) And Its Salts, When Used As A Substance In Hair Dye Products",6535-42-8,No,No,Yes,,(EC) 2013/344
Ci 12085) And Its Salts When Used As A Substance In Hair Dye Products,2814-77-9,No,No,Yes,,(EC) 2013/344
Ci 12370) And Its Salts When Used As A Substance In Hair Dye Products,6535-46-2,No,No,Yes,,(EC) 2013/344
Ci 12490) And Its Salts When Used As A Substance In Hair Dye Products,6410-41-9,No,No,Yes,,(EC) 2013/344
Ci 14270) (Cas 547-57-9,"2050-34-2, 547-57-9",No,No,Yes,,(EC) 2013/344
Ci 14700,4548-53-2,No,No,Yes,"Disodium 3-[(2,4-Dimethyl-5-Sulphonatophenyl)Azo]-4-Hydroxynaphthalene-1-Sulphonate (Ponceaux Sx | Ci 14700) When Used As A Substance In Hair Dye Products | Ci 14700",(EC) 2013/344
Ci 15800)  When Used As A Substance In Hair Dye Products,"27757-79-5, 6371-76-2",No,No,Yes,,(EC) 2013/344
Ci 15865) When Used As A Substance In Hair Dye Products,3564-21-4,No,No,Yes,,(EC) 2013/344
Ci 15880) When Used As A Substance In Hair Dye Products,6417-83-0,No,No,Yes,,(EC) 2013/344
Ci 16185) When Used As A Substance In Hair Dye Products,915-67-3,No,No,Yes,,(EC) 2013/344
Ci 21100) When Used As A Substance In Hair Dye Products,5102-83-0,No,No,Yes,,(EC) 2013/344
Ci 21230) When Used As A Substance In Hair Dye Products,6706-82-7,No,No,Yes,,(EC) 2013/344
Ci 26100) When Used As A Substance In Hair Dye Products,85-86-9,No,No,Yes,,(EC) 2013/344
Ci 27755) When Used As A Substance In Hair Dye Products,2118-39-0,No,No,Yes,,(EC) 2013/344
Ci 42045) When Used As A Substance In Hair Dye Products,129-17-9,No,No,Yes,,(EC) 2013/344
Ci 42051) When Used As A Substance In Hair Dye Products,3536-49-0,No,No,Yes,,(EC) 2013/344
Ci 42053) When Used As A Substance In Hair Dye Products,2353-45-9,No,No,Yes,,(EC) 2013/344
Ci 42510) (Cas 632-99-5,"3248-93-9, 632-99-5",No,No,Yes,,(EC) 2013/344
Ci 44045) When Used As A Substance In Hair Dye Products,2580-56-5,No,No,Yes,,(EC) 2013/344
Ci 45190) When Used As A Substance In Hair Dye Products,"10213-95-3, 6252-76-2",No,No,Yes,,(EC) 2013/344
"Ci 45350), When Used As A Substance In Hair Dye Products","2321-07-5, 518-47-8",No,No,Yes,,(EC) 2013/344
Ci 45380) And Its Aluminium Salt (Pigment Red 90:1 Aluminium Lake) When Used As A Substance In Hair Dye Products,"15086-94-9, 17372-87-1, 15876-39-8",No,No,Yes,,(EC) 2013/344
Ci 45425) When Used As A Substance In Hair Dye Products,"38577-97-8, 33239-19-9",No,No,Yes,,(EC) 2013/344
Ci 45430) And Its Aluminium Salt (Pigment Red 172 Aluminium Lake) When Used As A Substance In Hair Dye Products,"15905-32-5, 16423-68-0, 12227-78-0",No,No,Yes,,(EC) 2013/344
Ci 47000) When Used As A Substance In Hair Dye Products,8003-22-3,No,No,Yes,,(EC) 2013/344
Ci 51319) When Used As A Substance In Hair Dye Products,6358-30-1,No,No,Yes,,(EC) 2013/344
Ci 58000) When Used As A Substance In Hair Dye Products,72-48-0,No,No,Yes,,(EC) 2013/344
Ci 59040) When Used As A Substance In Hair Dye Products,6358-69-6,No,No,Yes,,(EC) 2013/344
Ci 60725) When Used As A Substance In Hair Dye Products,81-48-1,No,No,Yes,,(EC) 2013/344
Ci 61565) When Used As A Substance In Hair Dye Products,128-80-3,No,No,Yes,,(EC) 2013/344
Ci 73360) When Used As A Substance In Hair Dye Products,2379-74-0,No,No,Yes,,(EC) 2013/344
Ci 73900) When Used As A Substance In Hair Dye Products,1047-16-1,No,No,Yes,,(EC) 2013/344
Ci 74160) When Used As A Substance In Hair Dye Products,147-14-8,No,No,Yes,,(EC) 2013/344
Ci 74180) When Used As A Substance In Hair Dye Products,1330-38-7,No,No,Yes,,(EC) 2013/344
Ci 74260) When Used As A Substance In Hair Dye Products,1328-53-6,No,No,Yes,,(EC) 2013/344
Ci Acid Black 131 And Its Salts,12219-01-1,No,Yes,No,,
"Ci Acid Black 131 And Its Salts, When Used As A Substance In Hair Dye Products",12219-01-1,No,No,Yes,,(EC) 2009/1223
Ci Solvent Yellow 14,842-07-9,No,No,Yes,,(EC) 2009/1223
Cinchocaine  And Its Salts,85-79-0,No,Yes,No,,
Cinchocaine (Inn) And Its Salts,85-79-0,No,No,Yes,,(EC) 2009/1223
"Cinchophen (Inn), Its Salts, Derivatives And Salts Of These Derivatives","132-60-5, 5949-18-8",No,No,Yes,,(EC) 2009/1223
"Cinchophen , Its Salts, Derivatives And Salts Of These Derivatives",132-60-5/5949-18-8,No,Yes,No,,
Cinidon Ethyl (Iso),142891-20-1,No,No,Yes,,(EU) 2019/831
"Cis-1-(3-Chlorallyl)-3,5,7-Triaza-1-Azoniaadamantane Chloride (Cis-Ctac), Quaternium-15",51229-78-8,No,No,Yes,,(EU) 2019/831
"Cis-1-(3-Chloroallyl)-3,5,7- Triaza-1-Azoniaadamantane Chloride (Cis-Ctac)",51229-78-8,No,No,Yes,,(EU) 2019/831
"Citric Acid, Ammonium Nickel Salt","16083-14-0, 3349-08-4, 39819-65-3, 18721-51-2, 18283-82-4, 22605-92-1, 4454-16-4, 7580-31-6, 93983-68-7, 29317-63-3, 27637-46-3, 84852-37-9, 93920-10-6, 85508-43-6, 85508-44-7, 51818-56-5",No,No,Yes,,(EU) 2019/831
"Citric Acid, Nickel Salt","16083-14-0, 3349-08-4, 39819-65-3, 18721-51-2, 18283-82-4, 22605-92-1, 4454-16-4, 7580-31-6, 93983-68-7, 29317-63-3, 27637-46-3, 84852-37-9, 93920-10-6, 85508-43-6, 85508-44-7, 51818-56-5",No,No,Yes,,(EU) 2019/831
"Clarified Oils (Petroleum), Catalytic Cracked",64741-62-4,No,No,Yes,,(EC) 2009/1223
"Clarified Oils (Petroleum), Hydrodesulfurized Catalytic Cracked",68333-26-6,No,No,Yes,,(EC) 2009/1223
"Claviceps Purpurea Tul., Its Alkaloids And Galenical Preparations",84775-56-4,No,Yes,Yes,,(EC) 2009/1223
Clematis Chinensis Osbeck,,No,Yes,No,,
Clofenamide,671-95-4,No,Yes,No,,
Clofenamide (Inn),671-95-4,No,No,Yes,,(EC) 2009/1223
Clofenotane (Inn),50-29-3,No,No,Yes,,(EC) 2009/1223
Clofenotane ; Ddt,50-29-3,No,Yes,No,,
Clorofene,120-32-1,No,No,Yes,,(EU) 2019/831
Clothianidin (Iso),210880-92-5,No,No,Yes,,(EU) 2025/877
"Coal Liquids, Liq. Solvent Extn. Soln., If They Contain > 0,005 % W/W Benzo[A]Pyrene",94114-47-3,No,No,Yes,,(EC) 2009/1223
"Coal Liquids, Liq. Solvent Extn., If They Contain > 0.005 % W/W Benzo[A]Pyrene",94114-48-4,No,No,Yes,,(EC) 2009/1223
Coal Tars,8007-45-2,No,Yes,No,,
Cobalt,7440-48-4,No,No,Yes,,(EU) 2021/850
Cobalt Benzenesulphonate,23384-69-2,No,Yes,Yes,,(EC) 2009/1223
Cobalt Carbonate,513-79-1,No,No,Yes,,(EU) 2019/831
Cobalt Di(Acetate),71-48-7,No,No,Yes,,(EU) 2019/831
Cobalt Dichloride,7646-79-9,No,Yes,Yes,,(EC) 2009/1223
Cobalt Dimolybdenum Nickel Octaoxide,"12004-35-2, 12035-39-1, 12653-76-8, 52502-12-2, 68016-03-5, 70692-93-2, 14177-55-0, 14177-51-6, 68515-84-4, 12031-65-1, 12673-58-4",No,No,Yes,,(EU) 2019/831
Cobalt Dinitrate,10141-05-6,No,No,Yes,,(EU) 2019/831
Cobalt Lithium Nickel Oxide,,No,No,Yes,,(EU) 2019/831
Cobalt Nickel Dioxide,"68186-89-0, 58591-45-0, 12737-30-3, 27016-75-7",No,No,Yes,,(EU) 2019/831
Cobalt Nickel Gray Periclase,"68186-89-0, 58591-45-0, 12737-30-3, 27016-75-7",No,No,Yes,,(EU) 2019/831
Cobalt Nickel Oxide,"68186-89-0, 58591-45-0, 12737-30-3, 27016-75-7",No,No,Yes,,(EU) 2019/831
Cobalt Sulphate,10124-43-3,No,Yes,Yes,,(EC) 2009/1223
"Colchicin, Its Salts And Derivatives",64-86-8,No,Yes,No,,
"Colchicine, Its Salts And Derivatives",64-86-8,No,No,Yes,,(EC) 2009/1223
Colchicoside And Its Derivatives,477-29-2,No,No,Yes,,(EC) 2009/1223
Colchicum Autumnale L. And Its Galenical Preparations,84696-03-7,No,Yes,Yes,,(EC) 2009/1223
Colloidal Copper (Nano) [Inci],7440-50-8,No,No,Yes,,(EU) 2024/858
"Colouring Agent Ci 12075 (Pigment Orange 5) And Its Lakes, Pigments And Salts",3468-63-1,No,No,Yes,,(EC) 2009/1223
Colouring Agent Ci 12140,3118-97-6,No,No,Yes,,(EC) 2009/1223
Colouring Agent Ci 13065,587-98-4,No,No,Yes,,(EC) 2009/1223
Colouring Agent Ci 15585,"2092-56-0, 5160-02-1",No,No,Yes,,(EC) 2009/1223
Colouring Agent Ci 26105 (Solvent Red 24),85-83-6,No,No,Yes,,(EC) 2009/1223
Colouring Agent Ci 42535 (Basic Violet 1),8004-87-3,No,No,Yes,,(EC) 2009/1223
"Colouring Agent Ci 42640 ([4-[[4-(Dimethylamino)Phenyl][4-[Ethyl(3-Sulphonatobenzyl)Amino]Phenyl]Methylene]Cyclohexa-2,5-Dien-1-Ylidene](Ethyl)(3-Sulphonatobenzyl)Ammonium, Sodium Salt)",1694-09-3,No,No,Yes,,(EC) 2009/1223
"Colouring Agent Ci 45170, Colouring Agent Ci 45170:1 (Basic Violet 10)","81-88-9, 509-34-2",No,No,Yes,,(EC) 2009/1223
Colouring Agent Ci 61554 (Solvent Blue 35),17354-14-2,No,No,Yes,,(EC) 2009/1223
Coniine,458-88-8,No,No,Yes,,(EC) 2009/1223
Conium Maculatum L.,85116-75-2,No,Yes,No,,
"Conium Maculatum L. (Fruit, Powder, Galenical Preparations)",85116-75-2,No,No,Yes,,(EC) 2009/1223
Convallaria Majalis L.,,No,Yes,No,,
Convallatoxin,508-75-8,No,No,Yes,,(EC) 2009/1223
Copper (Nano) [Inci],7440-50-8,No,No,Yes,,(EU) 2024/858
Coriaria Sinica Maxim.,,No,Yes,No,,
Costus Root Oil,8023-88-9,No,Yes,No,,
"Costus Root Oil (Saussurea Lappa Clarke), When Used As A Fragrance Ingredient",8023-88-9,No,No,Yes,,(EC) 2009/1223
Coumatetralyl (Iso),5836-29-3,No,No,Yes,,(EU) 2019/1966
Coumetarol,4366-18-1,No,Yes,No,,
Coumetarol (Inn),4366-18-1,No,No,Yes,,(EC) 2009/1223
"Creosote Oil, Acenaphthene Fraction, Acenaphthene-Free, If It Contains > 0.005 % W/W Benzo[A]Pyrene",90640-85-0,No,No,Yes,,(EC) 2009/1223
"Creosote Oil, Acenaphthene Fraction, Wash Oil, If It Contains > 0.005 % W/W Benzo[A]Pyrene",90640-84-9,No,No,Yes,,(EC) 2009/1223
"Creosote Oil, High-Boiling Distillate, Wash Oil, If It Contains > 0.005 % W/W Benzo[A]Pyrene",70321-79-8,No,No,Yes,,(EC) 2009/1223
"Creosote Oil, If It Contains > 0.005 % W/W Benzo[A]Pyrene",61789-28-4,No,No,Yes,,(EC) 2009/1223
"Creosote Oil, Low-Boiling Distillate, Wash Oil, If It Contains > 0.005 % W/W Benzo[A]Pyrene",70321-80-1,No,No,Yes,,(EC) 2009/1223
"Creosote, If It Contains > 0.005 % W/W Benzo[A]Pyrene",8001-58-9,No,Yes,Yes,,(EC) 2009/1223
Crocidolite,12001-28-4,No,No,Yes,,(EC) 2009/1223
Crotalaria Sessiliflora L.,,No,Yes,No,,
Croton Tiglium L.,8001-28-3,No,Yes,No,,
Croton Tiglium L. (Oil),8001-28-3,No,No,Yes,,(EC) 2009/1223
Crotonaldehyde,"4170-30-3, 123-73-9",No,Yes,Yes,,(EC) 2009/1223
Crude And Refined Coal Tars,8007-45-2,No,No,Yes,,(EC) 2009/1223
Cumene,98-82-8,No,No,Yes,,(EU) 2023/1490
Curare And Curarine,"8063-06-7, 22260-42-0",No,No,Yes,,(EC) 2009/1223
Cyanamide,420-04-2,No,No,Yes,,(EU) 2019/831
Cyanazine,21725-46-2,No,Yes,No,,
"Cyclamen Alcohol, When Used As A Fragrance Ingredient",4756-19-8,No,No,Yes,,(EC) 2009/1223
Cyclarbamate,5779-54-4,No,Yes,No,,
Cyclarbamate (Inn),5779-54-4,No,No,Yes,,(EC) 2009/1223
"Cyclic 3-(1,2-Ethanediylacetale)-Estra-5(10),9(11)-Diene-3,17-Dione",5571-36-8,No,No,Yes,,(EU) 2019/831
Cyclizine  And Its Salts,82-92-8,No,Yes,No,,
Cyclizine (Inn) And Its Salts,82-92-8,No,No,Yes,,(EC) 2009/1223
Cycloheximide,66-81-9,No,No,Yes,,(EC) 2009/1223
Cyclohexylamine,108-91-8,Yes,No,Yes,,Ban Year: 2027 | (EU) 2019/831
Cyclomenol  And Its Salts,5591-47-9,No,Yes,No,,
Cyclomenol (Inn) And Its Salts,5591-47-9,No,No,Yes,,(EC) 2009/1223
Cyclophosphamide  And Its Salts,50-18-0,No,Yes,No,,
Cyclophosphamide (Inn) And Its Salts,50-18-0,No,No,Yes,,(EC) 2009/1223
Cyclotetrasiloxane,556-67-2,Yes,No,Yes,Octamethylcyclotetrasiloxane | D4 | Cyclotetrasiloxane,Ban Year: 2027 | (EU) 2019/831
Cycloxydim (Iso),101205-02-1,No,No,Yes,,(EU) 2019/831
Cyflumetofen (Iso),400882-07-7,No,No,Yes,,(EU) 2021/850
Cyhexatin,13121-70-5,No,Yes,No,,
Cymoxanil (Iso),"57966-95-7, 166900-80-7",No,No,Yes,,(EU) 2025/877
Cyproconazole (Iso),94361-06-5,No,No,Yes,,(EU) 2019/831
Daminozide,1596-84-5,No,Yes,Yes,,(EC) 2009/1223
Daphnis Genkwa Flos,,No,Yes,No,,
Datura Stramonium L. And Its Galenical Preparations,84696-08-2,No,Yes,Yes,,(EC) 2009/1223
Daturae Flos,,No,Yes,No,,
Ddt (Iso),50-29-3,No,No,Yes,,(EC) 2009/1223
Deanol Aceglumate,3342-61-8,No,Yes,No,,
Deanol Aceglumate (Inn),3342-61-8,No,No,Yes,,(EC) 2009/1223
"Decamethylenebis Salts, E. G. Decamethonium Bromide",541-22-0,No,Yes,No,,
"Decamethylenebis(Trimethylammonium) Salts, E.G. Decamethonium Bromide (Inn)","156-74-1, 541-22-0, 1420-40-2, 3198-38-7",No,No,Yes,,(EC) 2009/1223
Degme),111-77-3,No,No,Yes,,(EC) 2009/1223
Derris Trifoliata Lour.,,No,Yes,No,,
Desmedipham (Iso),13684-56-5,No,No,Yes,,(EU) 2022/1531
Dextromethorphan  And Its Salts,125-71-3,No,Yes,No,,
Dextromethorphan (Inn) And Its Salts,125-71-3,No,No,Yes,,(EC) 2009/1223
Di-Allate,2303-16-4,No,No,Yes,,(EC) 2009/1223
"Di-C6-8-Branched Alkylesters, C7-Rich",71888-89-6,No,No,Yes,,(EU) 2019/831
Di-N-Octyl Phthalate,117-84-0,No,Yes,No,,"化粧品於製造過程中, 如因所需使用原料或其他因素, 且技術上無法避免, 致含自然殘留微量時, 則其最終製品中所含鄰苯二甲酸酯類成分之殘留量, 不得超過100ppm. "
Di-N-Pentyl Phthalate,"84777-06-0, 776297-69-9, 131-18-0, 605-50-5",No,No,Yes,,(EC) 2009/1223
Di-Tert-Butyl Peroxide,110-05-4,No,No,Yes,,(EU) 2019/831
Diacetylnalorphine,2748-74-5,No,No,Yes,,(EC) 2009/1223
Dialuminium Nickel Tetraoxide,"12004-35-2, 12035-39-1, 12653-76-8, 52502-12-2, 68016-03-5, 70692-93-2, 14177-55-0, 14177-51-6, 68515-84-4, 12031-65-1, 12673-58-4",No,No,Yes,,(EU) 2019/831
Diaminobenzidine,91-95-2,No,No,Yes,,(EU) 2019/831
Diaminotoluene,"25376-45-8, 95-80-7, 823-40-5",No,No,Yes,,(EC) 2009/1223
"Diaminotoluene, Methyl-Phenylenediamine, Technical Product-Reaction Mass Of [4-Methyl-M-Phenylenediamine And 2-Methyl-M-Phenylenediamine]",,No,No,Yes,,(EU) 2019/1966
"Diammonium 1-Hydroxy-2-(4-(4-Carboxyphenylazo)-2,5-Dimethoxyphenylazo)-7-Amino-3-Naphthalenesulfonate",150202-11-2,No,No,Yes,,(EU) 2019/831
"Diammonium 3-((4-((7-Amino-1-Hydroxy-3-Sulfo-Naphthalen-2-Yl)Azo)-2,5-Diethoxyphenyl)Azo)Benzoate",163879-69-4,No,No,Yes,,(EU) 2019/831
Diammonium Nickel Bis(Sulfate),"13842-46-1, 15699-18-0",No,No,Yes,,(EU) 2019/831
Diammonium Nickel Hexacyanoferrate,74195-78-1,No,No,Yes,,(EU) 2019/831
Diazomethane,334-88-3,No,No,Yes,,(EC) 2009/1223
"Dibenz[A,H]Anthracene",53-70-3,No,Yes,Yes,,(EC) 2009/1223
"Dibenzo[A,H]Pyrene",189-64-0,No,No,Yes,,(EU) 2021/850
"Dibenzo[A,L]Pyrene",191-30-0,No,No,Yes,,(EU) 2021/1902
"Dibenzo[B,Def]Chrysene",189-64-0,No,No,Yes,,(EU) 2021/850
"Dibenzo[Def,P]Chrysene",191-30-0,No,No,Yes,,(EU) 2021/1902
Dibenzofuran,132-64-9,No,Yes,No,,
Diboron Trioxide,1303-86-2,No,No,Yes,,(EU) 2019/831
Dibromomethane,74-95-3,No,Yes,No,,
Dibromosalicylanilides,,No,No,Yes,,(EC) 2009/1223
Dibutyl Phthalate,84-74-2,Yes,Yes,Yes,,"Ban Year: 2025 | 化粧品於製造過程中, 如因所需使用原料或其他因素, 且技術上無法避免, 致含自然殘留微量時, 則其最終製品中所含鄰苯二甲酸酯類成分之總殘留量, 不得超過100ppm.  | (EC) 2009/1223"
Dibutyl[Bis(Dodecanoyloxy)] Stannane,77-58-7,No,No,Yes,,(EU) 2019/831
"Dibutylbis(Pentane-2,4- Dionato-O,O')Tin",22673-19-4,No,No,Yes,,(EU) 2021/850
Dibutyltin Bis(2-Ethylhexanoate),2781-10-4,No,No,Yes,,(EU) 2023/1490
Dibutyltin Di(Acetate),1067-33-0,No,No,Yes,,(EU) 2023/1490
Dibutyltin Dichloride,683-18-1,No,No,Yes,,(EU) 2019/831
Dibutyltin Dilaurate,77-58-7,No,No,Yes,,(EU) 2019/831
Dibutyltin Hydrogen Borate,75113-37-0,No,No,Yes,,(EU) 2019/831
Dibutyltin Maleate,78-04-6,No,No,Yes,,(EU) 2025/877
Dibutyltin Oxide,818-08-6,No,No,Yes,,(EU) 2025/877
Dichlorodioctylstannane,3542-36-7,No,No,Yes,,(EU) 2021/1902
"Dichloroethanes  E.G. 1,2-Dichloroethane",107-06-2,No,Yes,No,,
"Dichloroethanes (Ethylene Chlorides) E.G. 1,2-Dichloroethane",107-06-2,No,No,Yes,,(EC) 2009/1223
"Dichloroethylenes (Acetylene Chlorides) E.G. Vinylidene Chloride (1,1-Dichloroethylene)",75-35-4,No,No,Yes,,(EC) 2009/1223
Dichloromethane,75-09-2,No,Yes,Yes,,(EU) 2019/831
Dichlorophen,97-23-4,No,Yes,No,,
Dichlorosalicylanilides,1147-98-4,No,No,Yes,,(EC) 2009/1223
Dicoumarol,66-76-2,No,Yes,No,,
Dicoumarol (Inn),66-76-2,No,No,Yes,,(EC) 2009/1223
Dicyclohexyl Phthalate,84-61-7,No,No,Yes,,(EU) 2019/1966
Dieldrin,60-57-1,No,Yes,No,,
Dieldrin (Iso),60-57-1,No,No,Yes,,(EC) 2009/1223
Diethanolamine Perfluorooctane Sulfonate,"70225-14-8, 1763-23-1, 2795-39-3, 29081-56-9, 29457-72-5",Yes,No,Yes,,Ban Year: 2025 | (EU) 2019/831
Diethyl (2-(Hydroxymethylcarbamoyl)Ethyl)Phosphonate,,No,No,Yes,,(EU) 2019/831
Diethyl 4-Nitrophenyl Phosphate (Paraoxon - Iso),311-45-5,No,No,Yes,,(EC) 2009/1223
"Diethyl Maleate, When Used As A Fragrance Ingredient",141-05-9,No,No,Yes,,(EC) 2009/1223
Diethyl Sulfate,64-67-5,No,Yes,No,,
Diethyl Sulphate,64-67-5,No,No,Yes,,(EC) 2009/1223
Diethylcarbamoyl-Chloride,88-10-8,No,No,Yes,,(EC) 2009/1223
Diethylene Glycol,111-46-6,No,Yes,No,,"化粧品於製造過程中, 如因所需使用之原料或其他因素, 且技術上無法避免, 致含自然殘留微量時, 則其最終製品中所含二甘醇(diethylene glycol)之殘留量, 不得超過1000ppm. "
Diethylene Glycol (Deg),111-46-6,No,No,Yes,,(EC) 2013/344
Diethylhexyl Phthalate,117-81-7,Yes,No,No,,Ban Year: 2025
Difenacoum (Iso),56073-07-5,No,No,Yes,,(EU) 2019/1966
Difencloxazine,5617-26-5,No,Yes,No,,
Difencloxazine (Inn),5617-26-5,No,No,Yes,,(EC) 2009/1223
Difenoconazole (Iso),119446-68-3,No,No,Yes,,(EU) 2025/877
Difethialone (Iso),104653-34-1,No,No,Yes,,(EU) 2019/1966
Digitaline And All Heterosides Of Digitalis Purpurea L.,752-61-4,No,Yes,Yes,,(EC) 2009/1223
Dihexyl Phthalate,84-75-3,No,No,Yes,,(EU) 2019/831
Dihydrotachysterol,67-96-9,No,Yes,No,,
Dihydrotachysterol (Inn),67-96-9,No,No,Yes,,(EC) 2009/1223
Diisobutyl Phthalate,84-69-5,No,No,Yes,,(EU) 2019/831
Diisohexyl Phthalate,71850-09-4,No,No,Yes,,(EU) 2021/850
Diisooctyl Phthalate,27554-26-3,No,No,Yes,,(EU) 2021/1902
Diisopentylphthalate,"84777-06-0, 776297-69-9, 131-18-0, 605-50-5",No,No,Yes,,(EC) 2009/1223
Dimethomorph (Iso),110488-70-5,No,No,Yes,,(EU) 2022/1531
"Dimethyl Citraconate, When Used As A Fragrance Ingredient",617-54-9,No,No,Yes,,(EC) 2009/1223
Dimethyl Propyleneurea,7226-23-5,No,No,Yes,,(EU) 2019/831
Dimethyl Propylphosphonate,18755-43-6,No,No,Yes,,(EU) 2025/877
Dimethyl Sulfate,77-78-1,No,Yes,No,,
Dimethyl Sulfoxide,67-68-5,No,Yes,No,,
Dimethyl Sulfoxide (Inn),67-68-5,No,No,Yes,,(EC) 2009/1223
Dimethyl Sulphate,77-78-1,No,No,Yes,,(EC) 2009/1223
Dimethylamine,124-40-3,No,No,Yes,,(EC) 2009/1223
Dimethylcarbamoyl Chloride,79-44-7,No,Yes,Yes,,(EC) 2009/1223
Dimethylformamide,68-12-2,No,Yes,No,,
"Dimethylformamide (N,N-Dimethylformamide)",68-12-2,No,No,Yes,,(EC) 2009/1223
Dimethylhexanoic Acid Nickel Salt,"16083-14-0, 3349-08-4, 39819-65-3, 18721-51-2, 18283-82-4, 22605-92-1, 4454-16-4, 7580-31-6, 93983-68-7, 29317-63-3, 27637-46-3, 84852-37-9, 93920-10-6, 85508-43-6, 85508-44-7, 51818-56-5",No,No,Yes,,(EU) 2019/831
Dimethylsulphamoyl-Chloride,13360-57-1,No,No,Yes,,(EC) 2009/1223
Dimethyltin Dichloride,753-73-1,No,No,Yes,,(EU) 2019/831
Dimevamide  And Its Salts,60-46-8,No,Yes,No,,
Dimevamide (Inn) And Its Salts,60-46-8,No,No,Yes,,(EC) 2009/1223
Dimoxystrobin (Iso),149961-52-4,No,No,Yes,,(EU) 2019/831
Dinickel Boride,"12007-00-0, 12007-01-1, 12007-02-2, 12619-90-8, 12059-14-2, 12201-89-7, 12035-64-2, 65229-23-4",No,No,Yes,,(EU) 2019/831
Dinickel Diphosphate,"14332-34-4, 18718-11-1, 10381-36-9, 14448-18-1, 14507-36-9, 36026-88-7, 17169-61-8, 19372-20-4",No,No,Yes,,(EU) 2019/831
Dinickel Hexacyanoferrate,14874-78-3,No,No,Yes,,(EU) 2019/831
Dinickel Orthosilicate,"21784-78-1, 13775-54-7, 31748-25-1, 37321-15-6, 12519-85-6",No,No,Yes,,(EU) 2019/831
Dinickel Phosphide,"12007-00-0, 12007-01-1, 12007-02-2, 12619-90-8, 12059-14-2, 12201-89-7, 12035-64-2, 65229-23-4",No,No,Yes,,(EU) 2019/831
Dinickel Silicide,"12007-00-0, 12007-01-1, 12007-02-2, 12619-90-8, 12059-14-2, 12201-89-7, 12035-64-2, 65229-23-4",No,No,Yes,,(EU) 2019/831
Dinickel Trioxide,1314-06-3,No,No,Yes,,(EC) 2009/1223
Dinitrophenol Isomers,"51-28-5/329-71-5/573-56-8/25550-58-7, 51-28-5, 329-71-5, 573-56-8, 25550-58-7",No,Yes,Yes,,(EC) 2009/1223
"Dinitrotoluene, Technical Grade","121-14-2, 25321-14-6",No,No,Yes,,(EC) 2009/1223
Dinocap (Iso),39300-45-3,No,No,Yes,,(EC) 2009/1223
"Dinoseb, Its Salts And Esters",88-85-7,No,Yes,No,,
"Dinoseb, Its Salts And Esters With The Exception Of Those Specified Elsewhere In This List",88-85-7,No,No,Yes,,(EC) 2009/1223
"Dinoterb, Its Salts And Esters",1420-07-1,No,No,Yes,,(EC) 2009/1223
Dioctyltin Dilaurate,3648-18-8,No,No,Yes,,(EU) 2021/1902
Dioscorea Hispida Dennst. ),,No,Yes,No,,
Dioxane,123-91-1,No,Yes,Yes,,"化粧品於製造過程中, 如因所需使用之原料或其他因素, 且技術上無法避免, 致含自然殘留微量時, 則其最終製品中所含1,4-二氧六圜之殘留量, 不得超過100ppm.  | (EC) 2009/1223"
Dioxethedrin  And Its Salts,497-75-6,No,Yes,No,,
Dioxethedrin (Inn) And Its Salts,497-75-6,No,No,Yes,,(EC) 2009/1223
Diphenhydramine  And Its Salts,58-73-1,No,Yes,No,,
Diphenhydramine (Inn) And Its Salts,"58-73-1, 147-24-0, 88637-37-0",No,No,Yes,,(EC) 2009/1223
"Diphenyl(2,4,6-Trimethylbenzoyl)Phosphine Oxide",75980-60-8,No,No,Yes,,(EU) 2025/877
Diphenylamine,122-39-4,No,Yes,No,,
"Diphenylamine, When Used As A Fragrance Ingredient",122-39-4,No,No,Yes,,(EC) 2009/1223
Diphenylether,32536-52-0,No,No,Yes,,(EC) 2009/1223
Diphenylether; Octabromo Derivate,32536-52-0,No,Yes,No,,
"Diphenylmethane-2,2'-Diisocyanate","101-68-8, 2536-05-2, 5873-54-1, 26447-40-5",No,No,Yes,,(EU) 2019/831
"Diphenylmethane-2,4'-Diisocyanate","101-68-8, 2536-05-2, 5873-54-1, 26447-40-5",No,No,Yes,,(EU) 2019/831
"Diphenylmethane-4,4'-Diisocyanate","101-68-8, 2536-05-2, 5873-54-1, 26447-40-5",No,No,Yes,,(EU) 2019/831
Diphenylpyraline  And Its Salts,147-20-6,No,Yes,No,,
Diphenylpyraline (Inn) And Its Salts,147-20-6,No,No,Yes,,(EC) 2009/1223
"Diphosphoric Acid, Nickel(Ii) Salt","14332-34-4, 18718-11-1, 10381-36-9, 14448-18-1, 14507-36-9, 36026-88-7, 17169-61-8, 19372-20-4",No,No,Yes,,(EU) 2019/831
"Disodium 3,3'-[[1,1'-Biphenyl]-4,4'-Diylbis(Azo)] Bis(4-Aminonaphthalene-1- Sulphonate)",573-58-0,No,No,Yes,,(EC) 2009/1223
"Disodium 4 -Amino-3-[[4'-[Azo] [1,1'-Biphenyl]-4-Yl]Azo]-5-Hydroxy-6-Naphthalene-2,7-Disulphonate",1937-37-7,No,Yes,No,,
"Disodium 4-(3-Ethoxycarbonyl-4-(5-(3-Ethoxycarbonyl-5-Hydroxy-1-(4-Sulfonatophenyl)Pyrazol-4-Yl)Penta-2,4-Dienylidene)-4,5-Dihydro-5-Oxopyrazol-1-Yl)Benzenesulfonate, And",,No,No,Yes,,(EC) 2009/1223
"Disodium 4-Amino-3-[[4'-[(2,4-Diaminophenyl)Azo] [1,1'-Biphenyl]-4-Yl]Azo]-5-Hydroxy-6-(Phenylazo)Naphthalene-2,7-Disulphonate",1937-37-7,No,No,Yes,,(EC) 2009/1223
Disodium 4-[(5-Chloro-4-Methyl-2-Sulphonatophenyl)Azo]-3-Hydroxy-2-Naphthoate (Pigment Red 48,3564-21-4,No,No,Yes,,(EC) 2013/344
Disodium Octaborate Anhydrous,"12008-41-2, 12280-03-4, 10377-81-8, 68003-13-4, 12712-38-8, 1332-07-6, 12267-73-1, 13840-56-7, 1303-96-4, 12179-04-3",Yes,No,Yes,,Ban Year: 2027 | (EU) 2019/1966
Disodium Octaborate Tetrahydrate,"12280-03-04, 12008-41-2, 12280-03-4, 10377-81-8, 68003-13-4, 12712-38-8, 1332-07-6, 12267-73-1, 13840-56-7, 1303-96-4, 12179-04-3",Yes,No,Yes,,Ban Year: 2027 | (EU) 2019/1966
Disodium Tetraborate Decahydrate,"12008-41-2, 12280-03-4, 10377-81-8, 68003-13-4, 12712-38-8, 1332-07-6, 12267-73-1, 13840-56-7, 1303-96-4, 12179-04-3",No,No,Yes,,(EU) 2019/1966
Disodium Tetraborate Decahydrate (Borax Decahydrate),1303-96-4,Yes,No,No,,Ban Year: 2027
Disodium Tetraborate Pentahydrate,"12008-41-2, 12280-03-4, 10377-81-8, 68003-13-4, 12712-38-8, 1332-07-6, 12267-73-1, 13840-56-7, 1303-96-4, 12179-04-3",No,No,Yes,,(EU) 2019/1966
Disodium Tetraborate Pentahydrate (Borax Pentahydrate),12179-04-03,Yes,No,No,,Ban Year: 2027
"Disodium [29H,31H-Phthalocyaninedisulphonato(4-)-N29,N30,N31,N32]Cuprate(2-) (Direct Blue 86",1330-38-7,No,No,Yes,,(EC) 2013/344
"Disodium[5 -[[4'-[[2,6-Dihydroxy-3-[Azo]Phenyl]Azo][1,1'-Biphenyl]-4-Yl]Azo]Salicylato]Cuprate",16071-86-6,No,Yes,No,,
"Disodium[5-[[4'-[[2,6-Dihydroxy-3-[(2-Hydroxy-5-Sulphophenyl)Azo]Phenyl]Azo][1,1'-Biphenyl]-4-Yl]Azo]Salicylato(4-)]Cuprate(2-)",16071-86-6,No,No,Yes,,(EC) 2009/1223
"Disperse Red 15, Except As Impurity In Disperse Violet 1",116-85-8,No,No,Yes,,(EC) 2009/1223
Disperse Yellow 3,2832-40-8,No,No,Yes,,(EC) 2009/1223
"Distillates (Coal Tar), Pitch",101316-49-8,No,No,Yes,,(EC) 2009/1223
"Distillates (Coal Tar), Pitch, Pyrene Fraction",91995-52-7,No,No,Yes,,(EC) 2009/1223
"Distillates (Coal-Petroleum), Condensed-Ring Arom., If They Contain > 0.005 % W/W Benzo[A]Pyrene",68188-48-7,No,No,Yes,,(EC) 2009/1223
"Distillates (Petroleum), Acid-Treated Heavy Naphthenic",64742-18-3,No,No,Yes,,(EC) 2009/1223
"Distillates (Petroleum), Acid-Treated Heavy Paraffinic",64742-20-7,No,No,Yes,,(EC) 2009/1223
"Distillates (Petroleum), Acid-Treated Light Naphthenic",64742-19-4,No,No,Yes,,(EC) 2009/1223
"Distillates (Petroleum), Acid-Treated Light Paraffinic",64742-21-8,No,No,Yes,,(EC) 2009/1223
"Distillates (Petroleum), Acid-Treated Light, Except If The Full Refining History Is Known And It Can Be Shown That The Substance From Which It Is Produced Is Not A Carcinogen",64742-14-9,No,No,Yes,,(EC) 2009/1223
"Distillates (Petroleum), Acid-Treated Middle, Except If The Full Refining History Is Known And It Can Be Shown That The Substance From Which It Is Produced Is Not A Carcinogen",64742-13-8,No,No,Yes,,(EC) 2009/1223
"Distillates (Petroleum), C3-6, Piperylene-Rich , If They Contain > 0.1% W/W Butadiene",68477-35-0,No,No,Yes,,(EC) 2009/1223
"Distillates (Petroleum), Carbon-Treated Light Paraffinic, Except If The Full Refining History Is Known And It Can Be Shown That The Substance From Which It Is Produced Is Not A Carcinogen",100683-97-4,No,No,Yes,,(EC) 2009/1223
"Distillates (Petroleum), Catalytic Reformer Fractionator Residue, High-Boiling, Except If The Full Refining History Is Known And It Can Be Shown That The Substance From Which It Is Produced Is Not A Carcinogen",68477-29-2,No,No,Yes,,(EC) 2009/1223
"Distillates (Petroleum), Catalytic Reformer Fractionator Residue, Intermediate-Boiling, Except If The Full Refining History Is Known And It Can Be Shown That The Substance From Which It Is Produced Is Not A Carcinogen",68477-30-5,No,No,Yes,,(EC) 2009/1223
"Distillates (Petroleum), Catalytic Reformer Fractionator Residue, Low-Boiling, Except If The Full Refining History Is Known And It Can Be Shown That The Substance From Which It Is Produced Is Not A Carcinogen",68477-31-6,No,No,Yes,,(EC) 2009/1223
"Distillates (Petroleum), Catalytic Reformer, Heavy Arom. Conc., Except If The Full Refining History Is Known And It Can Be Shown That The Substance From Which It Is Produced Is Not A Carcinogen",91995-34-5,No,No,Yes,,(EC) 2009/1223
"Distillates (Petroleum), Chemically Neutralised Middle, Except If The Full Refining History Is Known And It Can Be Shown That The Substance From Which It Is Produced Is Not A Carcinogen",64742-30-9,No,No,Yes,,(EC) 2009/1223
"Distillates (Petroleum), Chemically Neutralized Heavy Naphthenic",64742-34-3,No,No,Yes,,(EC) 2009/1223
"Distillates (Petroleum), Chemically Neutralized Heavy Paraffinic",64742-27-4,No,No,Yes,,(EC) 2009/1223
"Distillates (Petroleum), Chemically Neutralized Light Naphthenic",64742-35-4,No,No,Yes,,(EC) 2009/1223
"Distillates (Petroleum), Chemically Neutralized Light Paraffinic",64742-28-5,No,No,Yes,,(EC) 2009/1223
"Distillates (Petroleum), Clay-Treated Heavy Naphthenic, If They Contain > 3 % W/W Dmso Extract",64742-44-5,No,No,Yes,,(EC) 2009/1223
"Distillates (Petroleum), Clay-Treated Heavy Paraffinic, If They Contain > 3 % W/W Dmso Extract",64742-36-5,No,No,Yes,,(EC) 2009/1223
"Distillates (Petroleum), Clay-Treated Light Naphthenic, If They Contain > 3 % W/W Dmso Extract",64742-45-6,No,No,Yes,,(EC) 2009/1223
"Distillates (Petroleum), Clay-Treated Light Paraffinic, If They Contain > 3 % W/W Dmso Extract",64742-37-6,No,No,Yes,,(EC) 2009/1223
"Distillates (Petroleum), Clay-Treated Middle, Except If The Full Refining History Is Known And It Can Be Shown That The Substance From Which It Is Produced Is Not A Carcinogen",64742-38-7,No,No,Yes,,(EC) 2009/1223
"Distillates (Petroleum), Complex Dewaxed Heavy Paraffinic, If They Contain > 3 % W/W Dmso Extract",90640-91-8,No,No,Yes,,(EC) 2009/1223
"Distillates (Petroleum), Complex Dewaxed Light Paraffinic, If They Contain > 3 % W/W Dmso Extract",90640-92-9,No,No,Yes,,(EC) 2009/1223
"Distillates (Petroleum), Cracked Steam-Cracked Petroleum Distillates",68477-38-3,No,No,Yes,,(EC) 2009/1223
"Distillates (Petroleum), Dewaxed Heavy Paraffinic, Hydrotreated, If They Contain > 3 % W/W Dmso Extract",91995-39-0,No,No,Yes,,(EC) 2009/1223
"Distillates (Petroleum), Dewaxed Light Paraffinic, Hydrotreated, If They Contain > 3 % W/W Dmso Extract",91995-40-3,No,No,Yes,,(EC) 2009/1223
"Distillates (Petroleum), Heavy Catalytic Cracked",64741-61-3,No,No,Yes,,(EC) 2009/1223
"Distillates (Petroleum), Heavy Hydrocracked, If They Contain > 3 % W/W Dmso Extract",64741-76-0,No,No,Yes,,(EC) 2009/1223
"Distillates (Petroleum), Heavy Naphthenic",64741-53-3,No,No,Yes,,(EC) 2009/1223
"Distillates (Petroleum), Heavy Paraffinic",64741-51-1,No,No,Yes,,(EC) 2009/1223
"Distillates (Petroleum), Heavy Steam-Cracked",101631-14-5,No,No,Yes,,(EC) 2009/1223
"Distillates (Petroleum), Heavy Thermal Cracked",64741-81-7,No,No,Yes,,(EC) 2009/1223
"Distillates (Petroleum), Highly Refined Middle, Except If The Full Refining History Is Known And It Can Be Shown That The Substance From Which It Is Produced Is Not A Carcinogen",90640-93-0,No,No,Yes,,(EC) 2009/1223
"Distillates (Petroleum), Hydrocracked Solvent-Refined Light, If They Contain > 3 % W/W Dmso Extract",97488-73-8,No,No,Yes,,(EC) 2009/1223
"Distillates (Petroleum), Hydrocracked Solvent-Refined, Dewaxed, If They Contain > 3 % W/W Dmso Extract",91995-45-8,No,No,Yes,,(EC) 2009/1223
"Distillates (Petroleum), Hydrodesulfurised Light Catalytic Cracked",68333-25-5,No,No,Yes,,(EC) 2009/1223
"Distillates (Petroleum), Hydrodesulfurised Middle, Except If The Full Refining History Is Known And It Can Be Shown That The Substance From Which It Is Produced Is Not A Carcinogen",64742-80-9,No,No,Yes,,(EC) 2009/1223
"Distillates (Petroleum), Hydrodesulfurised Thermal Cracked Middle",85116-53-6,No,No,Yes,,(EC) 2009/1223
"Distillates (Petroleum), Hydrodesulfurized Full-Range Middle",101316-57-8,No,No,Yes,,(EC) 2009/1223
"Distillates (Petroleum), Hydrodesulfurized Heavy Catalytic Cracked",68333-28-8,No,No,Yes,,(EC) 2009/1223
"Distillates (Petroleum), Hydrodesulfurized Intermediate Catalytic Cracked",68333-27-7,No,No,Yes,,(EC) 2009/1223
"Distillates (Petroleum), Hydrodesulfurized Middle Coker",101316-59-0,No,No,Yes,,(EC) 2009/1223
"Distillates (Petroleum), Hydrotreated Heavy Naphthenic, If They Contain > 3% W/W Dmso Extract",64742-52-5,No,No,Yes,,(EC) 2009/1223
"Distillates (Petroleum), Hydrotreated Heavy Paraffinic, If They Contain > 3 % W/W Dmso Extract",64742-54-7,No,No,Yes,,(EC) 2009/1223
"Distillates (Petroleum), Hydrotreated Light Naphthenic, If They Contain > 3 % W/W Dmso Extract",64742-53-6,No,No,Yes,,(EC) 2009/1223
"Distillates (Petroleum), Hydrotreated Light Paraffinic, If They Contain > 3 % W/W Dmso Extract",64742-55-8,No,No,Yes,,(EC) 2009/1223
"Distillates (Petroleum), Intermediate Catalytic Cracked",64741-60-2,No,No,Yes,,(EC) 2009/1223
"Distillates (Petroleum), Intermediate Catalytic Cracked, Thermally Degraded",92201-59-7,No,No,Yes,,(EC) 2009/1223
"Distillates (Petroleum), Intermediate Paraffinic, Carbon-Treated, Except If The Full Refining History Is Known And It Can Be Shown That The Substance From Which It Is Produced Is Not A Carcinogen",100683-98-5,No,No,Yes,,(EC) 2009/1223
"Distillates (Petroleum), Intermediate Paraffinic, Clay-Treated, Except If The Full Refining History Is Known And It Can Be Shown That The Substance From Which It Is Produced Is Not A Carcinogen",100683-99-6,No,No,Yes,,(EC) 2009/1223
"Distillates (Petroleum), Intermediate Vacuum",70592-76-6,No,No,Yes,,(EC) 2009/1223
"Distillates (Petroleum), Light Catalytic Cracked",64741-59-9,No,No,Yes,,(EC) 2009/1223
"Distillates (Petroleum), Light Catalytic Cracked, Thermally Degraded",92201-60-0,No,No,Yes,,(EC) 2009/1223
"Distillates (Petroleum), Light Hydrocracked",64741-77-1,No,No,Yes,,(EC) 2009/1223
"Distillates (Petroleum), Light Naphthenic",64741-52-2,No,No,Yes,,(EC) 2009/1223
"Distillates (Petroleum), Light Paraffinic",64741-50-0,No,No,Yes,,(EC) 2009/1223
"Distillates (Petroleum), Light Steam-Cracked Naphtha",68475-80-9,No,No,Yes,,(EC) 2009/1223
"Distillates (Petroleum), Light Thermal Cracked",64741-82-8,No,No,Yes,,(EC) 2009/1223
"Distillates (Petroleum), Light Vacuum",70592-77-7,No,No,Yes,,(EC) 2009/1223
"Distillates (Petroleum), Petroleum Residues Vacuum",68955-27-1,No,No,Yes,,(EC) 2009/1223
"Distillates (Petroleum), Solvent Dewaxed Heavy Paraffinic, Clay-Treated, If They Contain > 3 % W/W Dmso Extract",90640-94-1,No,No,Yes,,(EC) 2009/1223
"Distillates (Petroleum), Solvent Dewaxed Light Paraffinic, Clay-Treated, If They Contain > 3 % W/W Dmso Extract",90640-96-3,No,No,Yes,,(EC) 2009/1223
"Distillates (Petroleum), Solvent Dewaxed Light Paraffinic, Hydrotreated, If They Contain > 3 % W/W Dmso Extract",90640-97-4,No,No,Yes,,(EC) 2009/1223
"Distillates (Petroleum), Solvent-Dewaxed Heavy Naphthenic, If They Contain > 3 % W/W Dmso Extract",64742-63-8,No,No,Yes,,(EC) 2009/1223
"Distillates (Petroleum), Solvent-Dewaxed Heavy Paraffinic, If They Contain > 3 % W/W Dmso Extract",64742-65-0,No,No,Yes,,(EC) 2009/1223
"Distillates (Petroleum), Solvent-Dewaxed Light Naphthenic, If They Contain > 3 % W/W Dmso Extract",64742-64-9,No,No,Yes,,(EC) 2009/1223
"Distillates (Petroleum), Solvent-Dewaxed Light Paraffinic, If They Contain > 3 % W/W Dmso Extract",64742-56-9,No,No,Yes,,(EC) 2009/1223
"Distillates (Petroleum), Solvent-Refined Heavy Naphthenic, If They Contain > 3 % W/W Dmso Extract",64741-96-4,No,No,Yes,,(EC) 2009/1223
"Distillates (Petroleum), Solvent-Refined Heavy Paraffinic, If They Contain > 3 % W/W Dmso Extract",64741-88-4,No,No,Yes,,(EC) 2009/1223
"Distillates (Petroleum), Solvent-Refined Hydrocracked Light, If They Contain > 3 % W/W Dmso Extract",94733-09-2,No,No,Yes,,(EC) 2009/1223
"Distillates (Petroleum), Solvent-Refined Hydrogenated Heavy, If They Contain > 3 % W/W Dmso Extract",97488-74-9,No,No,Yes,,(EC) 2009/1223
"Distillates (Petroleum), Solvent-Refined Hydrotreated Heavy, Hydrogenated, If They Contain > 3 % W/W Dmso Extract",94733-08-1,No,No,Yes,,(EC) 2009/1223
"Distillates (Petroleum), Solvent-Refined Light Naphthenic, Hydrotreated, If They Contain > 3 % W/W Dmso Extract",91995-54-9,No,No,Yes,,(EC) 2009/1223
"Distillates (Petroleum), Solvent-Refined Light Naphthenic, If They Contain > 3 % W/W Dmso Extract",64741-97-5,No,No,Yes,,(EC) 2009/1223
"Distillates (Petroleum), Solvent-Refined Light Paraffinic, If They Contain > 3% W/W Dmso Extract",64741-89-5,No,No,Yes,,(EC) 2009/1223
"Distillates (Petroleum), Solvent-Refined Middle, Except If The Full Refining History Is Known And It Can Be Shown That The Substance From Which It Is Produced Is Not A Carcinogen",64741-91-9,No,No,Yes,,(EC) 2009/1223
"Distillates (Petroleum), Sweetened Middle, Except If The Full Refining History Is Known And It Can Be Shown That The Substance From Which It Is Produced Is Not A Carcinogen",64741-86-2,No,No,Yes,,(EC) 2009/1223
"Distillates (Petroleum), Vacuum",70592-78-8,No,No,Yes,,(EC) 2009/1223
Disulfiram (Inn),"97-77-8, 137-26-8",No,No,Yes,,(EC) 2009/1223
Disulfiram ; Thiram,97-77-8/137-26-8,No,Yes,No,,
"Dithio-2,2'-Bispyridine-Dioxide-1,1' (Additive With Trihydrated Magnesium Sulphate) - (Pyrithione Disulphide + Magnesium Sulphate)",43143-11-9,No,No,Yes,,(EC) 2009/1223
Diuron (Iso),330-54-1,No,No,Yes,,(EC) 2009/1223
Divanadium Pentaoxide,1314-62-1,No,Yes,Yes,,(EC) 2009/1223
Dnoc (Iso),534-52-1,No,No,Yes,,(EC) 2009/1223
"Dodecachloropentacyclo[5.2.1.02,6.03,9.05,8]Decane",2385-85-5,No,Yes,No,,
"Dodecachloropentacyclo[5.2.1.02,6.03,9.05,8]Decane (Mirex)",2385-85-5,No,No,Yes,,(EC) 2009/1223
Dodemorph (Iso),1593-77-7,No,No,Yes,,(EU) 2019/831
Dodemorph Acetate,31717-87-0,No,No,Yes,,(EU) 2019/831
Doxylamine  And Its Salts,469-21-6,No,Yes,No,,
Doxylamine (Inn) And Its Salts,469-21-6,No,No,Yes,,(EC) 2009/1223
Drosera Peltata Sm. Var. Multisepala Y. Z. Ruan,,No,Yes,No,,
E-Glass Microfibres Of Representative Composition,,No,No,Yes,,(EU) 2019/1966
Einecs 208-924-8) When Used As Substance In Hair Dye Products,"2050-34-2, 547-57-9",No,No,Yes,,(EC) 2013/344
Einecs 211-189-6) When Used As A Substance In Hair Dye Products,"3248-93-9, 632-99-5",No,No,Yes,,(EC) 2013/344
Einecs 218-087-0) And Its Sodium Salt (Acid Orange 6,"2050-34-2, 547-57-9",No,No,Yes,,(EC) 2013/344
Einecs 221-832-2) And Its Hydrochloride Salt (Basic Violet 14,"3248-93-9, 632-99-5",No,No,Yes,,(EC) 2013/344
"Emetine, Its Salts And Derivatives",483-18-1,No,No,Yes,,(EC) 2009/1223
"Ephedratourn. Ex L, .",,No,Yes,No,,
Ephedrine And Its Salts,299-42-3,No,No,Yes,,(EC) 2009/1223
Epinephrine,51-43-4,No,Yes,No,,
Epinephrine (Inn),51-43-4,No,No,Yes,,(EC) 2009/1223
Epoxiconazole,133855-98-8,No,No,Yes,,(EC) 2009/1223
Ergocalciferol  And Cholecalciferol,50-14-6/67-97-0,No,Yes,No,,
Ergocalciferol (Inn) And Cholecalciferol (Vitamins D2 And D3),"50-14-6, 67-97-0",No,No,Yes,,(EC) 2009/1223
Erionite,12510-42-8,No,Yes,Yes,,(EC) 2009/1223
Eserine Or Physostigmine And Its Salts,57-47-6,No,No,Yes,,(EC) 2009/1223
Estradiol,50-28-2,No,Yes,No,,
Estrone,53-16-7,No,Yes,No,,
Ethanal,75-07-0,No,No,Yes,,(EU) 2019/831
"Ethanaminium, N-(4-((4-Diethylamino)Phenyl)(2,4-Disulfophenyl)Methylene)-2,5-Cyclohexadien-1-Ylidene)-N-Ethyl-, Hydroxide, Inner Salt, Sodium Salt (Acid Blue 1",129-17-9,No,No,Yes,,(EC) 2013/344
"Ethanaminium, N-(4-((4-Diethylamino)Phenyl)(5-Hydroxy-2,4-Disulfophenyl)Methylene)-2,5-Cyclohexadien-1-Ylidene)-N-Ethyl-, Hydroxide, Inner Salt, Calcium Salt (2:1) (Acid Blue 3",3536-49-0,No,No,Yes,,(EC) 2013/344
"Ethanaminium, N-(4-[(4-(Diethylamino)Phenyl)Phenylmethylene]-2,5-Cyclohexadien-1-Ylidine)-N-Ethyl- And Its Salts, When Used As A Substance In Hair Dye Products",633-03-4,No,No,Yes,,(EC) 2009/1223
"Ethanaminium, N-(4-[Bis[4-(Diethylamino)Phenyl]Methylene]-2,5-Cyclohexadien-1-Ylidine)-N-Ethyl- And Its Salts, When Used As A Substance In Hair Dye Products",2390-59-2,No,No,Yes,,(EC) 2009/1223
"Ethanaminium, N-Phenyl)Phenylmethylene]-2,5-Cyclohexadien-1-Ylidine)-N-Ethyl- And Its Salts",633-03-4,No,Yes,No,,
"Ethanaminium, N-Phenyl]Methylene]-2,5-Cyclohexadien-1-Ylidine)-N-Ethyl- And Its Salts",2390-59-2,No,Yes,No,,
"Ethanaminium, N-[4-[[4-(Diethylamino)Phenyl][4-(Ethylamino)-1-Naphthalenyl]Methylene]-2,5-Cyclohexadien-1-Ylidine]-N-Ethyl-, And Its Salts, When Used As A Substance In Hair Dye Products",2390-60-5,No,No,Yes,,(EC) 2009/1223
"Ethanaminium, N-[4-[[4-Phenyl][4--1-Naphthalenyl]Methylene]-2,5-Cyclohexadien-1-Ylidine]-N-Ethyl-, And Its Salts",2390-60-5,No,Yes,No,,
"Ethanol, 2,2' -Iminobis-, Reaction Products With Epichlorohydrin And 2-Nitro-1,4-Benzenediamine  And Its Salts",68478-64-8/ 158571-58-5,No,Yes,No,,
"Ethanol, 2,2'-Iminobis-, N- (C13-15-Branched And Linear Alkyl) Derivs.",97925-95-6,No,No,Yes,,(EU) 2021/850
"Ethanol, 2,2'-Iminobis-, Reaction Products With Epichlorohydrin And 2-Nitro-1,4-Benzenediamine (Hc Blue No 5) And Its Salts, When Used As A Substance In Hair Dye Products","68478-64-8, 158571-58-5",No,No,Yes,,(EC) 2009/1223
Ethidium Bromide,1239-45-8,No,No,Yes,,(EU) 2019/831
Ethinyl Estradiol,57-63-6,No,Yes,No,,
Ethionamide,536-33-4,No,Yes,No,,
Ethionamide (Inn),536-33-4,No,No,Yes,,(EC) 2009/1223
Ethoheptazine  And Its Salts,77-15-6,No,Yes,No,,
Ethoheptazine (Inn) And Its Salts,77-15-6,No,No,Yes,,(EC) 2009/1223
"Ethyl (Z)-2-Chloro-3-[2-Chloro-5-(Cyclohex-1-Ene-1,2-Dicarboximido)Phenyl]Acrylate",142891-20-1,No,No,Yes,,(EU) 2019/831
"Ethyl 1-(2,4-Dichlorophenyl)5-(Trichloromethyl)-1H-1,2,4-Triazole-3-Carboxylate",103112-35-2,No,No,Yes,,(EU) 2019/831
Ethyl 3-Phenylcarbamoyloxyphenylcarbamate,13684-56-5,No,No,Yes,,(EU) 2022/1531
"Ethyl Acrylate, When Used As A Fragrance Ingredient",140-88-5,No,Yes,Yes,,(EC) 2009/1223
Ethyl Bis(4-Hydroxy-2-Oxo-1-Benzopyran-3-Yl)Acetate And Salts Of The Acid,548-00-5,No,No,Yes,,(EC) 2009/1223
"Ethyl Hydrogen Sulfate, Nickel(Ii) Salt","67952-43-6, 14550-87-9, 71720-48-4",No,No,Yes,,(EU) 2019/831
"Ethyl N-[2,3-Dihydro-2,2-Dimethylbenzofuran-7-Yloxycarbonyl(Methyl)Aminothio]-N-Isopropyl- Ss-Alaninate",82560-54-1,No,No,Yes,,(EU) 2019/831
Ethyl [2-(4-Phenoxyphenoxy)Ethyl]Carbamate,72490-01-8,No,No,Yes,,(EU) 2019/831
Ethylene Glycol Dimethyl Ether (Egdme),110-71-4,No,No,Yes,,(EC) 2009/1223
Ethylene Oxide,75-21-8,No,Yes,Yes,,(EC) 2009/1223
Ethylphenacemide (Pheneturide (Inn)),90-49-3,No,No,Yes,,(EC) 2009/1223
Ethylphenacemide ),90-49-3,No,Yes,No,,
Euphorbia Lathyris L.,,No,Yes,No,,
Euphorbiae Kansui Radix,,No,Yes,No,,
Euphorbiae Pallasii Radix,,No,Yes,No,,
"Extract Residues (Coal), Brown, If They Contain > 0.005 % W/W Benzo[A]Pyrene",91697-23-3,No,No,Yes,,(EC) 2009/1223
"Extract Residues (Coal), Creosote Oil Acid, Wash Oil Extract Residue",122384-77-4,No,No,Yes,,(EC) 2009/1223
"Extracts (Petroleum), Heavy Naphthenic Distillate Solvent",64742-11-6,No,No,Yes,,(EC) 2009/1223
"Extracts (Petroleum), Heavy Naphthenic Distillate Solvent, Arom. Conc., If They Contain > 3 % W/W Dmso Extract",68783-00-6,No,No,Yes,,(EC) 2009/1223
"Extracts (Petroleum), Heavy Naphthenic Distillate Solvent, Hydrodesulfurised, If They Contain > 3 % W/W Dmso Extract",93763-10-1,No,No,Yes,,(EC) 2009/1223
"Extracts (Petroleum), Heavy Naphthenic Distillate Solvent, Hydrotreated, If They Contain > 3 % W/W Dmso Extract",90641-07-9,No,No,Yes,,(EC) 2009/1223
"Extracts (Petroleum), Heavy Paraffinic Distillate Solvent",64742-04-7,No,No,Yes,,(EC) 2009/1223
"Extracts (Petroleum), Heavy Paraffinic Distillate Solvent, Clay-Treated, If They Contain > 3 % W/W Dmso Extract",92704-08-0,No,No,Yes,,(EC) 2009/1223
"Extracts (Petroleum), Heavy Paraffinic Distillate Solvent, Hydrotreated, If They Contain > 3 % W/W Dmso Extract",90641-08-0,No,No,Yes,,(EC) 2009/1223
"Extracts (Petroleum), Heavy Paraffinic Distillates, Solvent-Deasphalted, If They Contain > 3 % W/W Dmso Extract",68814-89-1,No,No,Yes,,(EC) 2009/1223
"Extracts (Petroleum), Hydrotreated Light Paraffinic Distillate Solvent, If They Contain > 3 % W/W Dmso Extract",91995-73-2,No,No,Yes,,(EC) 2009/1223
"Extracts (Petroleum), Light Naphthenic Distillate Solvent",64742-03-6,No,No,Yes,,(EC) 2009/1223
"Extracts (Petroleum), Light Naphthenic Distillate Solvent, Hydrodesulfurised, If They Contain > 3 % W/W Dmso Extract",91995-75-4,No,No,Yes,,(EC) 2009/1223
"Extracts (Petroleum), Light Paraffinic Distillate Solvent",64742-05-8,No,No,Yes,,(EC) 2009/1223
"Extracts (Petroleum), Light Paraffinic Distillate Solvent, Acid-Treated, If They Contain > 3 % W/W Dmso Extract",91995-76-5,No,No,Yes,,(EC) 2009/1223
"Extracts (Petroleum), Light Paraffinic Distillate Solvent, Carbon-Treated, If They Contain > 3 % W/W Dmso Extract",100684-02-4,No,No,Yes,,(EC) 2009/1223
"Extracts (Petroleum), Light Paraffinic Distillate Solvent, Clay-Treated, If They Contain > 3 % W/W Dmso Extract",100684-03-5,No,No,Yes,,(EC) 2009/1223
"Extracts (Petroleum), Light Paraffinic Distillate Solvent, Hydrodesulfurised, If They Contain > 3 % W/W Dmso Extract",91995-77-6,No,No,Yes,,(EC) 2009/1223
"Extracts (Petroleum), Light Paraffinic Distillate Solvent, Hydrotreated, If They Contain > 3 % W/W Dmso Extract",90641-09-1,No,No,Yes,,(EC) 2009/1223
"Extracts (Petroleum), Light Vacuum Gas Oil Solvent",91995-78-7,No,No,Yes,,(EC) 2009/1223
"Extracts (Petroleum), Light Vacuum Gas Oil Solvent, Clay-Treated, If They Contain > 3 % W/W Dmso Extract",100684-05-7,No,No,Yes,,(EC) 2009/1223
"Extracts (Petroleum), Light Vacuum Gas Oil Solvent, Hydrotreated, If They Contain > 3 % W/W Dmso Extract",91995-79-8,No,No,Yes,,(EC) 2009/1223
"Extracts (Petroleum), Light Vacuum, Gas Oil Solvent, Carbon-Treated, If They Contain > 3 % W/W Dmso Extract",100684-04-6,No,No,Yes,,(EC) 2009/1223
"Extracts (Petroleum), Solvent-Dewaxed Heavy Paraffinic Distillate Solvent, Hydrodesulfurised, If They Contain > 3 % W/W Dmso Extract",93763-11-2,No,No,Yes,,(EC) 2009/1223
"Extracts (Petroleum), Solvent-Refined Heavy Paraffinic Distillate Solvent, If They Contain > 3 % W/W Dmso Extract",68783-04-0,No,No,Yes,,(EC) 2009/1223
"Fatty Acids, C6-19-Branched, Nickel Salts","16083-14-0, 3349-08-4, 39819-65-3, 18721-51-2, 18283-82-4, 22605-92-1, 4454-16-4, 7580-31-6, 93983-68-7, 29317-63-3, 27637-46-3, 84852-37-9, 93920-10-6, 85508-43-6, 85508-44-7, 51818-56-5",No,No,Yes,,(EU) 2019/831
"Fatty Acids, C8-18 And C18-Unsaturated, Nickel Salts","16083-14-0, 3349-08-4, 39819-65-3, 18721-51-2, 18283-82-4, 22605-92-1, 4454-16-4, 7580-31-6, 93983-68-7, 29317-63-3, 27637-46-3, 84852-37-9, 93920-10-6, 85508-43-6, 85508-44-7, 51818-56-5",No,No,Yes,,(EU) 2019/831
Feclemine (Inn),3590-16-7,No,No,Yes,,(EC) 2009/1223
"Feclemine ; 2--N,N,N',N'-Tetraethyl-1,3-Propanediamine",3590-16-7,No,Yes,No,,
Fenadiazole,1008-65-7,No,Yes,No,,
Fenadiazole (Inn),1008-65-7,No,No,Yes,,(EC) 2009/1223
Fenarimol (Iso),60168-88-9,No,No,Yes,,(EC) 2009/1223
Fenchlorphos,299-84-3,No,Yes,No,,
Fenoxycarb (Iso),72490-01-8,No,No,Yes,,(EU) 2019/831
Fenozolone,15302-16-6,No,Yes,No,,
Fenozolone (Inn),15302-16-6,No,No,Yes,,(EC) 2009/1223
Fenpropidin (Iso),67306-00-7,No,No,Yes,,(EU) 2026/78
Fenpropimorph (Iso),67564-91-4,No,No,Yes,,(EC) 2009/1223
Fenthion (Iso),55-38-9,No,No,Yes,,(EC) 2009/1223
Fentin Acetate,900-95-8,No,No,Yes,,(EC) 2009/1223
Fentin Hydroxide,76-87-9,No,Yes,Yes,,(EC) 2009/1223
Fenyramidol,553-69-5,No,Yes,No,,
Fenyramidol (Inn),553-69-5,No,No,Yes,,(EC) 2009/1223
Fig Leaf Absolute,68916-52-9,No,Yes,No,,
"Fig Leaf Absolute (Ficus Carica L.), When Used As A Fragrance Ingredient",68916-52-9,No,No,Yes,,(EC) 2009/1223
Flocoumafen (Iso),90035-08-8,No,No,Yes,,(EU) 2019/1966
Fluanisone,1480-19-9,No,Yes,No,,
Fluanisone (Inn),1480-19-9,No,No,Yes,,(EC) 2009/1223
Fluazifop-Butyl,69806-50-4,No,No,Yes,,(EC) 2009/1223
Fluazifop-P-Butyl (Iso),79241-46-6,No,No,Yes,,(EC) 2009/1223
Fluazinam (Iso),79622-59-6,No,No,Yes,,(EU) 2019/831
Flumioxazin,103361-09-7,No,No,Yes,,(EC) 2009/1223
Fluopicolide (Iso),,No,No,Yes,,(EU) 2023/1490
Fluorescein And Its Disodium Salt (Acid Yellow 73 Sodium Salt,"2321-07-5, 518-47-8",No,No,Yes,,(EC) 2013/344
"Fluorescein, 2',4',5',7'-Tetrabromo-","15086-94-9, 17372-87-1, 15876-39-8",No,No,Yes,,(EC) 2013/344
Fluoresone,2924-67-6,No,Yes,No,,
Fluoresone (Inn),2924-67-6,No,No,Yes,,(EC) 2009/1223
Fluorine Compounds,,No,Yes,No,,口腔製劑另有規定者除外. 
Fluorouracil,51-21-8,No,Yes,No,,
Fluorouracil (Inn),51-21-8,No,No,Yes,,(EC) 2009/1223
Flurochloridone (Iso),61213-25-0,No,No,Yes,,(EU) 2021/1902
Flusilazole,85509-19-9,No,No,Yes,,(EC) 2009/1223
Fluxapyroxad,907204-31-3,No,No,Yes,,(EU) 2021/1902
"Foots Oil (Petroleum), Acid-Treated, If It Contains > 3 % W/W Dmso Extract",93924-31-3,No,No,Yes,,(EC) 2009/1223
"Foots Oil (Petroleum), Carbon-Treated, If It Contains > 3 % W/W Dmso Extract",97862-76-5,No,No,Yes,,(EC) 2009/1223
"Foots Oil (Petroleum), Clay-Treated, If It Contains > 3 % W/W Dmso Extract",93924-32-4,No,No,Yes,,(EC) 2009/1223
"Foots Oil (Petroleum), Hydrotreated, If It Contains > 3 % W/W Dmso Extract",92045-12-0,No,No,Yes,,(EC) 2009/1223
"Foots Oil (Petroleum), If It Contains > 3 % W/W Dmso Extract",64742-67-2,No,No,Yes,,(EC) 2009/1223
"Foots Oil (Petroleum), Silicic Acid-Treated, If It Contains > 3 % W/W Dmso Extract",97862-77-6,No,No,Yes,,(EC) 2009/1223
Foramsulfuron (Iso),173159-57-4,No,No,Yes,,(EU) 2025/877
Forchlorfenuron (Iso),68157-60-8,No,No,Yes,,(EU) 2019/831
Formaldehyde,50-00-0,Yes,Yes,Yes,,"Ban Year: 2025 | (1)化粧品中使用DMDM Hydantoin、Imidazolidinyl urea、Quaterium 15、Benzylhemiformal、5-Bromo-5-nitro-1,3-dioxane、Bronopol、Methenamine、Sodium hydroxymethylglycinate、Diazolidinyl urea 成分作為防腐劑時, 其總釋出之Free formaldehyde 量, 不得超過1000ppm. (2)未添加DMDM Hydantonin、Imidazolidinyl urea、Quaterium-15、DiaZolidinyl urea、Hexamethylenetetramine、Benzylhemiformal、5-Bromo-5-nitro-1,3-dioxane、Bronopol 及Sodium hydroxymethylglycinate 等防腐劑成分, 如於製造過程中, 因所需使用原料或其他因素, 且技術上無法避免, 致含自然殘留微量時, 則其最終製品中所含游離甲醛(Free formaldehyde)之殘留量, 不得超過75ppm.  | (EU) 2019/831"
Formamide,75-12-7,No,No,Yes,,(EC) 2009/1223
"Formic Acid, Copper Nickel Salt","3349-06-2, 15843-02-4, 68134-59-8",No,No,Yes,,(EU) 2019/831
"Formic Acid, Nickel Salt","3349-06-2, 15843-02-4, 68134-59-8",No,No,Yes,,(EU) 2019/831
Fuberidazole (Iso),3878-19-1,No,No,Yes,,(EU) 2019/831
"Fuel Gases, Crude Oil Distillates, If They Contain > 0.1 % W/W Butadiene",68476-29-9,No,No,Yes,,(EC) 2009/1223
"Fuel Oil, Heavy, High-Sulfur",92045-14-2,No,No,Yes,,(EC) 2009/1223
"Fuel Oil, No 6",68553-00-4,No,No,Yes,,(EC) 2009/1223
"Fuel Oil, No. 2",68476-30-2,No,No,Yes,,(EC) 2009/1223
"Fuel Oil, No. 4",68476-31-3,No,No,Yes,,(EC) 2009/1223
"Fuel Oil, Residual",68476-33-5,No,No,Yes,,(EC) 2009/1223
"Fuel Oil, Residues-Straight-Run Gas Oils, High-Sulfur",68476-32-4,No,No,Yes,,(EC) 2009/1223
"Fuel-Gases, If They Contain > 0.1% W/W Butadiene",68476-26-6,No,No,Yes,,(EC) 2009/1223
"Fuels, Diesel, Coal Solvent Extn., Hydrocracked Hydrogenated",94114-59-7,No,No,Yes,,(EC) 2009/1223
"Fuels, Diesel, Except If The Full Refining History Is Known And It Can Be Shown That The Substance From Which It Is Produced Is Not A Carcinogen",68334-30-5,No,No,Yes,,(EC) 2009/1223
"Fuels, Diesel, No. 2",68476-34-6,No,No,Yes,,(EC) 2009/1223
"Fuels, Jet Aircraft, Coal Solvent Extn., Hydrocracked Hydrogenated",94114-58-6,No,No,Yes,,(EC) 2009/1223
Furan,110-00-9,No,Yes,Yes,,(EC) 2009/1223
Furazolidone,67-45-8,No,Yes,No,,
Furazolidone (Inn),67-45-8,No,No,Yes,,(EC) 2009/1223
Furfuryl Alcohol,98-00-0,No,No,Yes,,(EU) 2019/831
"Furfuryltrimethyl Ammonium Salts, E.G. Furtrethonium Iodide (Inn)",541-64-0,No,No,Yes,,(EC) 2009/1223
"Furfuryltrimethylammonium Salts, E. G. Furtrethonium Iodide",541-64-0,No,Yes,No,,
"Furocoumarines (E.G. Trioxysalen (Inn), 8-Methoxypsoralen, 5-Methoxypsoralen) Except For Normal Content In Natural Essences Used.","298-81-7, 484-20-8, 3902-71-4",No,No,Yes,,(EC) 2009/1223
"Furocoumarines , 8 -Methoxypsoralen, 5-Methoxypsoralen) Except For Normal Content In Natural Essences Used.",298-81-7/ 484-20-8/ 3902-71-4,No,Yes,No,,"In sun protection and in bronzing products, furocoumarines shall be below 1 mg/kg"
Galantamine,357-70-0,No,Yes,No,,
Galantamine (Inn),357-70-0,No,No,Yes,,(EC) 2009/1223
Gallamine Triethiodide,65-29-2,No,Yes,No,,
Gallamine Triethiodide (Inn),65-29-2,No,No,Yes,,(EC) 2009/1223
Gallium Arsenide,1303-00-0,No,No,Yes,,(EU) 2019/831
"Gas Oils (Petroleum), Acid-Treated, Except If The Full Refining History Is Known And It Can Be Shown That The Substance From Which It Is Produced Is Not A Carcinogen",64742-12-7,No,No,Yes,,(EC) 2009/1223
"Gas Oils (Petroleum), Chemically Neutralized, Except If The Full Refining History Is Known And It Can Be Shown That The Substance From Which It Is Produced Is Not A Carcinogen",64742-29-6,No,No,Yes,,(EC) 2009/1223
"Gas Oils (Petroleum), Heavy Atmospheric",68783-08-4,No,No,Yes,,(EC) 2009/1223
"Gas Oils (Petroleum), Heavy Vacuum",64741-57-7,No,No,Yes,,(EC) 2009/1223
"Gas Oils (Petroleum), Hydrodesulfurized Coker Heavy Vacuum",85117-03-9,No,No,Yes,,(EC) 2009/1223
"Gas Oils (Petroleum), Hydrodesulfurized Heavy Vacuum",64742-86-5,No,No,Yes,,(EC) 2009/1223
"Gas Oils (Petroleum), Hydrodesulfurized, Except If The Full Refining History Is Known And It Can Be Shown That The Substance From Which It Is Produced Is Not A Carcinogen",64742-79-6,No,No,Yes,,(EC) 2009/1223
"Gas Oils (Petroleum), Hydrotreated Vacuum",64742-59-2,No,No,Yes,,(EC) 2009/1223
"Gas Oils (Petroleum), Light Vacuum, Thermal-Cracked Hydrodesulfurized",97926-59-5,No,No,Yes,,(EC) 2009/1223
"Gas Oils (Petroleum), Solvent-Refined, Except If The Full Refining History Is Known And It Can Be Shown That The Substance From Which It Is Produced Is Not A Carcinogen",64741-90-8,No,No,Yes,,(EC) 2009/1223
"Gas Oils (Petroleum), Steam-Cracked",68527-18-4,No,No,Yes,,(EC) 2009/1223
"Gas Oils (Petroleum), Thermal-Cracked, Hydrodesulfurized",92045-29-9,No,No,Yes,,(EC) 2009/1223
"Gas Oils, Hydrotreated, Except If The Full Refining History Is Known And It Can Be Shown That The Substance From Which It Is Produced Is Not A Carcinogen",97862-78-7,No,No,Yes,,(EC) 2009/1223
"Gas Oils, Paraffinic, Except If The Full Refining History Is Known And It Can Be Shown That The Substance From Which It Is Produced Is Not A Carcinogen",93924-33-5,No,No,Yes,,(EC) 2009/1223
"Gases (Petroleum), Alkylation Feed, If They Contain > 0.1% W/W Butadiene",68606-27-9,No,No,Yes,,(EC) 2009/1223
"Gases (Petroleum), Amine System Feed, If They Contain > 0.1 % W/W Butadiene",68477-65-6,No,No,Yes,,(EC) 2009/1223
"Gases (Petroleum), Benzene Unit Hydrodesulfurizer Off, If They Contain > 0.1% W/W Butadiene",68477-66-7,No,No,Yes,,(EC) 2009/1223
"Gases (Petroleum), Benzene Unit Hydrotreater Depentanizer Overheads, If They Contain > 0.1 % W/W Butadiene",68602-82-4,No,No,Yes,,(EC) 2009/1223
"Gases (Petroleum), Benzene Unit Recycle, Hydrogen-Rich, If They Contain > 0.1% W/W Butadiene",68477-67-8,No,No,Yes,,(EC) 2009/1223
"Gases (Petroleum), Blend Oil, Hydrogen-Nitrogen-Rich, If They Contain > 0.1% W/W Butadiene",68477-68-9,No,No,Yes,,(EC) 2009/1223
"Gases (Petroleum), Butane Splitter Overheads, If They Contain > 0.1 % W/W Butadiene",68477-69-0,No,No,Yes,,(EC) 2009/1223
"Gases (Petroleum), C1-5, Wet, If They Contain > 0.1% W/W Butadiene",68602-83-5,No,No,Yes,,(EC) 2009/1223
"Gases (Petroleum), C2-3, If They Contain > 0.1% W/W Butadiene",68477-70-3,No,No,Yes,,(EC) 2009/1223
"Gases (Petroleum), C2-4, Sweetened, If They Contain > 0.1 % W/W Butadiene",68783-65-3,No,No,Yes,,(EC) 2009/1223
"Gases (Petroleum), C2-Return Stream, If They Contain > 0.1% W/W Butadiene",68477-84-9,No,No,Yes,,(EC) 2009/1223
"Gases (Petroleum), C3-4, If They Contain > 0.1% W/W Butadiene",68131-75-9,No,No,Yes,,(EC) 2009/1223
"Gases (Petroleum), C3-4, Isobutane-Rich, If They Contain > 0.1% W/W Butadiene",68477-33-8,No,No,Yes,,(EC) 2009/1223
"Gases (Petroleum), C3-5 Olefinic-Paraffinic Alkylation Feed, If They Contain > 0.1% W/W Butadiene",68477-83-8,No,No,Yes,,(EC) 2009/1223
"Gases (Petroleum), C4-Rich, If They Contain > 0.1% W/W Butadiene",68477-85-0,No,No,Yes,,(EC) 2009/1223
"Gases (Petroleum), C6-8 Catalytic Reformer Recycle, Hydrogen-Rich, If They Contain > 0.1% W/W Butadiene",68477-82-7,No,No,Yes,,(EC) 2009/1223
"Gases (Petroleum), C6-8 Catalytic Reformer Recycle, If They Contain > 0.1% W/W Butadiene",68477-80-5,No,No,Yes,,(EC) 2009/1223
"Gases (Petroleum), C6-8 Catalytic Reformer, If They Contain > 0.1 % W/W Butadiene",68477-81-6,No,No,Yes,,(EC) 2009/1223
"Gases (Petroleum), Catalytic Cracked Naphtha Debutanizer, If They Contain > 0.1 % W/W Butadiene",68952-76-1,No,No,Yes,,(EC) 2009/1223
"Gases (Petroleum), Catalytic Cracked Naphtha Depropanizer Overhead, C3-Rich Acid-Free, If They Contain > 0.1% W/W Butadiene",68477-73-6,No,No,Yes,,(EC) 2009/1223
"Gases (Petroleum), Catalytic Cracked Overheads, If They Contain > 0.1% W/W Butadiene",68409-99-4,No,No,Yes,,(EC) 2009/1223
"Gases (Petroleum), Catalytic Cracker, C1-5-Rich, If They Contain > 0.1% W/W Butadiene",68477-75-8,No,No,Yes,,(EC) 2009/1223
"Gases (Petroleum), Catalytic Cracker, If They Contain > 0.1% W/W Butadiene",68477-74-7,No,No,Yes,,(EC) 2009/1223
"Gases (Petroleum), Catalytic Cracking, If They Contain > 0.1% W/W Butadiene",68783-64-2,No,No,Yes,,(EC) 2009/1223
"Gases (Petroleum), Catalytic Polymd. Naphtha Stabilizer Overhead, C2-4-Rich, If They Contain > 0.1% W/W Butadiene",68477-76-9,No,No,Yes,,(EC) 2009/1223
"Gases (Petroleum), Catalytic Reformed Naphtha Stripper Overhead, If They Contain > 0.1% W/W Butadiene",68477-77-0,No,No,Yes,,(EC) 2009/1223
"Gases (Petroleum), Catalytic Reformed Straight-Run Naphtha Stabilizer Overheads, If They Contain > 0.1% W/W Butadiene",68513-14-4,No,No,Yes,,(EC) 2009/1223
"Gases (Petroleum), Catalytic Reformer, C1-4-Rich, If They Contain > 0.1% W/W Butadiene",68477-79-2,No,No,Yes,,(EC) 2009/1223
"Gases (Petroleum), Catalytic-Cracked Gas Oil Depropaniser Bottoms, C4-Rich Acid-Free, If They Contain > 0.1% W/W Butadiene",68477-71-4,No,No,Yes,,(EC) 2009/1223
"Gases (Petroleum), Catalytic-Cracked Naphtha Debutaniser Bottoms, C3-5-Rich, If They Contain > 0.1% W/W Butadiene",68477-72-5,No,No,Yes,,(EC) 2009/1223
"Gases (Petroleum), Crude Distn. And Catalytic Cracking, If They Contain > 0.1 % W/W Butadiene",68989-88-8,No,No,Yes,,(EC) 2009/1223
"Gases (Petroleum), Crude Oil Fractionation Off, If They Contain > 0.1% W/W Butadiene",68918-99-0,No,No,Yes,,(EC) 2009/1223
"Gases (Petroleum), Deethanizer Overheads, If They Contain > 0.1% W/W Butadiene",68477-86-1,No,No,Yes,,(EC) 2009/1223
"Gases (Petroleum), Dehexanizer Off, If They Contain > 0.1 % W/W Butadiene",68919-00-6,No,No,Yes,,(EC) 2009/1223
"Gases (Petroleum), Deisobutanizer Tower Overheads, If They Contain > 0.1% W/W Butadiene",68477-87-2,No,No,Yes,,(EC) 2009/1223
"Gases (Petroleum), Depropanizer Bottoms Fractionation Off, If They Contain > 0.1% W/W Butadiene",68606-34-8,No,No,Yes,,(EC) 2009/1223
"Gases (Petroleum), Depropanizer Dry, Propene-Rich, If They Contain > 0.1% W/W Butadiene",68477-90-7,No,No,Yes,,(EC) 2009/1223
"Gases (Petroleum), Depropanizer Overheads, If They Contain > 0.1 % W/W Butadiene",68477-91-8,No,No,Yes,,(EC) 2009/1223
"Gases (Petroleum), Distillate Unifiner Desulfurization Tripper Off, If They Contain > 0.1% W/W Butadiene",68919-01-7,No,No,Yes,,(EC) 2009/1223
"Gases (Petroleum), Dry Sour, Gas-Concn. -Unit-Off, If They Contain > 0.1 % W/W Butadiene",68477-92-9,No,No,Yes,,(EC) 2009/1223
"Gases (Petroleum), Fluidized Catalytic Cracker Fractionation Off, If They Contain > 0.1% W/W Butadiene",68919-02-8,No,No,Yes,,(EC) 2009/1223
"Gases (Petroleum), Fluidized Catalytic Cracker Scrubbing Secondary Absorber Off, If They Contain > 0.1% W/W Butadiene",68919-03-9,No,No,Yes,,(EC) 2009/1223
"Gases (Petroleum), Fluidized Catalytic Cracker Splitter Overheads, If They Contain > 0.1% W/W Butadiene",68919-20-0,No,No,Yes,,(EC) 2009/1223
"Gases (Petroleum), Full-Range Straight-Run Naphtha Dehexanizer Off, If They Contain > 0.1 % W/W Butadiene",68513-15-5,No,No,Yes,,(EC) 2009/1223
"Gases (Petroleum), Gas Concn. Reabsorber Distn., If They Contain > 0.1% W/W Butadiene",68477-93-0,No,No,Yes,,(EC) 2009/1223
"Gases (Petroleum), Gas Oil Diethanolamine Scrubber Off, If They Contain > 0.1% W/W Butadiene",92045-15-3,No,No,Yes,,(EC) 2009/1223
"Gases (Petroleum), Gas Oil Hydrodesulfurization Effluent, If They Contain > 0.1 % W/W Butadiene",92045-16-4,No,No,Yes,,(EC) 2009/1223
"Gases (Petroleum), Gas Oil Hydrodesulfurization Purge, If They Contain > 0.1% W/W Butadiene",92045-17-5,No,No,Yes,,(EC) 2009/1223
"Gases (Petroleum), Gas Recovery Plant Depropanizer Overheads, If They Contain > 0.1% W/W Butadiene",68477-94-1,No,No,Yes,,(EC) 2009/1223
"Gases (Petroleum), Girbatol Unit Feed, If They Contain > 0.1% W/W Butadiene",68477-95-2,No,No,Yes,,(EC) 2009/1223
"Gases (Petroleum), Heavy Distillate Hydrotreater Desulfurization Stripper Off, If They Contain > 0.1% W/W Butadiene",68919-04-0,No,No,Yes,,(EC) 2009/1223
"Gases (Petroleum), Hydrocracking Depropanizer Off, Hydrocarbon-Rich, If They Contain > 0.1 % W/W Butadiene",68513-16-6,No,No,Yes,,(EC) 2009/1223
"Gases (Petroleum), Hydrocracking Low-Pressure Separator, If They Contain > 0.1 % W/W Butadiene",68783-06-2,No,No,Yes,,(EC) 2009/1223
"Gases (Petroleum), Hydrogen Absorber Off, If They Contain > 0,1% W/W Butadiene",68477-96-3,No,No,Yes,,(EC) 2009/1223
"Gases (Petroleum), Hydrogen-Rich, If They Contain > 0.1% W/W Butadiene",68477-97-4,No,No,Yes,,(EC) 2009/1223
"Gases (Petroleum), Hydrogenator Effluent Flash Drum Off, If They Contain > 0.1% W/W Butadiene",92045-18-6,No,No,Yes,,(EC) 2009/1223
"Gases (Petroleum), Hydrotreated Sour Kerosine Depentanizer Stabilizer Off, If They Contain > 0.1 % W/W Butadiene",68911-58-0,No,No,Yes,,(EC) 2009/1223
"Gases (Petroleum), Hydrotreated Sour Kerosine Flash Drum, If They Contain > 0.1 % W/W Butadiene",68911-59-1,No,No,Yes,,(EC) 2009/1223
"Gases (Petroleum), Hydrotreater Blend Oil Recycle, Hydrogen-Nitrogen-Rich, If They Contain > 0.1 % W/W Butadiene",68477-98-5,No,No,Yes,,(EC) 2009/1223
"Gases (Petroleum), Isomerized Naphtha Fractionator, C4-Rich, Hydrogen Sulfide-Free, If They Contain > 0.1% W/W Butadiene",68477-99-6,No,No,Yes,,(EC) 2009/1223
"Gases (Petroleum), Light Steam-Cracked, Butadiene Conc., If They Contain > 0.1% W/W Butadiene",68955-28-2,No,No,Yes,,(EC) 2009/1223
"Gases (Petroleum), Light Straight Run Gasoline Fractionation Stabilizer Off, If They Contain > 0.1 % W/W Butadiene",68919-05-1,No,No,Yes,,(EC) 2009/1223
"Gases (Petroleum), Light Straight-Run Naphtha Stabilizer Off, If They Contain > 0.1% W/W Butadiene",68513-17-7,No,No,Yes,,(EC) 2009/1223
"Gases (Petroleum), Naphtha Steam Cracking High-Pressure Residual, If They Contain > 0.1% W/W Butadiene",92045-19-7,No,No,Yes,,(EC) 2009/1223
"Gases (Petroleum), Naphtha Unifiner Desulfurization Stripper Off, If They Contain > 0.1% W/W Butadiene",68919-06-2,No,No,Yes,,(EC) 2009/1223
"Gases (Petroleum), Oil Refinery Gas Distn., If They Contain > 0.1% W/W Butadiene",68527-15-1,No,No,Yes,,(EC) 2009/1223
"Gases (Petroleum), Platformer Products Separator Off, If They Contain > 0.1% W/W Butadiene",68814-90-4,No,No,Yes,,(EC) 2009/1223
"Gases (Petroleum), Platformer Stabilizer Off, Light Ends Fractionation, If They Contain > 0.1 % W/W Butadiene",68919-07-3,No,No,Yes,,(EC) 2009/1223
"Gases (Petroleum), Preflash Tower Off, Crude Distn., If They Contain > 0.1% W/W Butadiene",68919-08-4,No,No,Yes,,(EC) 2009/1223
"Gases (Petroleum), Recycle, Hydrogen-Rich, If They Contain > 0.1% W/W Butadiene",68478-00-2,No,No,Yes,,(EC) 2009/1223
"Gases (Petroleum), Refinery Blend, If They Contain > 0.1% W/W Butadiene",68783-07-3,No,No,Yes,,(EC) 2009/1223
"Gases (Petroleum), Refinery, If They Contain > 0.1 % W/W Butadiene",68814-67-5,No,No,Yes,,(EC) 2009/1223
"Gases (Petroleum), Reformer Effluent High-Pressure Flash Drum Off, If They Contain > 0.1% W/W Butadiene",68513-18-8,No,No,Yes,,(EC) 2009/1223
"Gases (Petroleum), Reformer Effluent Low-Pressure Flash Drum Off, If They Contain > 0.1% W/W Butadiene",68513-19-9,No,No,Yes,,(EC) 2009/1223
"Gases (Petroleum), Reformer Make-Up, Hydrogen-Rich, If They Contain > 0.1% W/W Butadiene",68478-01-3,No,No,Yes,,(EC) 2009/1223
"Gases (Petroleum), Reforming Hydrotreater Make-Up, Hydrogen-Rich, If They Contain > 0.1 % W/W Butadiene",68478-04-6,No,No,Yes,,(EC) 2009/1223
"Gases (Petroleum), Reforming Hydrotreater, Hydrogen-Methane-Rich, If They Contain > 0.1 % W/W Butadiene",68478-03-5,No,No,Yes,,(EC) 2009/1223
"Gases (Petroleum), Reforming Hydrotreater, If They Contain > 0.1% W/W Butadiene",68478-02-4,No,No,Yes,,(EC) 2009/1223
"Gases (Petroleum), Residue Visbaking Off, If They Contain > 0.1% W/W Butadiene",92045-20-0,No,No,Yes,,(EC) 2009/1223
"Gases (Petroleum), Secondary Absorber Off, Fluidized Catalytic Cracker Overheads, If They Contain > 0.1% W/W Butadiene",68602-84-6,No,No,Yes,,(EC) 2009/1223
"Gases (Petroleum), Sponge Absorber Off, Fluidized Catalytic Cracker And Gas Oil Desulfurizer Overhead Fractionation, If They Contain > 0.1% W/W Butadiene",68955-33-9,No,No,Yes,,(EC) 2009/1223
"Gases (Petroleum), Steam-Cracker C3-Rich, If They Contain > 0.1% W/W Butadiene",92045-22-2,No,No,Yes,,(EC) 2009/1223
"Gases (Petroleum), Straight-Run Naphtha Catalytic Reformer Stabilizer Overhead, If They Contain > 0.1% W/W Butadiene",68955-34-0,No,No,Yes,,(EC) 2009/1223
"Gases (Petroleum), Straight-Run Naphtha Catalytic Reforming Off, If They Contain > 0.1% W/W Butadiene",68919-09-5,No,No,Yes,,(EC) 2009/1223
"Gases (Petroleum), Straight-Run Stabilizer Off, If They Contain > 0.1 % W/W Butadiene",68919-10-8,No,No,Yes,,(EC) 2009/1223
"Gases (Petroleum), Tar Stripper Off, If They Contain > 0.1% W/W Butadiene",68919-11-9,No,No,Yes,,(EC) 2009/1223
"Gases (Petroleum), Thermal Cracking Distn., If They Contain > 0.1% W/W Butadiene",68478-05-7,No,No,Yes,,(EC) 2009/1223
"Gases (Petroleum), Unifiner Stripper Off, If They Contain > 0.1% W/W Butadiene",68919-12-0,No,No,Yes,,(EC) 2009/1223
Gelsemium Elegans Benth.,,No,Yes,No,,
Glass Microfibres Of Representative Composition,,No,No,Yes,,(EU) 2019/1966
Glucocorticoids (Corticosteroids),,No,No,Yes,,(EC) 2009/1223
Glufosinate Ammonium (Iso),77182-82-2,No,No,Yes,,(EU) 2019/831
Glutethimide  And Its Salts,77-21-4,No,Yes,No,,
Glutethimide (Inn) And Its Salts,77-21-4,No,No,Yes,,(EC) 2009/1223
Glycidyl Methacrylate,106-91-2,No,No,Yes,,(EU) 2019/831
Glycidyl Trimethylammonium Chloride,3033-77-0,No,No,Yes,,(EU) 2019/831
Glycyclamide,664-95-9,No,Yes,No,,
Glycyclamide (Inn),664-95-9,No,No,Yes,,(EC) 2009/1223
"Gold (Nano) [Inci], Colloidal Gold (Nano) [Inci]","7440-57-5, 1360157-34-1",No,No,Yes,,(EU) 2024/858
Gold Salts,,No,No,Yes,,(EC) 2009/1223
Gold Thioethylamino Hyaluronic Acid (Nano) [Inci],"7440-57-5, 1360157-34-1",No,No,Yes,,(EU) 2024/858
Guaifenesin,93-14-1,No,Yes,No,,
Guaifenesin (Inn),93-14-1,No,No,Yes,,(EC) 2009/1223
Guanethidine  And Its Salts,55-65-2,No,Yes,No,,
Guanethidine (Inn) And Its Salts,55-65-2,No,No,Yes,,(EC) 2009/1223
Halogeno-Salicylanilide,,No,Yes,No,,
Haloperidol,52-86-8,No,Yes,No,,
Haloperidol (Inn),52-86-8,No,No,Yes,,(EC) 2009/1223
Halosulfuron-Methyl (Iso),100784-20-1,No,No,Yes,,(EU) 2021/850
Hc Blue No.1-3-Nitrophenyl]Imino)Bis),2784-94-3,No,Yes,No,,
Hc Green No 1,52136-25-1,No,No,Yes,,(EC) 2009/1223
Hc Orange No 3,81612-54-6,No,No,Yes,,(EC) 2009/1223
Hc Red No 8 And Its Salts,"13556-29-1, 97404-14-3",No,No,Yes,,(EC) 2009/1223
Hc Yellow No 11,73388-54-2,No,No,Yes,,(EC) 2009/1223
Heazlewoodite,"12035-72-2, 12035-71-1",No,No,Yes,,(EC) 2009/1223
Heptachlor,76-44-8,No,Yes,Yes,,(EC) 2009/1223
Heptachlor-Epoxide,1024-57-3,No,No,Yes,,(EC) 2009/1223
Heptadecafluorooctane-1-Sulfonic Acid,"1763-23-1, 2795-39-3, 70225-14-8, 29081-56-9, 29457-72-5",No,No,Yes,,(EU) 2019/831
Hexabromocyclododecane,"25637-99-4, 3194-55-6",No,No,Yes,,(EU) 2019/831
"Hexachloro-1,3-Butadiene",87-68-3,No,Yes,No,,
Hexachlorobenzene,118-74-1,No,Yes,Yes,,(EC) 2009/1223
Hexachlorocyclohexane,319-84-6/319-85-7/319-86-86108-10-7,No,Yes,No,,
Hexachloroethane,67-72-1,No,Yes,Yes,,(EC) 2009/1223
Hexachloronaphthalene,1335-87-1,No,Yes,No,,
Hexaethyl Tetraphosphate,757-58-4,No,No,Yes,,(EC) 2009/1223
"Hexahydrocoumarin, When Used As A Fragrance Ingredient",700-82-3,No,No,Yes,,(EC) 2009/1223
Hexahydrocyclopenta[C]Pyrrole-1-(1H)-Ammonium N-Ethoxycarbonyl-N-(P-Tolylsulfonyl)Azanide,,No,No,Yes,,(EC) 2009/1223
Hexamethylphosphoric Triamide,680-31-9,No,Yes,No,,
Hexamethylphosphoric-Triamide,680-31-9,No,No,Yes,,(EC) 2009/1223
Hexan-2-One (Methyl Butyl Ketone),591-78-6,No,No,Yes,,(EC) 2009/1223
Hexane,110-54-3,No,No,Yes,,(EC) 2009/1223
Hexapropymate,358-52-1,No,Yes,No,,
Hexapropymate (Inn),358-52-1,No,No,Yes,,(EC) 2009/1223
Hirudo,,No,Yes,No,,
"Hydrastine, Hydrastinine And Their Salts","118-08-1, 6592-85-4",No,No,Yes,,(EC) 2009/1223
Hydrazides And Their Salts E.G. Isoniazid,54-85-3,No,Yes,No,,
Hydrazides And Their Salts E.G. Isoniazid (Inn),54-85-3,No,No,Yes,,(EC) 2009/1223
"Hydrazine, Its Derivatives And Their Salts",302-01-2,No,Yes,Yes,,(EC) 2009/1223
"Hydroabietyl Alcohol, When Used As A Fragrance Ingredient","26266-77-3, 13393-93-6",No,No,Yes,,(EC) 2009/1223
"Hydrocarbons, C1-3, If They Contain > 0.1% W/W Butadiene",68527-16-2,No,No,Yes,,(EC) 2009/1223
"Hydrocarbons, C1-4, Debutanizer Fraction, If They Contain > 0.1% W/W Butadiene",68527-19-5,No,No,Yes,,(EC) 2009/1223
"Hydrocarbons, C1-4, If They Contain > 0.1% W/W Butadiene",68514-31-8,No,No,Yes,,(EC) 2009/1223
"Hydrocarbons, C1-4, Sweetened, If They Contain > 0.1% W/W Butadiene",68514-36-3,No,No,Yes,,(EC) 2009/1223
"Hydrocarbons, C11-17, Solvent-Extd. Light Naphthenic, Except If The Full Refining History Is Known And It Can Be Shown That The Substance From Which It Is Produced Is Not A Carcinogen",97722-08-2,No,No,Yes,,(EC) 2009/1223
"Hydrocarbons, C12-20, Hydrotreated Paraffinic, Distn. Lights, Except If The Full Refining History Is Known And It Can Be Shown That The Substance From Which It Is Produced Is Not A Carcinogen",97675-86-0,No,No,Yes,,(EC) 2009/1223
"Hydrocarbons, C13-27, Solvent-Extd. Light Naphthenic, If They Contain > 3 % W/W Dmso Extract",97722-09-3,No,No,Yes,,(EC) 2009/1223
"Hydrocarbons, C13-30, Arom.-Rich, Solvent-Extd. Naphthenic Distillate, If They Contain > 3 % W/W Dmso Extract",95371-04-3,No,No,Yes,,(EC) 2009/1223
"Hydrocarbons, C14-29, Solvent-Extd. Light Naphthenic, If They Contain > 3 % W/W Dmso Extract",97722-10-6,No,No,Yes,,(EC) 2009/1223
"Hydrocarbons, C16-20, Hydrotreated Middle Distillate, Distn. Lights, Except If The Full Refining History Is Known And It Can Be Shown That The Substance From Which It Is Produced Is Not A Carcinogen",97675-85-9,No,No,Yes,,(EC) 2009/1223
"Hydrocarbons, C16-20, Solvent-Dewaxed Hydrocracked Paraffinic Distn. Residue",97675-88-2,No,No,Yes,,(EC) 2009/1223
"Hydrocarbons, C16-32, Arom. Rich, Solvent-Extd. Naphthenic Distillate, If They Contain > 3 % W/W Dmso Extract",95371-05-4,No,No,Yes,,(EC) 2009/1223
"Hydrocarbons, C17-30, Hydrotreated Distillates, Distn. Lights, If They Contain > 3 % W/W Dmso Extract",97862-82-3,No,No,Yes,,(EC) 2009/1223
"Hydrocarbons, C17-30, Hydrotreated Solvent-Deasphalted Atm. Distn. Residue, Distn. Lights, If They Contain > 3 % W/W Dmso Extract",97675-87-1,No,No,Yes,,(EC) 2009/1223
"Hydrocarbons, C17-40, Hydrotreated Solvent-Deasphalted Distn. Residue, Vacuum Distn. Lights, If They Contain > 3 % W/W Dmso Extract",97722-06-0,No,No,Yes,,(EC) 2009/1223
"Hydrocarbons, C2-4, C3-Rich, If They Contain > 0.1% W/W Butadiene",68476-49-3,No,No,Yes,,(EC) 2009/1223
"Hydrocarbons, C2-4, If They Contain > 0.1% W/W Butadiene",68606-25-7,No,No,Yes,,(EC) 2009/1223
"Hydrocarbons, C20-50, Residual Oil Hydrogenation Vacuum Distillate, If They Contain > 3 % W/W Dmso Extract",93924-61-9,No,No,Yes,,(EC) 2009/1223
"Hydrocarbons, C20-50, Solvent Dewaxed Heavy Paraffinic, Hydrotreated, If They Contain > 3 % W/W Dmso Extract",90640-95-2,No,No,Yes,,(EC) 2009/1223
"Hydrocarbons, C20-58, Hydrotreated, If They Contain > 3 % W/W Dmso Extract",97926-70-0,No,No,Yes,,(EC) 2009/1223
"Hydrocarbons, C26-55, Arom.-Rich",97722-04-8,No,No,Yes,,(EC) 2009/1223
"Hydrocarbons, C27-42, Dearomatized, If They Contain > 3 % W/W Dmso Extract",97862-81-2,No,No,Yes,,(EC) 2009/1223
"Hydrocarbons, C27-42, Naphthenic, If They Contain > 3 % W/W Dmso Extract",97926-71-1,No,No,Yes,,(EC) 2009/1223
"Hydrocarbons, C27-45, Dearomatised, If They Contain > 3 % W/W Dmso Extract",97926-68-6,No,No,Yes,,(EC) 2009/1223
"Hydrocarbons, C27-45, Naphthenic Vacuum Distn,. If They Contain > 3 % W/W Dmso Extract",97862-83-4,No,No,Yes,,(EC) 2009/1223
"Hydrocarbons, C3, If They Contain > 0.1% W/W Butadiene",68606-26-8,No,No,Yes,,(EC) 2009/1223
"Hydrocarbons, C3-4, If They Contain > 0.1% W/W Butadiene",68476-40-4,No,No,Yes,,(EC) 2009/1223
"Hydrocarbons, C3-4-Rich, Petroleum Distillate, If They Contain > 0.1% W/W Butadiene",68512-91-4,No,No,Yes,,(EC) 2009/1223
"Hydrocarbons, C37-65, Hydrotreated Deasphalted Vacuum Distn. Residues, If They Contain > 3 % W/W Dmso Extract",95371-08-7,No,No,Yes,,(EC) 2009/1223
"Hydrocarbons, C37-68, Dewaxed Deasphalted Hydrotreated Vacuum Distn. Residues, If They Contain > 3 % W/W Dmso Extract",95371-07-6,No,No,Yes,,(EC) 2009/1223
"Hydrocarbons, C4, 1,3 -Butadiene- And Isobutene-Free, If They Contain > 0.1% W/W Butadiene",95465-89-7,No,Yes,No,,
"Hydrocarbons, C4, 1,3-Butadiene- And Isobutene-Free, If They Contain > 0.1% W/W Butadiene",95465-89-7,No,No,Yes,,(EC) 2009/1223
"Hydrocarbons, C4, If They Contain > 0.1% W/W Butadiene",87741-01-3,No,No,Yes,,(EC) 2009/1223
"Hydrocarbons, C4, Steam-Cracker Distillate, If They Contain > 0.1 % W/W Butadiene",92045-23-3,No,No,Yes,,(EC) 2009/1223
"Hydrocarbons, C4-5, If They Contain > 0.1% W/W Butadiene",68476-42-6,No,No,Yes,,(EC) 2009/1223
"Hydrocarbons, Hydrocracked Paraffinic Distn. Residues, Solvent-Dewaxed, If They Contain > 3 % W/W Dmso Extract",93763-38-3,No,No,Yes,,(EC) 2009/1223
"Hydrofluoric Acid, Its Normal Salts, Its Complexes And Hydrofluorides With Exception Of Those Given In Annex Iii",7664-39-3,No,No,Yes,,(EC) 2009/1223
Hydrogen Cyanide And Its Salts,74-90-8,No,Yes,Yes,,(EC) 2009/1223
Hydrogen Peroxide,7722-84-1,No,Yes,No,,使用於染髮、燙髮及牙齒美白產品當氧化劑除外. 
Hydroxy-8-Quinoline And Its Sulfate,148-24-3/134-31-6,No,Yes,No,,"使用於染髮、燙髮產品中, 用作Hydrogen peroxide 之安定劑不得超過0.03%(以base計). "
"Hydroxy-8-Quinoline And Its Sulphate Bis(8-Hydroxyquinolinium) Sulphate, Except For The Uses Of The  Sulphate Provided For In Entry 51 Of Annex Iii","148-24-3, 134-31-6",No,No,Yes,,(EU) 2019/1966
"Hydroxyethyl-2,6-Dinitro-P-Anisidine And Its Salts",122252-11-3,No,Yes,No,,
"Hydroxyethyl-2,6-Dinitro-P-Anisidine And Its Salts, When Used As A Substance In Hair Dye Products",122252-11-3,No,No,Yes,,(EC) 2009/1223
Hydroxyethylaminomethyl-P-Aminophenol And Its Salts,110952-46-0/135043-63-9,No,Yes,No,,
"Hydroxyethylaminomethyl-P-Aminophenol And Its Salts, When Used As A Substance In Hair Dye Products","110952-46-0, 135043-63-9",No,No,Yes,,(EC) 2009/1223
Hydroxylamine,7803-49-8,No,No,Yes,,(EU) 2019/831
Hydroxylamine 4-Methylbenzenesulfonate,"10046-00-1, 20845-01-6, 19098-16-9, 53933-48-5",No,No,Yes,,(EU) 2019/831
Hydroxylamine Dihydrogenphosphate,"10046-00-1, 20845-01-6, 19098-16-9, 53933-48-5",No,No,Yes,,(EU) 2019/831
Hydroxylamine Hydrochloride,"5470-11-1, 10039-54-0",No,No,Yes,,(EU) 2019/831
Hydroxylamine Phosphate,"10046-00-1, 20845-01-6, 19098-16-9, 53933-48-5",No,No,Yes,,(EU) 2019/831
Hydroxylamine Sulfate (2:1),"5470-11-1, 10039-54-0",No,No,Yes,,(EU) 2019/831
Hydroxylamine Sulfate(1:1),"10046-00-1, 20845-01-6, 19098-16-9, 53933-48-5",No,No,Yes,,(EU) 2019/831
Hydroxylammonium Chloride,"5470-11-1, 10039-54-0",No,No,Yes,,(EU) 2019/831
Hydroxylammonium Hydrogensulfate,"10046-00-1, 20845-01-6, 19098-16-9, 53933-48-5",No,No,Yes,,(EU) 2019/831
Hydroxylammonium Nitrate,13465-08-2,No,No,Yes,,(EU) 2019/831
Hydroxypyridinone And Its Salts,822-89-9,No,Yes,No,,
"Hydroxypyridinone And Its Salts, When Used As A Substance In Hair Dye Products",822-89-9,No,No,Yes,,(EC) 2009/1223
Hydroxyzine,68-88-2,No,Yes,No,,
Hydroxyzine (Inn),68-88-2,No,No,Yes,,(EC) 2009/1223
Hymexazol (Iso),10004-44-1,No,No,Yes,,(EU) 2021/1902
"Hyoscine, Its Salts And Derivatives",51-34-3,No,Yes,Yes,,(EC) 2009/1223
Hyoscyami Semen,,No,Yes,No,,
"Hyoscyamine, Its Salts And Derivatives",101-31-5,No,Yes,Yes,,(EC) 2009/1223
Hyoscyamus Niger L.,84603-65-6,No,Yes,No,,
"Hyoscyamus Niger L. (Leaves, Seeds, Powder And Galenical Preparations)",84603-65-6,No,No,Yes,,(EC) 2009/1223
"If The Maximum Theoretical Concentration Of Releasable Formaldehyde, Irrespective Of The Source, In The Mixture As Placed On The Market Is ≥ 0,1 % W/W",70161-44-3,No,No,Yes,,(EU) 2021/1902
Illicium Lanceolatum A.C. Smith,,No,Yes,No,,
Imazalil (Iso),35554-44-0,No,No,Yes,,(EU) 2019/831
Imazamox (Iso),114311-32-9,No,No,Yes,,(EU) 2022/1531
Imidazole,288-32-4,No,No,Yes,,(EU) 2019/831
Imidazolidine-2-Thione (Ethylene Thiourea),96-45-7,No,No,Yes,,(EC) 2009/1223
Imiprothrin (Iso),72963-72-5,No,No,Yes,,(EU) 2021/1902
Impatientis Semen,,No,Yes,No,,
"Imperatorin (9-(3-Methylbut-2-Enyloxy)Furo[3,2-G]Chromen-7-One)",482-44-0,No,No,Yes,,(EC) 2009/1223
"In Sun Protection And In Bronzing Products, Furocoumarines Shall Be Below 1 Mg/Kg","298-81-7, 484-20-8, 3902-71-4",No,No,Yes,,(EC) 2009/1223
Inci: Trimethylbenzoyl Diphenylphosphine Oxide,75980-60-8,No,No,Yes,,(EU) 2025/877
Indium Phosphide,22398-80-7,No,No,Yes,,(EU) 2019/831
"Inorganic Nitrites, With Exception Of Sodium Nitrite",14797-65-0,No,No,Yes,,(EC) 2009/1223
Inproquone,436-40-8,No,Yes,No,,
Inproquone (Inn),436-40-8,No,No,Yes,,(EC) 2009/1223
Iodine,7553-56-2,No,No,Yes,,(EC) 2009/1223
Iodomethane,74-88-4,No,Yes,No,,
Iodomethane (Methyl Iodide),74-88-4,No,No,Yes,,(EC) 2009/1223
Ipconazole (Iso),"125225-28-7, 115850-69-6, 115937-89-8",No,No,Yes,,(EU) 2021/1902
Ipecacuanha,8012-96-2,No,Yes,No,,
"Ipecacuanha (Cephaelis Ipecacuanha Brot. And Related Species) (Roots, Powder And Galenical Preparations)",8012-96-2,No,No,Yes,,(EC) 2009/1223
Iprodione,36734-19-7,No,No,Yes,,(EC) 2009/1223
Iprovalicarb (Iso),140923-17-7,No,No,Yes,,(EU) 2021/1902
Isobutane,75-28-5,No,No,Yes,"Isobutane | Isobutane, If It Contains = >0,1% W/W Butadiene",(EC) 2009/1223
Isobutyl 4-Hydroxybenzoate (Inci: Isobutylparaben) /Sodium Salt Or Salts Of Isobutylparaben,4247-02-3,No,No,Yes,,(EU) 2014/358
Isobutyl Methyl Ketone (Mibk),108-10-1,No,No,Yes,,(EU) 2022/1531
Isobutyl Nitrite,542-56-3,No,No,Yes,,(EC) 2009/1223
Isobutylparaben,2/3/4247,Yes,No,No,,Ban Year: 2025
Isocarboxazid,59-63-2,No,Yes,No,,
Isocarboxazid (Inn),59-63-2,No,No,Yes,,(EC) 2009/1223
Isoflucypram,1255734-28-1,No,No,Yes,,(EU) 2023/1490
Isometheptene  And Its Salts,503-01-5,No,Yes,No,,
Isometheptene (Inn) And Its Salts,503-01-5,No,No,Yes,,(EC) 2009/1223
Isoprenaline,7683-59-2,No,Yes,No,,
Isoprenaline (Inn),7683-59-2,No,No,Yes,,(EC) 2009/1223
Isoprene (Stabilized),78-79-5,No,No,Yes,,(EC) 2009/1223
Isoprene ;,78-79-5,No,Yes,No,,
Isopropyl 3-Chlorocarbanilate,101-21-3,No,No,Yes,,(EU) 2019/831
Isopropyl 4-Hydroxybenzoate (Inci: Isopropylparaben) Sodium Salt Or Sats Of Isopropylparaben,4191-73-5,No,No,Yes,,(EU) 2014/358
Isopropyl [(2S)-3- Methyl-1-{[1-(4- Methylphenyl)Ethyl] Amino}-1-Oxobutan-2- Yl]Carbamate,140923-17-7,No,No,Yes,,(EU) 2021/1902
"Isopropyl [(S)-1-{[(R)-1-(6-Fluoro-1,3-Benzothiazol-2-Yl)Ethyl]Carbamoyl}-2-Methylpropyl]Carbamate",177406-68-7,No,No,Yes,,(EU) 2026/78
Isopropylparaben,4191-73-5,Yes,No,No,,Ban Year: 2025
Isopyrazam,881685-58-1,No,No,Yes,,(EU) 2023/1490
Isosorbide Dinitrate,87-33-2,No,Yes,No,,
Isosorbide Dinitrate (Inn),87-33-2,No,No,Yes,,(EC) 2009/1223
Isoxaflutole,141112-29-0,No,No,Yes,,(EC) 2009/1223
Juniperus Sabina L.,90046-04-1,No,Yes,No,,
"Juniperus Sabina L. (Leaves, Essential Oil And Galenical Preparations)",90046-04-1,No,No,Yes,,(EC) 2009/1223
Ketoconazole,65277-42-1,No,No,Yes,,(EU) 2019/831
Knoxiae Radix,,No,Yes,No,,
Kresoxim-Methyl,143390-89-0,No,No,Yes,,(EC) 2009/1223
Laccaic Acid  And Its Salts,60687-93-6,No,Yes,No,,
"Laccaic Acid (Ci Natural Red 25) And Its Salts, When Used As A Substance In Hair Dye Products",60687-93-6,No,No,Yes,,(EC) 2009/1223
"Lead Acetate, It Trihydrate And Derivatives",6080-56-4,No,Yes,No,,
Lead And Its Compounds,7439-92-1,No,Yes,Yes,,"化粧品於製造過程中, 如因所需使用原料或其他因素, 且技術上無法避免, 致含自然殘留微量時, 則其最終製品中所含不純物重金屬鉛之殘留量, 不得超過10ppm.  | (EC) 2009/1223"
Lenacil (Iso),2164-08-1,No,No,Yes,,(EU) 2019/831
Leptophos,21609-90-5,No,Yes,No,,
Leucomalachite Green,129-73-7,No,No,Yes,,(EU) 2019/831
Lidocaine,137-58-6,No,Yes,No,,
Lidocaine (Inn),137-58-6,No,No,Yes,,(EC) 2009/1223
Linuron (Iso),330-55-2,No,No,Yes,,(EC) 2009/1223
Lithium Heptadecafluorooctanesulfonate,"1763-23-1, 2795-39-3, 70225-14-8, 29081-56-9, 29457-72-5",No,No,Yes,,(EU) 2019/831
Lithium Nickel Dioxide,"12004-35-2, 12035-39-1, 12653-76-8, 52502-12-2, 68016-03-5, 70692-93-2, 14177-55-0, 14177-51-6, 68515-84-4, 12031-65-1, 12673-58-4",No,No,Yes,,(EU) 2019/831
Lithium Perfluorooctane Sulfonate,"29457-72-5, 1763-23-1, 2795-39-3, 70225-14-8, 29081-56-9",Yes,No,Yes,,Ban Year: 2025 | (EU) 2019/831
Lobelia Inflata L. And Its Galenical Preparations,84696-23-1,No,Yes,Yes,,(EC) 2009/1223
Lobeline  And Its Salts,90-69-7,No,Yes,No,,
Lobeline (Inn) And Its Salts,90-69-7,No,No,Yes,,(EC) 2009/1223
Local Anesthetics,,No,Yes,No,,
"Lubricating Greases, Except If The Full Refining History Is Known And It Can Be Shown That The Substance From Which It Is Produced Is Not A Carcinogen",74869-21-9,No,No,Yes,,(EC) 2009/1223
"Lubricating Oils (Petroleum), Base Oils, Paraffinic, If They Contain > 3 % W/W Dmso Extract",93572-43-1,No,No,Yes,,(EC) 2009/1223
"Lubricating Oils (Petroleum), C15-30, Hydrotreated Neutral Oil-Based, If They Contain > 3 % W/W Dmso Extract",72623-86-0,No,No,Yes,,(EC) 2009/1223
"Lubricating Oils (Petroleum), C17-32, Solvent-Extd., Dewaxed, Hydrogenated, If They Contain > 3 % W/W Dmso Extract",101316-70-5,No,No,Yes,,(EC) 2009/1223
"Lubricating Oils (Petroleum), C17-35, Solvent-Extd., Dewaxed, Hydrotreated, If They Contain > 3 % W/W Dmso Extract",92045-42-6,No,No,Yes,,(EC) 2009/1223
"Lubricating Oils (Petroleum), C18-27, Hydrocracked Solvent-Dewaxed, If They Contain > 3 % W/W Dmso Extract",97488-95-4,No,No,Yes,,(EC) 2009/1223
"Lubricating Oils (Petroleum), C18-40, Solvent-Dewaxed Hydrocracked Distillate-Based, If They Contain > 3 % W/W Dmso Extract",94733-15-0,No,No,Yes,,(EC) 2009/1223
"Lubricating Oils (Petroleum), C18-40, Solvent-Dewaxed Hydrogenated Raffinate-Based, If They Contain > 3 % W/W Dmso Extract",94733-16-1,No,No,Yes,,(EC) 2009/1223
"Lubricating Oils (Petroleum), C20-35, Solvent-Extd., Dewaxed, Hydrogenated, If They Contain > 3 % W/W Dmso Extract",101316-71-6,No,No,Yes,,(EC) 2009/1223
"Lubricating Oils (Petroleum), C20-50, Hydrotreated Neutral Oil-Based, High-Viscosity, If They Contain > 3 % W/W Dmso Extract",72623-85-9,No,No,Yes,,(EC) 2009/1223
"Lubricating Oils (Petroleum), C20-50, Hydrotreated Neutral Oil-Based, If They Contain > 3 % W/W Dmso Extract",72623-87-1,No,No,Yes,,(EC) 2009/1223
"Lubricating Oils (Petroleum), C24-50, Solvent-Extd., Dewaxed, Hydrogenated, If They Contain > 3 % W/W Dmso Extract",101316-72-7,No,No,Yes,,(EC) 2009/1223
"Lubricating Oils (Petroleum), C>25, Solvent-Extd., Deasphalted, Dewaxed, Hydrogenated, If They Contain > 3 % W/W Dmso Extract",101316-69-2,No,No,Yes,,(EC) 2009/1223
"Lubricating Oils (Petroleum), Hydrocracked Nonarom Solvent-Deparaffined, If They Contain > 3 % W/W Dmso Extract",92045-43-7,No,No,Yes,,(EC) 2009/1223
"Lubricating Oils, If They Contain > 3 % W/W Dmso Extract",74869-22-0,No,No,Yes,,(EC) 2009/1223
Lycoris Radiata Herb.,,No,Yes,No,,
Lysergide   And Its Salts,50-37-3,No,Yes,No,,
Lysergide (Inn) (Lsd) And Its Salts,50-37-3,No,No,Yes,,(EC) 2009/1223
M-Phenylenediamine And Its Salts,"108-45-2, 108-45-2/541-69-5/541-70-8",Yes,Yes,Yes,,Ban Year: 2025 | (EC) 2009/1223
"M-Phenylenediamine, 4-(Phenylazo)-, And Its Salts, When Used As A Substance In Hair Dye Products",495-54-5,No,No,Yes,,(EC) 2009/1223
"M-Phenylenediamine, 4--, And Its Salts",495-54-5,No,Yes,No,,
M-Tolylidene Diisocyanate,26471-62-5,No,Yes,No,,
M-Tolylidene Diisocyanate (Toluene Diisocyanate),26471-62-5,No,No,Yes,,(EC) 2009/1223
Malachite Green,569-64-2,Yes,No,No,,Ban Year: 2027
Malachite Green Hydrochloride,"569-64-2, 18015-76-4",No,No,Yes,,(EC) 2009/1223
Malachite Green Oxalate,"569-64-2, 18015-76-4",No,No,Yes,,(EC) 2009/1223
Malononitrile,109-77-3,No,No,Yes,,(EC) 2009/1223
Mancozeb (Iso),8018-01-7,No,No,Yes,,(EU) 2019/831
Maneb (Iso),12427-38-2,No,No,Yes,,(EU) 2019/831
Manganese Ethylenebis(Dithiocarbamate) (Polymeric),12427-38-2,No,No,Yes,,(EU) 2019/831
Manganese Ethylenebis(Dithiocarbamate) (Polymeric) Complex With Zinc Salt,8018-01-7,No,No,Yes,,(EU) 2019/831
Mannomustine  And Its Salts,576-68-1,No,Yes,No,,
Mannomustine (Inn) And Its Salts,576-68-1,No,No,Yes,,(EC) 2009/1223
"Margosa, Ext. [From The Kernels Of Azadirachta Indica Extracted With Water And Further Processed With Organic Solvents]",84696-25-3,No,No,Yes,,(EU) 2023/1490
Mecamylamine,60-40-2,No,Yes,No,,
Mecamylamine (Inn),60-40-2,No,No,Yes,,(EC) 2009/1223
Mefeclorazine  And Its Salts,1243-33-0,No,Yes,No,,
Mefeclorazine (Inn) And Its Salts,1243-33-0,No,No,Yes,,(EC) 2009/1223
Melamine,108-78-1,No,No,Yes,,(EU) 2023/1490
Mepanipyrim,110235-47-7,No,No,Yes,,(EU) 2019/831
Mephenesin  And Its Esters,59-47-2,No,Yes,No,,
Mephenesin (Inn) And Its Esters,59-47-2,No,No,Yes,,(EC) 2009/1223
Meprobamate,57-53-4,No,Yes,No,,
Meprobamate (Inn),57-53-4,No,No,Yes,,(EC) 2009/1223
Mercury,7439-97-6,Yes,No,No,,Ban Year: 2025
Mercury And Its Compounds,7439-97-6,No,Yes,No,,"1.化粧品防腐劑成分名稱及使用限制表中另有規定者除外. 2.化粧品於製造過程中, 如因所需使用原料或其他等因素, 且技術上無法排除, 致含自然殘留微量之重金屬汞(水銀)時, 則其最終製品中所含不純物重金屬汞(水銀)之殘留量不得超過1ppm. "
"Mercury And Its Compounds, Except Those Special Cases Included In Annex V",7439-97-6,No,No,Yes,,(EC) 2009/1223
Mesotrione (Iso),104206-82-8,No,No,Yes,,(EU) 2021/1902
Metaflumizone (Iso),"139968-49-3, 852403-68-0",No,No,Yes,,(EU) 2021/850
Metaldehyde,9002-91-9,No,Yes,Yes,,(EC) 2009/1223
Metaldehyde (Iso),108-62-3,No,No,Yes,,(EU) 2021/850
Metamfepramone  And Its Salts,15351-09-4,No,Yes,No,,
Metamfepramone (Inn) And Its Salts,15351-09-4,No,No,Yes,,(EC) 2009/1223
Metazachlor (Iso),67129-08-2,No,No,Yes,,(EU) 2019/831
Metconazole (Iso),125116-23-6,No,No,Yes,,(EU) 2019/831
Metethoheptazine  And Its Salts,509-84-2,No,Yes,No,,
Metethoheptazine (Inn) And Its Salts,509-84-2,No,No,Yes,,(EC) 2009/1223
Metformin  And Its Salts,657-24-9,No,Yes,No,,
Metformin (Inn) And Its Salts,657-24-9,No,No,Yes,,(EC) 2009/1223
Methacrylamide And,,No,No,Yes,,(EC) 2009/1223
Methanediol,463-57-0,No,No,Yes,,(EU) 2019/831
Methapyrilene  And Its Salts,91-80-5,No,Yes,No,,
Methapyrilene (Inn) And Its Salts,91-80-5,No,No,Yes,,(EC) 2009/1223
Metheptazine  And Its Salts,469-78-3,No,Yes,No,,
Metheptazine (Inn) And Its Salts,469-78-3,No,No,Yes,,(EC) 2009/1223
Methocarbamol,532-03-6,No,Yes,No,,
Methocarbamol (Inn),532-03-6,No,No,Yes,,(EC) 2009/1223
Methotrexate,59-05-2,No,Yes,No,,
Methotrexate (Inn),59-05-2,No,No,Yes,,(EC) 2009/1223
Methoxyacetic Acid,625-45-6,No,No,Yes,,(EC) 2009/1223
"Methyl 2-({[4-(Dimethylamino)-6-(2,2,2- Trifluoroethoxy)-1,3,5-Triazin-2- Yl]Carbamoyl}Sulfamoyl)-3- Methylbenzoate",126535-15-7,No,No,Yes,,(EU) 2019/831
"Methyl 3-Chloro-5-{[(4,6- Dimethoxypyrimidin-2-Yl) Carbamoyl]Sulfamoyl}-1- Methyl-1H-Pyrazole-4- Carboxylate",100784-20-1,No,No,Yes,,(EU) 2021/850
Methyl Acetate,592-62-1,No,Yes,No,,
Methyl Alcohol,67-56-1,No,Yes,No,,"化粧品於製造過程中, 如因所需使用之原料或其他因素, 且技術上無法避免, 致含自然殘留微量時, 則其最終製品中所含甲醇(methyl alcohol)之殘留量, 不得超過2000ppm. "
Methyl Ethyl (2-(Hydroxymethylcarbamoyl)Ethyl)Phosphonate,,No,No,Yes,,(EU) 2019/831
Methyl Hydrazine,60-34-4,No,Yes,No,,
Methyl Isocyanate,624-83-9,No,Yes,Yes,,(EC) 2009/1223
Methyl Methacrylate,80-62-6,No,Yes,No,,
Methyl N-(2-{[1-(4-Chlorophenyl)-1H-Pyrazol-3-Yl]Oxymethyl}Phenyl) N-Methoxy Carbamate,175013-18-0,No,No,Yes,,(EU) 2026/78
Methyl N-(Isopropoxycarbonyl)-L-Valyl-(3Rs)-3-(4-Chlorophenyl)-Β-Alaninate,283159-90-0,No,No,Yes,,(EU) 2023/1490
"Methyl Trans-2-Butenoate, When Used As A Fragrance Ingredient",623-43-8,No,No,Yes,,(EC) 2009/1223
Methylene Chloride,75-09-2,No,No,Yes,,(EU) 2019/831
Methylene Glycol,463-57-0,Yes,No,Yes,,Ban Year: 2025 | (EU) 2019/831
Methylenediphenyl Diisocyanate,"101-68-8, 2536-05-2, 5873-54-1, 26447-40-5",No,No,Yes,,(EU) 2019/831
Methylhydrazine,60-34-4,No,No,Yes,,(EU) 2019/831
Methylmercuric Chloride,115-09-3,No,No,Yes,,(EU) 2021/850
Methylolacrylamide,924-42-5,No,No,Yes,,(EU) 2021/1902
Methyloxirane,75-56-9,No,Yes,No,,
Methyloxirane (Propylene Oxide),75-56-9,No,No,Yes,,(EC) 2009/1223
Methylphenidate  And Its Salts,113-45-1,No,Yes,No,,
Methylphenidate (Inn) And Its Salts,113-45-1,No,No,Yes,,(EC) 2009/1223
Methyprylon  And Its Salts,125-64-4,No,Yes,No,,
Methyprylon (Inn) And Its Salts,125-64-4,No,No,Yes,,(EC) 2009/1223
Metosulam (Iso),139528-85-1,No,No,Yes,,(EU) 2019/831
Metyrapone,54-36-4,No,Yes,No,,
Metyrapone (Inn),54-36-4,No,No,Yes,,(EC) 2009/1223
Millerite,"16812-54-7, 11113-75-0, 1314-04-1",No,No,Yes,,(EC) 2009/1223
"Mineral Wool, With The Exception Of Those Specified Elsewhere In This Annex",,No,No,Yes,,(EC) 2009/1223
Mofebutazone,2210-63-1,No,Yes,No,,
Mofebutazone (Inn),2210-63-1,No,No,Yes,,(EC) 2009/1223
Molinate (Iso),2212-67-1,No,No,Yes,,(EC) 2009/1223
Molybdenum Nickel Hydroxide Oxide Phosphate,"7757-95-1, 15851-52-2, 15852-21-8, 68130-36-9",No,No,Yes,,(EU) 2019/831
Molybdenum Nickel Oxide,"12004-35-2, 12035-39-1, 12653-76-8, 52502-12-2, 68016-03-5, 70692-93-2, 14177-55-0, 14177-51-6, 68515-84-4, 12031-65-1, 12673-58-4",No,No,Yes,,(EU) 2019/831
Molybdenum Nickel Tetraoxide,"12004-35-2, 12035-39-1, 12653-76-8, 52502-12-2, 68016-03-5, 70692-93-2, 14177-55-0, 14177-51-6, 68515-84-4, 12031-65-1, 12673-58-4",No,No,Yes,,(EU) 2019/831
Molybdenum Trioxide,1313-27-5,No,No,Yes,,(EU) 2019/831
Monocrotophos,6923-22-4,No,No,Yes,,(EC) 2009/1223
Monofluoroacetamide,640-19-7,No,Yes,No,,
Monuron,150-68-5,No,No,Yes,,(EC) 2009/1223
Monuron-Tca,140-41-0,No,No,Yes,,(EC) 2009/1223
Morpholine And Its Salts,110-91-8,No,No,Yes,,(EC) 2009/1223
Morpholine-4-Carbonyl Chloride,15159-40-7,No,No,Yes,,(EC) 2009/1223
Moved Or Deleted,110-49-6,No,No,Yes,,(EC) 2009/1223
"Multi-Walled Carbon Tubes (Synthetic Graphite In Tubular Shape) With A Geometric Tube Diameter Range ≥ 30 Nm To < 3 Μm And A Length ≥ 5 Μm And Aspect Ratio > 3:1, Including Multi-Walled Carbon Nanotubes, Mwc(N)T",,No,No,Yes,,(EU) 2026/78
Myclobutanil (Iso),88671-89-0,No,No,Yes,,(EC) 2009/1223
"N'-(4-Chloro-O-Tolyl)-N,N-Dimethylformamidine Monohydrochloride",19750-95-9,No,No,Yes,,(EC) 2009/1223
"N,N',N''-Tris(2-Methyl-2,3-Epoxypropyl)-Perhydro-2,4,6-Oxo-1,3,5-Triazine",26157-73-3,No,No,Yes,,(EU) 2019/831
"N,N'-Diacetylbenzidine",613-35-4,No,No,Yes,,(EU) 2019/831
"N,N'-Dihexadecyl-N,N'-Bis(2-Hydroxyethyl)Propanediamide",149591-38-8,No,No,Yes,,(EC) 2009/1223
"N,N'-Dimethyl-N-Hydroxyethyl-3-Nitro-P-Phenylenediamine And Its Salts",10228-03-2,No,Yes,No,,
"N,N'-Dimethyl-N-Hydroxyethyl-3-Nitro-P-Phenylenediamine And Its Salts, When Used As A Substance In Hair Dye Products",10228-03-2,No,No,Yes,,(EC) 2009/1223
"N,N'-Hexamethylenebis (Trimethylammonium) Salts, E.G. Hexamethonium Bromide (Inn)",55-97-0,No,No,Yes,,(EC) 2009/1223
"N,N'-Hexamethylenebis Salts, E. G. Hexamethonium Bromide",55-97-0,No,Yes,No,,
"N,N'-Methylenebismorpholine",5625-90-1,No,No,Yes,,(EU) 2019/831
"N,N'-Methylenediacrylamide",110-26-9,No,No,Yes,,(EU) 2026/78
"N,N'-Methylenedimorpholine",5625-90-1,No,No,Yes,,(EU) 2019/831
"N,N'-Pentamethylenebis Salts, E. G. Pentamethonium Bromide",541-20-8,No,Yes,No,,
"N,N'-Pentamethylenebis(Trimethylammonium) Salts, E.G. Pentamethonium Bromide (Inn)",541-20-8,No,No,Yes,,(EC) 2009/1223
"N,N'-[(Methylimino)Diethylene]Bis(Ethyldimethylammonium) Salts, E.G. Azamethonium Bromide (Inn)",306-53-6,No,No,Yes,,(EC) 2009/1223
"N,N'-[Diethylene]Bis Salts, E. G. Azamethonium Bromide",306-53-6,No,Yes,No,,
"N,N,N',N'-Tetraglycidyl-4,4'-Diamino-3,3'-Diethyldiphenylmethane",130728-76-6,No,No,Yes,,(EC) 2009/1223
"N,N,N',N'-Tetramethyl-4,4'-Benzylidenedianiline",129-73-7,No,No,Yes,,(EU) 2019/831
"N,N,N',N'-Tetramethyl-4,4'-Methylenedianiline",101-61-1,No,No,Yes,,(EC) 2009/1223
"N,N-(Dimethylamino)Thioacetamide Hydrochloride",27366-72-9,No,No,Yes,,(EU) 2019/831
"N,N-Bis(2-Chloroethyl)Methylamine N-Oxide And Its Salts",126-85-2,No,No,Yes,,(EC) 2009/1223
"N,N-Bismethylamine N-Oxide And Its Salts",126-85-2,No,Yes,No,,
"N,N-Diethyl-M-Aminophenol",91-68-9/68239-84-9,No,Yes,No,,
"N,N-Diethyl-M-Aminophenol, When Used As A Substance In Hair Dye Products","91-68-9, 68239-84-9",No,No,Yes,,(EC) 2009/1223
"N,N-Diethyl-P-Phenylenediamine And Its Salts",6065-27-6/ 6283-63-2/93-05-0,No,Yes,No,,
"N,N-Diethyl-P-Phenylenediamine And Its Salts, When Used As A Substance In Hair Dye Products","93-05-0, 6065-27-6, 6283-63-2",No,No,Yes,,(EC) 2009/1223
"N,N-Dimethyl-2,6-Pyridinediamine And Its Hcl Salt",,No,Yes,No,,
"N,N-Dimethyl-2,6-Pyridinediamine And Its Hcl Salt, When Used As A Substance In Hair Dye Products",,No,No,Yes,,(EC) 2009/1223
"N,N-Dimethyl-P-Phenylenediamine And Its Salts",99-98-9/6219-73-4,No,Yes,No,,
"N,N-Dimethyl-P-Phenylenediamine And Its Salts, When Used As A Substance In Hair Dye Products","99-98-9, 6219-73-4",No,No,Yes,,(EC) 2009/1223
"N,N-Dimethyl-P-Toluidine",99-97-8,No,No,Yes,,(EU) 2025/877
"N,N-Dimethylacetamide",127-19-5,No,No,Yes,,(EC) 2009/1223
"N,N-Dimethylaniline",121-69-7,No,No,Yes,,(EC) 2009/1223
"N,N-Dimethylanilinium Tetrakis(Pentafluorophenyl)Borate",118612-00-3,No,No,Yes,,(EC) 2009/1223
"N,N-Dipropyl-2,6-Dinitro-4-Trifluoromethylaniline",1582-09-8,No,No,Yes,,(EU) 2019/831
"N-(1-Ethylpropyl)-2,6-Dinitro-3,4-Xylidene",40487-42-1,No,No,Yes,,(EU) 2023/1490
"N-(2,3-Dihydroxypropoxymethyl)-2-Methylacrylamide",,No,No,Yes,,(EC) 2009/1223
"N-(2,6-Dichloro-3-Methylphenyl)-5,7-Dimethoxy[1,2,4]Triazolo[1,5-A]Pyrimidine-2-Sulfonamide",139528-85-1,No,No,Yes,,(EU) 2019/831
"N-(2-Methoxyethyl)-P-Phenylenediamine And Its Hcl Salt, When Used As A Substance In Hair Dye Products","72584-59-9, 66566-48-1",No,No,Yes,,(EC) 2009/1223
N-(2-Niro-4-Aminophenyl)-Allylamine (Hc Red No 16) And Its Salts,160219-76-1,No,No,Yes,,(EU) 2013/658
N-(2-Nitrophenyl)Phosphoric Triamide,874819-71-3,No,No,Yes,,(EU) 2023/1490
"N-(3-Carbamoyl-3,3-Diphenylpropyl)-N,N-Diisopropylmethylammonium Salts, E.G. Isopropamide Iodide (Inn)",71-81-8,No,No,Yes,,(EC) 2009/1223
"N-(5-Chloro-2,4-Dimethoxyphenyl)-4-[[5-[(Diethylamino)Sulphonyl]-2-Methoxyphenyl]Azo]-3-Hydroxynaphthalene-2-Carboxamide (Pigment Red 5",6410-41-9,No,No,Yes,,(EC) 2013/344
N-(5-Chloro-2-Isopropylbenzyl)-N-Cyclopropyl-3-(Difluoromethyl)-5-Fluoro-1-Methyl-1H-Pyrazole-4-Carboxamide,1255734-28-1,No,No,Yes,,(EU) 2023/1490
N-(5-Chlorobenzoxazol-2-Yl)Acetamide,35783-57-4,No,No,Yes,,(EC) 2009/1223
N-(Hydroxymethyl)Acrylamide,924-42-5,No,No,Yes,,(EU) 2021/1902
N-(Trichloromethylthio)Phthalimide (Folpet - Iso),133-07-3,No,No,Yes,,(EC) 2009/1223
"N--4-Cyclohexene-1,2-Dicarboximide)",133-06-2,No,Yes,No,,
"N--N,N-Diisopropylmethyl-Ammonium Salts, E. G. Isopropamide Iodide",71-81-8,No,Yes,No,,
N--P-Phenylenediamine And Its Hcl Salt,72584-59-9/66566-48-1,No,Yes,No,,
N-2-Naphthylaniline,135-88-6,No,No,Yes,,(EC) 2009/1223
"N-Butyl-N-Ethyl-A,A,A-Trifluoro-2,6-Dinitro-P-Toluidine",1861-40-1,No,No,Yes,,(EU) 2025/877
N-Carboxymethyliminobis(Ethylenenitrilo)Tetra(Acetic Acid),67-43-6,No,No,Yes,,(EU) 2023/1490
"N-Cyclohexyl-N-Methoxy-2,5-Dimethyl-3-Furamide (Furmecyclox - Iso)",60568-05-0,No,No,Yes,,(EC) 2009/1223
N-Cyclopentyl-M-Aminophenol,104903-49-3,No,Yes,No,,
"N-Cyclopentyl-M-Aminophenol, When Used As A Substance In Hair Dye Products",104903-49-3,No,No,Yes,,(EC) 2009/1223
N-Ethyl-2-Pyrrolidone,2687-91-4,No,No,Yes,,(EU) 2019/831
"N-Methoxy-N-[1-Methyl-2-(2,4,6-Trichlorophenyl)-Ethyl]-3-(Difluoromethyl)-1-Methylpyrazole-4-Carboxamide",1228284-64-7,No,No,Yes,,(EU) 2022/1531
"N-Methyl-1,4-Diaminoanthraquinone, Reaction Products With Epichlorohydrin And Monoethanolamine  And Its Salts",158571-57-4,No,Yes,No,,
"N-Methyl-1,4-Diaminoanthraquinone, Reaction Products With Epichlorohydrin And Monoethanolamine (Hc Blue No 4) And Its Salts, When Used As A Substance In Hair Dye Products",158571-57-4,No,No,Yes,,(EC) 2009/1223
N-Methyl-2-Pyrrolidone,872-50-4,No,No,Yes,,(EU) 2019/831
N-Methyl-3-Nitro-P-Phenylenediamine And Its Salts,2973-21-9,No,Yes,No,,
"N-Methyl-3-Nitro-P-Phenylenediamine And Its Salts, When Used As A Substance In Hair Dye Products",2973-21-9,No,No,Yes,,(EC) 2009/1223
N-Methylacetamide,79-16-3,No,Yes,Yes,,(EC) 2009/1223
N-Methylformamide,123-39-7,No,No,Yes,,(EC) 2009/1223
N-Nitroso-N-Methylurea,684-93-5,No,Yes,No,,
N-Pentyl-Isopentylphthalate,"84777-06-0, 776297-69-9, 131-18-0, 605-50-5",No,No,Yes,,(EC) 2009/1223
N-Phthalimide ),133-07-3,No,Yes,No,,
N-Propyl Bromide,106-94-5,No,No,Yes,,(EC) 2009/1223
"N-[2,3-Bis-(2-Methylacryloylaminomethoxy)Propoxymethyl]-2-Methylacrylamide And",,No,No,Yes,,(EC) 2009/1223
N-[2-(3-Acetyl-5-Nitrothiophen-2-Ylazo)-5-Diethylaminophenyl]Acetamide,777891-21-1,No,No,Yes,,(EC) 2009/1223
"N-[6,9-Dihydro-9-[[2-Hydroxy-1-(Hydroxymethyl)Ethoxy]Methyl]-6-Oxo-1H-Purin-2-Yl]Acetamide",84245-12-5,No,No,Yes,,(EU) 2019/831
"N-[6-[(2-Chloro-4-Hydroxyphenyl)Imino]-4-Methoxy-3-Oxo-1,4-Cyclohexadien-1-Yl]Acetamide (Hc Yellow No 8) And Its Salts, When Used As A Substance In Hair Dye Products",66612-11-1,No,No,Yes,,(EC) 2009/1223
"N-[6-[Imino]-4-Methoxy-3-Oxo-1,4-Cyclohexadien-1-Yl]Acetamide  And Its Salts",66612-11-1,No,Yes,No,,
"N-{2-[[1,1'-Bi(Cyclopropyl)]-2-Yl]Phenyl}-3-(Difluoromethyl)-1-Methyl-1H-Pyrazole-4-Carboxamide",874967-67-6,No,No,Yes,,(EU) 2022/1531
"N1-(2-Hydroxyethyl)-4-Nitro-O-Phenylenediamine (Hc Yellow No 5) And Its Salts, When Used As A Substance In Hair Dye Products",56932-44-6,No,No,Yes,,(EC) 2009/1223
"N1-(Tris(Hydroxymethyl))Methyl-4-Nitro-1,2-Phenylenediamine (Hc Yellow No 3) And Its Salts, When Used As A Substance In Hair Dye Products",56932-45-7,No,No,Yes,,(EC) 2009/1223
"N1-)Methyl-4-Nitro-1,2-Phenylenediamine  And Its Salts",56932-45-7,No,Yes,No,,
N1--4-Nitro-O-Phenylenediamine  And Its Salts,56932-44-6,No,Yes,No,,
"Nalorphine (Inn), Its Salts And Ethers",62-67-9,No,No,Yes,,(EC) 2009/1223
"Nalorphine , Its Salts And Ethers",62-67-9,No,Yes,No,,
Naphazoline  And Its Salts,835-31-4,No,Yes,No,,
Naphazoline (Inn) And Its Salts,835-31-4,No,No,Yes,,(EC) 2009/1223
"Naphtha (Petroleum), Solvent-Refined Hydrodesulfurised Heavy, Except If The Full Refining History Is Known And It Can Be Shown That The Substance From Which It Is Produced Is Not A Carcinogen",97488-96-5,No,No,Yes,,(EC) 2009/1223
Naphthalene,91-20-3,No,Yes,Yes,,(EC) 2009/1223
"Naphthenic Oils (Petroleum), Catalytic Dewaxed Heavy, If They Contain > 3 % W/W Dmso Extract",64742-68-3,No,No,Yes,,(EC) 2009/1223
"Naphthenic Oils (Petroleum), Catalytic Dewaxed Light, If They Contain > 3 % W/W Dmso Extract",64742-69-4,No,No,Yes,,(EC) 2009/1223
"Naphthenic Oils (Petroleum), Complex Dewaxed Heavy, If They Contain > 3 % W/W Dmso Extract",64742-75-2,No,No,Yes,,(EC) 2009/1223
"Naphthenic Oils (Petroleum), Complex Dewaxed Light, If They Contain > 3 % W/W Dmso Extract",64742-76-3,No,No,Yes,,(EC) 2009/1223
"Narcotics, Natural And Synthetic: All Substances Listed In Tables I And Ii Of The Single Convention On Narcotic Drugs Signed In New York On 30 March 1961",,No,No,Yes,,(EC) 2009/1223
"Neodecanoic Acid, Nickel Salt","16083-14-0, 3349-08-4, 39819-65-3, 18721-51-2, 18283-82-4, 22605-92-1, 4454-16-4, 7580-31-6, 93983-68-7, 29317-63-3, 27637-46-3, 84852-37-9, 93920-10-6, 85508-43-6, 85508-44-7, 51818-56-5",No,No,Yes,,(EU) 2019/831
Neodymium And Its Salts,7440-00-8,No,Yes,Yes,,(EC) 2009/1223
Neostigmine And Its Salts (E.G. Neostigmine Bromide (Inn)),114-80-7,No,No,Yes,,(EC) 2009/1223
Neostigmine And Its Salts E. G. Neostigmine Bromide,114-80-7,No,Yes,No,,
Nerium Indicum Mill.,,No,Yes,No,,
Nickel,7440-02-0,No,No,Yes,,(EC) 2009/1223
Nickel (Ii) Sulfide,"16812-54-7, 11113-75-0, 1314-04-1",No,No,Yes,,(EC) 2009/1223
"Nickel 3,5-Bis(Tert-Butyl)-4-Hydroxybenzoate (1:2)","16083-14-0, 3349-08-4, 39819-65-3, 18721-51-2, 18283-82-4, 22605-92-1, 4454-16-4, 7580-31-6, 93983-68-7, 29317-63-3, 27637-46-3, 84852-37-9, 93920-10-6, 85508-43-6, 85508-44-7, 51818-56-5",No,No,Yes,,(EU) 2019/831
Nickel Acetate,"373-02-4, 14998-37-9",No,No,Yes,,(EU) 2019/831
Nickel Arsenide,"68186-89-0, 58591-45-0, 12737-30-3, 27016-75-7, 12068-61-0",No,No,Yes,,(EU) 2019/831
Nickel Barium Titanium Primrose Priderite,68610-24-2,No,No,Yes,,(EU) 2019/831
Nickel Bis(2-Ethylhexanoate),"16083-14-0, 3349-08-4, 39819-65-3, 18721-51-2, 18283-82-4, 22605-92-1, 4454-16-4, 7580-31-6, 93983-68-7, 29317-63-3, 27637-46-3, 84852-37-9, 93920-10-6, 85508-43-6, 85508-44-7, 51818-56-5",No,No,Yes,,(EU) 2019/831
Nickel Bis(4-Cyclohexylbutyrate),3906-55-6,No,No,Yes,,(EU) 2019/831
Nickel Bis(Benzenesulfonate),"16083-14-0, 3349-08-4, 39819-65-3, 18721-51-2, 18283-82-4, 22605-92-1, 4454-16-4, 7580-31-6, 93983-68-7, 29317-63-3, 27637-46-3, 84852-37-9, 93920-10-6, 85508-43-6, 85508-44-7, 51818-56-5",No,No,Yes,,(EU) 2019/831
Nickel Bis(Dihydrogen Phosphate),"14332-34-4, 18718-11-1, 10381-36-9, 14448-18-1, 14507-36-9, 36026-88-7, 17169-61-8, 19372-20-4",No,No,Yes,,(EU) 2019/831
Nickel Bis(Isononanoate),"16083-14-0, 3349-08-4, 39819-65-3, 18721-51-2, 18283-82-4, 22605-92-1, 4454-16-4, 7580-31-6, 93983-68-7, 29317-63-3, 27637-46-3, 84852-37-9, 93920-10-6, 85508-43-6, 85508-44-7, 51818-56-5",No,No,Yes,,(EU) 2019/831
Nickel Bis(Phosphinate),"14332-34-4, 18718-11-1, 10381-36-9, 14448-18-1, 14507-36-9, 36026-88-7, 17169-61-8, 19372-20-4",No,No,Yes,,(EU) 2019/831
Nickel Bis(Sulfamidate),13770-89-3,No,No,Yes,,(EU) 2019/831
Nickel Bis(Tetrafluoroborate),14708-14-6,No,No,Yes,,(EU) 2019/831
Nickel Boride,"12007-00-0, 12007-01-1, 12007-02-2, 12619-90-8, 12059-14-2, 12201-89-7, 12035-64-2, 65229-23-4",No,No,Yes,,(EU) 2019/831
Nickel Boride (Nib),"12007-00-0, 12007-01-1, 12007-02-2, 12619-90-8, 12059-14-2, 12201-89-7, 12035-64-2, 65229-23-4",No,No,Yes,,(EU) 2019/831
Nickel Boron Phosphide,"12007-00-0, 12007-01-1, 12007-02-2, 12619-90-8, 12059-14-2, 12201-89-7, 12035-64-2, 65229-23-4",No,No,Yes,,(EU) 2019/831
Nickel Carbonate,"3333-67-3, 16337-84-1, 65405-96-1, 12607-70-4",No,No,Yes,,(EC) 2009/1223
Nickel Chromate,14721-18-7,No,No,Yes,,(EU) 2019/831
Nickel Di(Acetate),"373-02-4, 14998-37-9",No,No,Yes,,(EU) 2019/831
Nickel Diarsenide,"12068-61-0, 27016-75-7",No,No,Yes,,(EU) 2019/831
Nickel Dibenzoate,553-71-9,No,No,Yes,,(EU) 2019/831
Nickel Dibromate,"67952-43-6, 14550-87-9, 71720-48-4",No,No,Yes,,(EU) 2019/831
Nickel Dibromide,"10028-18-9, 13462-88-9, 13462-90-3, 11132-10-8",No,No,Yes,,(EU) 2019/831
Nickel Dichlorate,"67952-43-6, 14550-87-9, 71720-48-4",No,No,Yes,,(EU) 2019/831
Nickel Dichloride,7718-54-9,No,No,Yes,,(EU) 2019/831
Nickel Dichromate,15586-38-6,No,No,Yes,,(EU) 2019/831
Nickel Dicyanide,557-19-7,No,No,Yes,,(EU) 2019/831
Nickel Difluoride,"10028-18-9, 13462-88-9, 13462-90-3, 11132-10-8",No,No,Yes,,(EU) 2019/831
Nickel Diformate,"3349-06-2, 15843-02-4, 68134-59-8",No,No,Yes,,(EU) 2019/831
Nickel Dihydroxide,"12054-48-7, 11113-74-9",No,No,Yes,,(EC) 2009/1223
Nickel Diiodide,"10028-18-9, 13462-88-9, 13462-90-3, 11132-10-8",No,No,Yes,,(EU) 2019/831
Nickel Dilactate,16039-61-5,No,No,Yes,,(EU) 2019/831
Nickel Dinitrate,"13138-45-9, 14216-75-2",No,No,Yes,,(EU) 2019/831
Nickel Dioxide,12035-36-8,No,Yes,Yes,,(EC) 2009/1223
Nickel Diperchlorate,13637-71-3,No,No,Yes,,(EU) 2019/831
Nickel Dipotassium Bis(Sulfate),"13842-46-1, 15699-18-0",No,No,Yes,,(EU) 2019/831
Nickel Disilicide,"12007-00-0, 12007-01-1, 12007-02-2, 12619-90-8, 12059-14-2, 12201-89-7, 12035-64-2, 65229-23-4",No,No,Yes,,(EU) 2019/831
Nickel Dithiocyanate,13689-92-4,No,No,Yes,,(EU) 2019/831
Nickel Divanadium Hexaoxide,"12004-35-2, 12035-39-1, 12653-76-8, 52502-12-2, 68016-03-5, 70692-93-2, 14177-55-0, 14177-51-6, 68515-84-4, 12031-65-1, 12673-58-4",No,No,Yes,,(EU) 2019/831
Nickel Hexafluorosilicate,26043-11-8,No,No,Yes,,(EU) 2019/831
Nickel Hydrogen Phosphate,"14332-34-4, 18718-11-1, 10381-36-9, 14448-18-1, 14507-36-9, 36026-88-7, 17169-61-8, 19372-20-4",No,No,Yes,,(EU) 2019/831
Nickel Hydroxide,"12054-48-7, 11113-74-9",No,No,Yes,,(EC) 2009/1223
Nickel Isooctanoate,"16083-14-0, 3349-08-4, 39819-65-3, 18721-51-2, 18283-82-4, 22605-92-1, 4454-16-4, 7580-31-6, 93983-68-7, 29317-63-3, 27637-46-3, 84852-37-9, 93920-10-6, 85508-43-6, 85508-44-7, 51818-56-5",No,No,Yes,,(EU) 2019/831
Nickel Matte,69012-50-6,No,No,Yes,,(EU) 2019/831
Nickel Monoxide,"1313-99-1, 11099-02-8, 34492-97-2",No,No,Yes,,(EC) 2009/1223
Nickel Monoxide; Nickel Oxide; Bunsenite,1313-99-1/ 11099-02-8/ 34492-97-2,No,Yes,No,,
Nickel Oxalate,"547-67-1, 20543-06-0",No,No,Yes,,(EU) 2019/831
Nickel Oxide,"1313-99-1, 11099-02-8, 34492-97-2",No,No,Yes,,(EC) 2009/1223
Nickel Phosphinate,"14332-34-4, 18718-11-1, 10381-36-9, 14448-18-1, 14507-36-9, 36026-88-7, 17169-61-8, 19372-20-4",No,No,Yes,,(EU) 2019/831
Nickel Potassium Fluoride,"10028-18-9, 13462-88-9, 13462-90-3, 11132-10-8",No,No,Yes,,(EU) 2019/831
Nickel Powder [Particle Diameter<1 Mm],7440-02-0,No,No,Yes,,(EC) 2009/1223
Nickel Selenate,15060-62-5,No,No,Yes,,(EU) 2019/831
Nickel Selenide,1314-05-2,No,No,Yes,,(EU) 2019/831
Nickel Silicate (3:4),"21784-78-1, 13775-54-7, 31748-25-1, 37321-15-6, 12519-85-6",No,No,Yes,,(EU) 2019/831
Nickel Stannate,12035-38-0,No,No,Yes,,(EU) 2019/831
Nickel Subsulfied,"12035-72-2, 12035-71-1",No,No,Yes,,(EC) 2009/1223
Nickel Sulfamate,13770-89-3,No,No,Yes,,(EU) 2019/831
Nickel Sulfide,"16812-54-7, 11113-75-0, 1314-04-1",No,Yes,Yes,,(EC) 2009/1223
Nickel Sulphate,7786-81-4,No,No,Yes,,(EC) 2009/1223
Nickel Telluride,12142-88-0,No,No,Yes,,(EU) 2019/831
Nickel Tellurium Tetraoxide,"7757-95-1, 15851-52-2, 15852-21-8, 68130-36-9",No,No,Yes,,(EU) 2019/831
Nickel Tellurium Trioxide,"7757-95-1, 15851-52-2, 15852-21-8, 68130-36-9",No,No,Yes,,(EU) 2019/831
Nickel Tin Trioxide,12035-38-0,No,No,Yes,,(EU) 2019/831
Nickel Titanium Oxide,"12004-35-2, 12035-39-1, 12653-76-8, 52502-12-2, 68016-03-5, 70692-93-2, 14177-55-0, 14177-51-6, 68515-84-4, 12031-65-1, 12673-58-4",No,No,Yes,,(EU) 2019/831
Nickel Titanium Trioxide,"12004-35-2, 12035-39-1, 12653-76-8, 52502-12-2, 68016-03-5, 70692-93-2, 14177-55-0, 14177-51-6, 68515-84-4, 12031-65-1, 12673-58-4",No,No,Yes,,(EU) 2019/831
Nickel Triuranium Decaoxide,15780-33-3,No,No,Yes,,(EU) 2019/831
Nickel Tungsten Tetraoxide,"12004-35-2, 12035-39-1, 12653-76-8, 52502-12-2, 68016-03-5, 70692-93-2, 14177-55-0, 14177-51-6, 68515-84-4, 12031-65-1, 12673-58-4",No,No,Yes,,(EU) 2019/831
Nickel Zirkonium Trioxide,"12004-35-2, 12035-39-1, 12653-76-8, 52502-12-2, 68016-03-5, 70692-93-2, 14177-55-0, 14177-51-6, 68515-84-4, 12031-65-1, 12673-58-4",No,No,Yes,,(EU) 2019/831
Nickel(Ii) Arsenate,13477-70-8,No,No,Yes,,(EU) 2019/831
Nickel(Ii) Hydrogen Citrate,"16083-14-0, 3349-08-4, 39819-65-3, 18721-51-2, 18283-82-4, 22605-92-1, 4454-16-4, 7580-31-6, 93983-68-7, 29317-63-3, 27637-46-3, 84852-37-9, 93920-10-6, 85508-43-6, 85508-44-7, 51818-56-5",No,No,Yes,,(EU) 2019/831
Nickel(Ii) Isodecanoate,"16083-14-0, 3349-08-4, 39819-65-3, 18721-51-2, 18283-82-4, 22605-92-1, 4454-16-4, 7580-31-6, 93983-68-7, 29317-63-3, 27637-46-3, 84852-37-9, 93920-10-6, 85508-43-6, 85508-44-7, 51818-56-5",No,No,Yes,,(EU) 2019/831
Nickel(Ii) Isooctanoate,"16083-14-0, 3349-08-4, 39819-65-3, 18721-51-2, 18283-82-4, 22605-92-1, 4454-16-4, 7580-31-6, 93983-68-7, 29317-63-3, 27637-46-3, 84852-37-9, 93920-10-6, 85508-43-6, 85508-44-7, 51818-56-5",No,No,Yes,,(EU) 2019/831
Nickel(Ii) Neodecanoate,"16083-14-0, 3349-08-4, 39819-65-3, 18721-51-2, 18283-82-4, 22605-92-1, 4454-16-4, 7580-31-6, 93983-68-7, 29317-63-3, 27637-46-3, 84852-37-9, 93920-10-6, 85508-43-6, 85508-44-7, 51818-56-5",No,No,Yes,,(EU) 2019/831
Nickel(Ii) Neononanoate,"16083-14-0, 3349-08-4, 39819-65-3, 18721-51-2, 18283-82-4, 22605-92-1, 4454-16-4, 7580-31-6, 93983-68-7, 29317-63-3, 27637-46-3, 84852-37-9, 93920-10-6, 85508-43-6, 85508-44-7, 51818-56-5",No,No,Yes,,(EU) 2019/831
Nickel(Ii) Neoundecanoate,"16083-14-0, 3349-08-4, 39819-65-3, 18721-51-2, 18283-82-4, 22605-92-1, 4454-16-4, 7580-31-6, 93983-68-7, 29317-63-3, 27637-46-3, 84852-37-9, 93920-10-6, 85508-43-6, 85508-44-7, 51818-56-5",No,No,Yes,,(EU) 2019/831
Nickel(Ii) Octadecanoate,2223-95-2,No,No,Yes,,(EU) 2019/831
Nickel(Ii) Octanoate,4995-91-9,No,No,Yes,,(EU) 2019/831
Nickel(Ii) Palmitate,"16083-14-0, 3349-08-4, 39819-65-3, 18721-51-2, 18283-82-4, 22605-92-1, 4454-16-4, 7580-31-6, 93983-68-7, 29317-63-3, 27637-46-3, 84852-37-9, 93920-10-6, 85508-43-6, 85508-44-7, 51818-56-5",No,No,Yes,,(EU) 2019/831
Nickel(Ii) Propionate,"16083-14-0, 3349-08-4, 39819-65-3, 18721-51-2, 18283-82-4, 22605-92-1, 4454-16-4, 7580-31-6, 93983-68-7, 29317-63-3, 27637-46-3, 84852-37-9, 93920-10-6, 85508-43-6, 85508-44-7, 51818-56-5",No,No,Yes,,(EU) 2019/831
Nickel(Ii) Selenite,10101-96-9,No,No,Yes,,(EU) 2019/831
Nickel(Ii) Silicate,"21784-78-1, 13775-54-7, 31748-25-1, 37321-15-6, 12519-85-6",No,No,Yes,,(EU) 2019/831
Nickel(Ii) Stearate,2223-95-2,No,No,Yes,,(EU) 2019/831
Nickel(Ii) Sulfite,"7757-95-1, 15851-52-2, 15852-21-8, 68130-36-9",No,No,Yes,,(EU) 2019/831
Nickel(Ii) Trifluoroacetate,"16083-14-0, 3349-08-4, 39819-65-3, 18721-51-2, 18283-82-4, 22605-92-1, 4454-16-4, 7580-31-6, 93983-68-7, 29317-63-3, 27637-46-3, 84852-37-9, 93920-10-6, 85508-43-6, 85508-44-7, 51818-56-5",No,No,Yes,,(EU) 2019/831
Nicotine And Its Salts,54-11-5,No,No,Yes,,(EC) 2009/1223
Nigrosine (Ci 50420) When Used As A Substance In Hair Dye Products,8005-03-6,No,No,Yes,,(EC) 2013/344
Nigrosine Spirit Soluble  And Its Salts,11099-03-9,No,Yes,No,,
"Nigrosine Spirit Soluble (Solvent Black 5) And Its Salts, When Used As A Substance In Hair Dye Products",11099-03-9,No,No,Yes,,(EC) 2009/1223
"Nitric Acid, Nickel Salt","13138-45-9, 14216-75-2",No,No,Yes,,(EU) 2019/831
Nitrobenzene,98-95-3,No,Yes,Yes,,(EC) 2009/1223
Nitrocresols And Their Alkali Metal Salts,12167-20-3,No,No,Yes,,(EC) 2009/1223
Nitroderivatives Of Carbazole,,No,No,Yes,,(EC) 2009/1223
Nitrofen,1836-75-5,No,Yes,Yes,,(EC) 2009/1223
Nitrofurantoin,67-20-9,No,Yes,No,,
Nitrofurantoin (Inn),67-20-9,No,No,Yes,,(EC) 2009/1223
Nitroglycerin,55-63-0,No,No,Yes,,(EC) 2009/1223
Nitrosamines E.G. Dimethylnitrosoamine,"62-75-9, 621-64-7, 1116-54-7",No,No,Yes,,(EC) 2009/1223
"Nitrosamines E.G. Dimethylnitrosoamine; Nitrosodipropylamine; 2,2'-Nitrosoimino)Bisethanol; Nitrosamine Diethyl",62-75-9/621-64-7/1116-54-7/55-18-5,No,Yes,No,,
Nitrosodipropylamine,"62-75-9, 621-64-7, 1116-54-7",No,No,Yes,,(EC) 2009/1223
"Nitrostilbenes, Their Homologues And Their Derivatives",,No,No,Yes,,(EC) 2009/1223
Nitroxoline  And Its Salts,4008-48-4,No,Yes,No,,
Nitroxoline (Inn) And Its Salts,4008-48-4,No,No,Yes,,(EC) 2009/1223
Nonadecafluorodecanoic Acid,"355-76-2, 335-76-2, 3108-42-7, 3830-45-3",Yes,No,Yes,,Ban Year: 2025 | (EU) 2019/831
Nonadecafluorodecanoic Acid [1]Ammonium Nonadecafluorodecanoate [2]Sodium Nonadecafluorodecanoate [3],335-76-2 [1]3108-42-7 [2]3830-45-3 [3],No,Yes,No,,
Nonylphenol,"25154-52-3, 84852-15-3",No,No,Yes,,(EC) 2009/1223
Nonylphenol And Nonylphenol Polyethylene Glycol Ether,25154-52-3,No,Yes,No,,"化粧品於製造過程中, 如因所需使用之原料或其他因素, 且技術上無法避免, 致含自然殘留微量時, 則其最終製品中所含壬基酚或壬基酚聚乙氧基醇之殘留量, 不得超過1000ppm. "
Noradrenaline And Its Salts,51-41-2,No,No,Yes,,(EC) 2009/1223
Noscapine  And Its Salts,128-62-1,No,Yes,No,,
Noscapine (Inn) And Its Salts,128-62-1,No,No,Yes,,(EC) 2009/1223
"O,O' -Diethyl-O-4-Nitrophenyl Phosphorothioate",56-38-2,No,Yes,No,,
"O,O'-(Ethenylmethylsilylenedi[(4-Methylpentan-2-One)Oxime]",,No,No,Yes,,(EC) 2009/1223
"O,O'-Diacetyl-N-Allyl-N-Normorphine",2748-74-5,No,No,Yes,,(EC) 2009/1223
"O,O'-Diethyl-O-4-Nitrophenyl Phosphorothioate (Parathion - Iso)",56-38-2,No,No,Yes,,(EC) 2009/1223
"O,O-Dimethyl-S-Phthalimidomethyl Phosphorodithioate",732-11-6,No,No,Yes,,(EU) 2019/1966
O-(P-Isocyanatobenzyl)Phenyl Isocyanate,"101-68-8, 2536-05-2, 5873-54-1, 26447-40-5",No,No,Yes,,(EU) 2019/831
O-Aminotoluene/M-Aminotoluene/P-Aminotoluene,95-53-4/108-44-1/106-49-0,No,Yes,No,,
O-Anisidine,90-04-0,No,Yes,Yes,,(EC) 2009/1223
O-Dianisidine Based Azo Dyes,,No,No,Yes,,(EC) 2009/1223
O-Dichlorobenzene,95-50-1,No,Yes,No,,
O-Hexyl-N-Ethoxycarbonylthiocarbamate,109202-58-6,No,No,Yes,,(EU) 2019/831
O-Isobutyl-N-Ethoxy Carbonylthiocarbamate,103122-66-3,No,No,Yes,,(EU) 2019/831
O-Phenylenediamine And Its Salts,95-54-5,Yes,Yes,Yes,,Ban Year: 2025 | (EC) 2009/1223
O-Toluidine Based Dyes,,No,Yes,Yes,,(EC) 2009/1223
Octabromo Derivate,32536-52-0,No,No,Yes,,(EC) 2009/1223
Octachloronaphthalene,2234-13-1,No,Yes,No,,
Octamoxin  And Its Salts,4684-87-1,No,Yes,No,,
Octamoxin (Inn) And Its Salts,4684-87-1,No,No,Yes,,(EC) 2009/1223
Octamylamine  And Its Salts,502-59-0,No,Yes,No,,
Octamylamine (Inn) And Its Salts,502-59-0,No,No,Yes,,(EC) 2009/1223
Octodrine  And Its Salts,543-82-8,No,Yes,No,,
Octodrine (Inn) And Its Salts,543-82-8,No,No,Yes,,(EC) 2009/1223
Oestrogens,,No,Yes,Yes,,(EC) 2009/1223
Oil From The Seeds Of Laurus Nobilis L.,84603-73-6,Yes,Yes,Yes,,Ban Year: 2027 | (EC) 2009/1223
Oleandrin,465-16-7,No,No,Yes,,(EC) 2009/1223
"Olivine, Nickel Green","12004-35-2, 12035-39-1, 12653-76-8, 52502-12-2, 68016-03-5, 70692-93-2, 14177-55-0, 14177-51-6, 68515-84-4, 12031-65-1, 12673-58-4",No,No,Yes,,(EU) 2019/831
Orthoboric Acid Sodium Salt,13840-56-7,Yes,No,No,,Ban Year: 2027
"Orthoboric Acid, Sodium Salt","12008-41-2, 12280-03-4, 10377-81-8, 68003-13-4, 12712-38-8, 1332-07-6, 12267-73-1, 13840-56-7, 1303-96-4, 12179-04-3",No,No,Yes,,(EU) 2019/1966
Oxadiargyl (Iso),39807-15-3,No,No,Yes,,(EC) 2009/1223
"Oxalic Acid, Nickel Salt","547-67-1, 20543-06-0",No,No,Yes,,(EU) 2019/831
Oxanamide  And Its Derivatives,126-93-2,No,Yes,No,,
Oxanamide (Inn) And Its Derivatives,126-93-2,No,No,Yes,,(EC) 2009/1223
"Oxiranemethanol, 4-Methylbenzene-Sulfonate, (S)-",70987-78-9,No,No,Yes,,(EC) 2009/1223
Oxpheneridine  And Its Salts,546-32-7,No,Yes,No,,
Oxpheneridine (Inn) And Its Salts,546-32-7,No,No,Yes,,(EC) 2009/1223
Oxybis[Chloromethane],542-88-1,No,No,Yes,,(EC) 2009/1223
"Oxybis[Chloromethane], Bis  Ether",542-88-1,No,Yes,No,,
P-Chloro-O-Toluidine,95-69-2,No,Yes,No,,
P-Chlorobenzotrichloride,5216-25-1,No,No,Yes,,(EC) 2009/1223
P-Hydroxyanisole,150-76-5,No,Yes,No,,
P-Phenetidine (4-Ethoxyaniline),156-43-4,No,No,Yes,,(EC) 2009/1223
P-Phenylenediamine,106-50-3,No,Yes,No,,使用於染髮產品除外. 
Paclobutrazol (Iso),76738-62-0,No,No,Yes,,(EU) 2021/1902
"Paraffin Oils (Petroleum), Catalytic Dewaxed Heavy, If They Contain > 3 % W/W Dmso Extract",64742-70-7,No,No,Yes,,(EC) 2009/1223
"Paraffin Oils (Petroleum), Catalytic Dewaxed Light, If They Contain > 3 % W/W Dmso Extract",64742-71-8,No,No,Yes,,(EC) 2009/1223
"Paraffin Oils (Petroleum), Solvent-Refined Dewaxed Heavy, If They Contain > 3 % W/W Dmso Extract",92129-09-4,No,No,Yes,,(EC) 2009/1223
"Paraffin Waxes (Coal), Brown-Coal High-Temp Tar, Clay-Treated, If They Contain > 0.005 % W/W Benzo[A]Pyrene",97926-77-7,No,No,Yes,,(EC) 2009/1223
"Paraffin Waxes (Coal), Brown-Coal High-Temp Tar, Silicic Acid-Treated, If They Contain > 0.005 % W/W Benzo[A]Pyrene",97926-78-8,No,No,Yes,,(EC) 2009/1223
"Paraffin Waxes (Coal), Brown-Coal High-Temp. Tar, Carbon-Treated, If They Contain > 0.005 % W/W Benzo[A]Pyrene",97926-76-6,No,No,Yes,,(EC) 2009/1223
"Paraffin Waxes (Coal), Brown-Coal High-Temp. Tar, Hydrotreated, If They Contain > 0.005 % W/W Benzo[A]Pyrene",92045-72-2,No,No,Yes,,(EC) 2009/1223
"Paraffin Waxes (Coal), Brown-Coal High-Temp. Tar, If They Contain > 0.005 % W/W Benzo[A]Pyrene",92045-71-1,No,No,Yes,,(EC) 2009/1223
Paraformaldehyde,30525-89-4,Yes,No,Yes,,Ban Year: 2025 | (EU) 2019/831
Paramethasone,53-33-8,No,Yes,No,,
Paramethasone (Inn),53-33-8,No,No,Yes,,(EC) 2009/1223
Parethoxycaine  And Its Salts,94-23-5,No,Yes,No,,
Parethoxycaine (Inn) And Its Salts,94-23-5,No,No,Yes,,(EC) 2009/1223
"Peg-3,2',2'-Di-P-Phenylenediamine",144644-13-3,No,No,Yes,,(EC) 2009/1223
Pelletierine And Its Salts,"2858-66-4, 4396-01-4",No,No,Yes,,(EC) 2009/1223
Pemoline  And Its Salts,2152-34-3,No,Yes,No,,
Pemoline (Inn) And Its Salts,2152-34-3,No,No,Yes,,(EC) 2009/1223
Penconazole (Iso),66246-88-6,No,No,Yes,,(EU) 2019/831
Pendimethalin (Iso),40487-42-1,No,No,Yes,,(EU) 2023/1490
Penflufen,494793-67-8,No,No,Yes,,(EU) 2021/1902
Pentabromodiphenyl Ether,32534-81-9,No,Yes,No,,
Pentachloroethane,76-01-7,No,No,Yes,,(EC) 2009/1223
Pentachloronitrobenzene,82-68-8,No,Yes,No,,
Pentachlorophenol,"87-86-5, 131-52-2, 7778-73-6",No,No,Yes,,(EC) 2009/1223
Pentachlorophenol And Its Alkali Salts,87-86-5/131-52-2/7778- 73-6,No,Yes,No,,
Pentaerithrityl Tetranitrate,78-11-5,No,Yes,No,,
Pentaerithrityl Tetranitrate (Inn),78-11-5,No,No,Yes,,(EC) 2009/1223
"Pentapotassium 2,2',2'',2''',2''''-(Ethane-1,2-Diylnitrilo)Pentaacetate",7216-95-7,No,No,Yes,,(EU) 2023/1490
Pentasodium (Carboxylatomethyl)Iminobis(Ethylenenitrilo)Tetraacetate,140-01-2,No,No,Yes,,(EU) 2023/1490
Pentasodium Pentetate (Inci),140-01-2,No,No,Yes,,(EU) 2023/1490
Pentetic Acid (Inci),67-43-6,No,No,Yes,,(EU) 2023/1490
Pentyl 4-Hydroxybenzoate (Inci: Pentylparaben),6521-29-5,No,No,Yes,,(EU) 2014/358
"Perboric Acid (H3Bo2(O2)), Monosodium Salt Trihydrate","13517-20-9, 37244-98-7, 10486-00-7, 15120-21-5, 7632-04-4, 10332-33-9, 11138-47-9, 12040-72-1, 121-43-7",No,No,Yes,,(EU) 2026/78
"Perboric Acid (Hbo(O2)), Sodium Salt, Monohydrate","13517-20-9, 37244-98-7, 10486-00-7, 15120-21-5, 7632-04-4, 10332-33-9, 11138-47-9, 12040-72-1, 121-43-7",No,No,Yes,,(EU) 2026/78
"Perboric Acid (Hbo(O2)), Sodium Salt, Tetrahydrate","13517-20-9, 37244-98-7, 10486-00-7, 15120-21-5, 7632-04-4, 10332-33-9, 11138-47-9, 12040-72-1, 121-43-7",No,No,Yes,,(EU) 2026/78
Perboric Acid Sodium Salt,11138-47-9,Yes,No,No,,Ban Year: 2027
Perboric Acid Sodium Salt Monohydrate,12040-72-1,Yes,No,No,,Ban Year: 2027
"Perboric Acid, Sodium Salt","13517-20-9, 37244-98-7, 10486-00-7, 15120-21-5, 7632-04-4, 10332-33-9, 11138-47-9, 12040-72-1, 121-43-7",No,No,Yes,,(EU) 2026/78
"Perboric Acid, Sodium Salt, Monohydrate","13517-20-9, 37244-98-7, 10486-00-7, 15120-21-5, 7632-04-4, 10332-33-9, 11138-47-9, 12040-72-1, 121-43-7",No,No,Yes,,(EU) 2026/78
"Perboric Acid, Sodium Salt, Tetrahydrate","13517-20-9, 37244-98-7, 10486-00-7, 15120-21-5, 7632-04-4, 10332-33-9, 11138-47-9, 12040-72-1, 121-43-7",No,No,Yes,,(EU) 2026/78
"Perchloric Acid, Nickel(Ii) Salt",13637-71-3,No,No,Yes,,(EU) 2019/831
Perfluoroheptanoic Acid,375-85-9,No,No,Yes,,(EU) 2023/1490
Perfluorononan-1-Oic Acid  And Its Sodium  And Ammonium  Salts,"375-95-1, 21049-39-8, 4149-60-4",No,No,Yes,,(EU) 2019/1966
Perfluorononan-1-Oic Acid [1]And Its Sodium [2]And Ammonium [3] Salts,375-95-1 [1]21049-39-8 [2]4149-60-4 [3],No,Yes,No,,
Perfluorononanoic Acid (Pfna),375-95-1,Yes,No,No,,Ban Year: 2025
Perfluorooctane Sulfonate (Pfos),1763-23-1,Yes,No,No,,Ban Year: 2025
Perfluorooctane Sulfonic Acid,"1763-23-1, 2795-39-3, 70225-14-8, 29081-56-9, 29457-72-5",No,No,Yes,,(EU) 2019/831
Perfluorooctane Sulfonic Acid; Heptadecafluorooctane-1- Sulfonic Acid [1]Potassium Perfluorooctanesulfonate; Potassium Heptadecafluorooctane-1-Sulfonate [2]Diethanolamine Perfluorooctane Sulfonate [3]Ammonium Perfluorooctane Sulfonate; Ammonium Heptadecafluorooctanesulfonate [4]Lithium Perfluorooctane Sulfonate; Lithium Heptadecafluorooctanesulfonate [5],1763-23-1 [1]2795-39-3 [2] 70225-14-8 [3]29081-56-9 [4]29457-72-5 [5],No,Yes,No,,
Perfluorooctanoic Acid,335-67-1,No,Yes,Yes,,(EU) 2019/831
Perfluorooctanoic Acid (Pfoa),335-67-1,Yes,No,No,,Ban Year: 2025
"Peru Balsam (Inci Name: Myroxylon Pereirae), When Used As A Fragrance Ingredient",8007-00-9,No,No,Yes,,(EC) 2009/1223
Petrichloral,78-12-6,No,Yes,No,,
Petrichloral (Inn),78-12-6,No,No,Yes,,(EC) 2009/1223
Petrolatum,8009-03-8,No,No,Yes,"Petrolatum, Except If The Full Refining History Is Known And It Can Be Shown That The Substance From Which It Is Produced Is Not A Carcinogen | Petrolatum",(EC) 2009/1223
"Petrolatum (Petroleum), Alumina-Treated, Except If The Full Refining History Is Known And It Can Be Shown That The Substance From Which It Is Produced Is Not A Carcinogen",85029-74-9,No,No,Yes,,(EC) 2009/1223
"Petrolatum (Petroleum), Carbon-Treated, Except If The Full Refining History Is Known And It Can Be Shown That The Substance From Which It Is Produced Is Not A Carcinogen",97862-97-0,No,No,Yes,,(EC) 2009/1223
"Petrolatum (Petroleum), Clay-Treated, Except If The Full Refining History Is Known And It Can Be Shown That The Substance From Which It Is Produced Is Not A Carcinogen",100684-33-1,No,No,Yes,,(EC) 2009/1223
"Petrolatum (Petroleum), Hydrotreated, Except If The Full Refining History Is Known And It Can Be Shown That The Substance From Which It Is Produced Is Not A Carcinogen",92045-77-7,No,No,Yes,,(EC) 2009/1223
"Petrolatum (Petroleum), Oxidized, Except If The Full Refining History Is Known And It Can Be Shown That The Substance From Which It Is Produced Is Not A Carcinogen",64743-01-7,No,No,Yes,,(EC) 2009/1223
"Petrolatum (Petroleum), Silicic Acid-Treated, Except If The Full Refining History Is Known And It Can Be Shown That The Substance From Which It Is Produced Is Not A Carcinogen",97862-98-1,No,No,Yes,,(EC) 2009/1223
Petroleum,8002-05-9,No,No,Yes,,(EC) 2009/1223
"Petroleum Gases, Liquefied, If They Contain > 0.1% W/W Butadiene",68476-85-7,No,No,Yes,,(EC) 2009/1223
"Petroleum Gases, Liquefied, Sweetened, C4 Fraction, If They Contain > 0.1% W/W Butadiene",92045-80-2,No,No,Yes,,(EC) 2009/1223
"Petroleum Gases, Liquefied, Sweetened, If They Contain > 0.1% W/W Butadiene",68476-86-8,No,No,Yes,,(EC) 2009/1223
"Petroleum Products, Refinery Gases, If They Contain > 0.1% W/W Butadiene",68607-11-4,No,No,Yes,,(EC) 2009/1223
"Petroleum, Coal, Tar And Natural Gas And Their Derivatives Generated Using Distillation And/Or Other Processing Methods If They Contain = 0,005 % W/W Benzo[A]Pyrene","90640-85-0, 92061-93-3, 90640-84-9, 61789-28-4, 70321-79-8, 122384-77-4, 70321-80-1",No,No,Yes,,(EU) 2019/831
"Petroleum, Coal, Tar And Natural Gas And Their Derivatives Generated Using Distillation And/Or Other Processing Methods If They Contain = 0,1 % W/W 1,3-Butadiene","68607-11-4, 68783-06-2, 68814-67-5, 68814-90-4, 68911-58-0, 68911-59-1, 68919-01-7, 68919-02-8, 68919-03-9, 68919-04-0, 68919-07-3, 68919-08-4, 68919-11-9, 68919-12-0, 68952-79-4, 68952-80-7, 68955-33-9, 68989-88-8, 92045-15-3, 92045-16-4, 92045-17-5, 92045-18-6, 92045-19-7, 92045-20-0, 68131-75-9, 68307-98-2, 68307-99-3, 68308-00-9, 68308-01-0, 68308-10-1, 68308-03-2, 68308-04-3, 68308-05-4, 68308-06-5, 68308-07-6, 68308-09-8, 68308-11-2, 68308-12-3, 68409-99-4, 68475-57-0, 68475-58-1, 68475-59-2, 68475-60-5, 68476-26-6, 68476-29-9, 68476-40-4, 68476-42-6, 68476-49-3, 68476-85-7, 68476-86-8, 68477-33-8, 68477-35-0, 68477-69-0, 68477-70-3, 68477-71-4, 68477-72-5, 68308-08-7",No,No,Yes,,(EU) 2019/831
"Petroleum, Coal, Tar And Natural Gas And Their Derivatives Generated Using Distillation And/Or Other Processing Methods If They Contain = 0,1 % W/W Benzene","85536-20-5, 85536-19-2, 90641-12-6, 90989-38-1, 91995-20-9, 92062-36-7, 91995-61-8, 101316-63-6, 93821-38-6, 90641-02-4, 101316-62-5, 90641-03-5, 65996-79-4, 101794-90-5, 90640-87-2, 84650-03-3, 65996-82-9, 90641-01-3, 65996-87-4, 90640-99-6, 68391-11-7, 92062-33-4, 91082-52-9, 68937-63-3, 92062-28-7, 92062-27-6, 91082-53-0, 91995-31-2, 91995-35-6, 91995-66-3, 122070-79-5, 122070-80-8, 65996-78-3, 94114-52-0, 94114-53-1, 94114-54-2, 94114-56-4, 94114-57-5, 90641-11-5, 8006-61-9, 8030-30-6, 8032-32-4, 64741-41-9, 64741-42-0, 64741-46-4, 64742-89-8, 68410-05-9, 68514-15-8, 68606-11-1, 68783-12-0, 68921-08-4, 101631-20-3, 64741-64-6, 64741-65-7, 64741-66-8, 64741-70-4, 64741-84-0, 64741-92-0, 68410-71-9, 68425-35-4, 68527-27-5, 91995-53-8, 92045-49-3, 92045-55-1, 92045-58-4, 92045-64-2, 101316-67-0, 64741-54-4, 64741-55-5, 68476-46-0, 68783-09-5, 91995-50-5, 92045-50-6, 92045-59-5, 92128-94-4, 101794-97-2, 101896-28-0, 64741-63-5, 64741-68-0, 68475-79-6, 68476-47-1, 68478-15-9, 68513-03-1, 68513-63-3, 68514-79-4, 68919-37-9, 68955-35-1, 85116-58-1, 91995-18-5, 93571-75-6, 93572-29-3, 93572-35-1, 93572-36-2, 64741-74-8, 64741-83-9, 67891-79-6, 67891-80-9, 68425-29-6, 68475-70-7, 68603-00-9, 68603-01-0, 68603-03-2, 68955-29-3, 92045-65-3, 64742-48-9, 64742-49-0, 64742-73-0, 68410-96-8, 68410-97-9, 68410-98-0, 68512-78-7, 85116-60-5, 85116-61-6, 92045-51-7, 92045-52-8, 92045-57-3, 92045-61-9, 92062-15-2, 93165-55-0, 93763-33-8, 93763-34-9, 64741-47-5, 64741-48-6, 64741-69-1, 64741-78-2, 64741-87-3, 64742-15-0, 64742-22-9, 64742-23-0, 64742-66-1, 64742-83-2, 64742-95-6, 68131-49-7, 68477-34-9, 68477-50-9, 68477-53-2, 68477-55-4, 68477-61-2, 68477-89-4, 68478-12-6, 68478-16-0, 68513-02-0, 68516-20-1, 68527-21-9, 68527-22-0, 68527-23-1, 68527-26-4, 68603-08-7, 68606-10-0, 68783-66-4, 68919-39-1, 68921-09-5, 85116-59-2, 86290-81-5, 90989-42-7, 91995-38-9, 91995-41-4, 91995-68-5, 92045-53-9, 92045-60-8, 92045-62-0, 92045-63-1, 92201-97-3, 93165-19-6, 94114-03-1, 95009-23-7, 97926-43-7, 98219-46-6, 98219-47-7, 101316-56-7, 101316-66-9, 101316-76-1, 101795-01-1, 102110-14-5, 68476-50-6, 68476-55-1, 90989-39-2",No,No,Yes,,(EU) 2019/831
"Petroleum, Coal, Tar And Natural Gas And Their Derivatives Generated Using Distillation And/Or Other Processing Methods If They Contain = 0,1 % W/W Benzene Or If They Contain = 0,005 % W/W Benzo[A]Pyrene","85029-51-2, 84650-04-4, 84989-09-3, 91995-49-2, 121620-47-1, 121620-48-2, 90640-90-7, 90641-04-6, 101896-27-9, 101794-91-6, 91995-48-1, 90641-05-7, 84989-12-8, 121620-46-0, 90640-81-6, 90640-82-7, 92061-92-2, 91995-15-2, 91995-16-3, 91995-17-4, 101316-87-4, 122384-78-5, 84988-93-2, 90640-88-3, 65996-83-0, 90640-89-4, 90641-06-8, 65996-85-2, 101316-86-3, 92062-22-1, 96690-55-0, 84989-04-8, 84989-05-9, 84989-06-0, 84989-03-7, 84989-07-1, 68477-23-6, 68555-24-8, 91079-47-9, 92062-26-5, 94114-29-1, 90641-00-2, 68513-87-1, 70321-67-4, 92062-29-8, 100801-63-6, 100801-65-8, 100801-66-9, 73665-18-6, 68815-21-4, 65996-86-3, 65996-84-1",No,No,Yes,,(EU) 2019/831
Pharbitidis Semen,,No,Yes,No,,
Phenacemide,63-98-9,No,Yes,No,,
Phenacemide (Inn),63-98-9,No,No,Yes,,(EC) 2009/1223
Phenaglycodol,79-93-6,No,Yes,No,,
Phenaglycodol (Inn),79-93-6,No,No,Yes,,(EC) 2009/1223
"Phenazinium, 3,7-Diamino-2,8-Dimethyl-5-Phenyl- And Its Salts",477-73-6,No,Yes,No,,
"Phenazinium, 3,7-Diamino-2,8-Dimethyl-5-Phenyl- And Its Salts, When Used As A Substance In Hair Dye Products",477-73-6,No,No,Yes,,(EC) 2009/1223
"Phenmetrazine (Inn), Its Derivatives And Salts",134-49-6,No,No,Yes,,(EC) 2009/1223
"Phenmetrazine , Its Derivatives And Salts",134-49-6,No,Yes,No,,
Phenol,108-95-2,No,No,Yes,,(EC) 2009/1223
"Phenol, (Tetrapropenyl) Derivatives","121158-58-5, 1801269-80-6, 1801269-77-1, 210555-94-5, 74499-35-7",No,No,Yes,,(EU) 2019/1966
"Phenol, 2-Dodecyl-, Branched","121158-58-5, 1801269-80-6, 1801269-77-1, 210555-94-5, 74499-35-7",No,No,Yes,,(EU) 2019/1966
"Phenol, 3-Dodecyl-, Branched","121158-58-5, 1801269-80-6, 1801269-77-1, 210555-94-5, 74499-35-7",No,No,Yes,,(EU) 2019/1966
"Phenol, 4-Dodecyl-, Branched","121158-58-5, 1801269-80-6, 1801269-77-1, 210555-94-5, 74499-35-7",No,No,Yes,,(EU) 2019/1966
"Phenol, Dodecyl-, Branched","121158-58-5, 1801269-80-6, 1801269-77-1, 210555-94-5, 74499-35-7",No,No,Yes,,(EU) 2019/1966
"Phenothiazin-5-Ium, 3,7-Bis(Dimethylamino)- And Its Salts, When Used As A Substance In Hair Dye Products",61-73-4,No,No,Yes,,(EC) 2009/1223
"Phenothiazin-5-Ium, 3,7-Bis- And Its Salts",61-73-4,No,Yes,No,,
Phenothiazine  And Its Compounds,92-84-2,No,Yes,No,,
Phenothiazine (Inn) And Its Compounds,92-84-2,No,No,Yes,,(EC) 2009/1223
"Phenoxazin-5-Ium, 3,7-Bis(Diethylamino)-, And Its Salts, When Used As A Substance In Hair Dye Products","47367-75-9, 33203-82-6",No,No,Yes,,(EC) 2009/1223
"Phenoxazin-5-Ium, 3,7-Bis-, And Its Salts",47367-75-9/33203-82-6,No,Yes,No,,
Phenprobamate,673-31-4,No,Yes,No,,
Phenprobamate (Inn),673-31-4,No,No,Yes,,(EC) 2009/1223
Phenprocoumon,435-97-2,No,Yes,No,,
Phenprocoumon (Inn),435-97-2,No,No,Yes,,(EC) 2009/1223
Phenyl 4-Hydroxybenzoate (Inci: Phenylparaben),17696-62-7,No,No,Yes,,(EU) 2014/358
Phenyl)Azo)Naphthalene-2-Sulphonato))))Dicuprate And Its Salts,37279-54-2,No,Yes,No,,
Phenylbutazone,50-33-9,No,Yes,No,,
Phenylbutazone (Inn),50-33-9,No,No,Yes,,(EC) 2009/1223
Phosgene,75-44-5,No,Yes,No,,
Phosmet (Iso),732-11-6,No,No,Yes,,(EU) 2019/1966
Phosphamidon,13171-21-6,No,No,Yes,,(EC) 2009/1223
Phosphine,7803-51-2,No,Yes,No,,
"Phosphoric Acid, Calcium Nickel Salt","14332-34-4, 18718-11-1, 10381-36-9, 14448-18-1, 14507-36-9, 36026-88-7, 17169-61-8, 19372-20-4",No,No,Yes,,(EU) 2019/831
Phosphorus And Metalphosphides,7723-14-0,No,No,Yes,,(EC) 2009/1223
Phosphorus Trichloride,7719-12-2,No,Yes,No,,
Phoxim (Iso),14816-18-3,No,No,Yes,,(EU) 2019/831
Phthalic Anhydride,85-44-9,No,Yes,No,,
Physostigma Venenosum Balf.,89958-15-6,No,Yes,Yes,,(EC) 2009/1223
Phytolacca Acinosa Roxb.,,No,Yes,No,,
Phytolacca Spp. And Their Preparations,"60820-94-2/65497-07-6, 65497-07-6, 60820-94-2",No,Yes,Yes,,(EC) 2009/1223
Phytonadione,84-80-0,Yes,No,No,,Ban Year: 2027
Phytonadione [Inci] / Phytomenadione [Inn],84-80-0/81818-54-4,No,Yes,No,,
"Phytonadione [Inci], Phytomenadione [Inn]","84-80-0, 81818-54-4",No,No,Yes,,(EC) 2013/344
Picric Acid,88-89-1,No,No,Yes,,(EC) 2009/1223
Picrotoxin,124-87-8,No,No,Yes,,(EC) 2009/1223
Pilocarpine And Its Salts,92-13-7,No,Yes,Yes,,(EC) 2009/1223
Pilocarpus Jaborandi Holmes And Its Galenical Preparations,84696-42-4,No,Yes,Yes,,(EC) 2009/1223
Pinellia Ternata  Breit.,,No,Yes,No,,
Pinoxaden (Iso),243973-20-8,No,No,Yes,,(EU) 2019/1966
Pipazetate  And Its Salts,2167-85-3,No,Yes,No,,
Pipazetate (Inn) And Its Salts,2167-85-3,No,No,Yes,,(EC) 2009/1223
Piperazine,110-85-0,No,No,Yes,,(EU) 2019/831
Piperazine Dihydrochloride,"6094-40-2, 142-64-3, 1951-97-9",No,No,Yes,,(EU) 2019/831
Piperazine Hydrochloride,"6094-40-2, 142-64-3, 1951-97-9",No,No,Yes,,(EU) 2019/831
Piperazine Phosphate,"6094-40-2, 142-64-3, 1951-97-9",No,No,Yes,,(EU) 2019/831
Pipradrol  And Its Salts,467-60-7,No,Yes,No,,
Pipradrol (Inn) And Its Salts,467-60-7,No,No,Yes,,(EC) 2009/1223
Piprocurarium Iodide,3562-55-8,No,Yes,No,,
Piprocurarium Iodide (Inn),3562-55-8,No,No,Yes,,(EC) 2009/1223
Pirimicarb (Iso),23103-98-2,No,No,Yes,,(EU) 2019/1966
"Pitch, Coal Tar, High -Temp., Heat-Treated, If It Contains > 0.005% W/W Benzo[A]Pyrene",121575-60-8,No,Yes,No,,
"Pitch, Coal Tar, High-Temp., Heat-Treated, If It Contains > 0.005% W/W Benzo[A]Pyrene",121575-60-8,No,No,Yes,,(EC) 2009/1223
"Pitch, Coal Tar, High-Temp., Secondary, If It Contains > 0.005 % W/W Benzo[A]Pyrene",94114-13-3,No,No,Yes,,(EC) 2009/1223
"Pitch, Coal Tar, Low-Temp., Heat-Treated, If It Contains > 0.005 % W/W Benzo[A]Pyrene",90669-58-2,No,No,Yes,,(EC) 2009/1223
"Pitch, Coal Tar, Low-Temp., If It Contains > 0.005 % W/W Benzo[A]Pyrene",90669-57-1,No,No,Yes,,(EC) 2009/1223
"Pitch, Coal Tar, Low-Temp., Oxidized, If It Contains > 0.005 % W/W Benzo[A]Pyrene",90669-59-3,No,No,Yes,,(EC) 2009/1223
"Pitch, Coal Tar-Petroleum, If It Contains > 0.005 % W/W Benzo[A]Pyrene",68187-57-5,No,No,Yes,,(EC) 2009/1223
"Pitch, If It Contains > 0.005 % W/W Benzo[A]Pyrene",61789-60-4,No,No,Yes,,(EC) 2009/1223
"Platinum (Nano) [Inci], Colloidal Platinum (Nano) [Inci]",7440-06-4,No,No,Yes,,(EU) 2024/858
Poldine Metilsulfate,545-80-2,No,Yes,No,,
Poldine Metilsulfate (Inn),545-80-2,No,No,Yes,,(EC) 2009/1223
Polychlorinated Biphenyls,1336-36-3,No,Yes,No,,
Polychloro Copper Phthalocyanine (Pigment Green 7,1328-53-6,No,No,Yes,,(EC) 2013/344
Potassium 1-Methyl-3-Morpholinocarbonyl-4-[3-(1-Methyl-3-Morpholinocarbonyl-5-Oxo-2-Pyrazolin-4-Ylidene)-1-Propenyl]Pyrazole-5-Olate,183196-57-8,No,No,Yes,,(EU) 2019/831
Potassium Borate (Boric Acid Potassium Salt),12712-38-8,Yes,No,No,,Ban Year: 2027
"Potassium Borate, Boric Acid Potassium Salt","12008-41-2, 12280-03-4, 10377-81-8, 68003-13-4, 12712-38-8, 1332-07-6, 12267-73-1, 13840-56-7, 1303-96-4, 12179-04-3",No,No,Yes,,(EU) 2019/1966
Potassium Bromate,7758-01-2,No,Yes,Yes,,(EC) 2009/1223
Potassium Heptadecafluorooctane-1-Sulfonate,"1763-23-1, 2795-39-3, 70225-14-8, 29081-56-9, 29457-72-5",No,No,Yes,,(EU) 2019/831
Potassium Pentachlorophenolate,"87-86-5, 131-52-2, 7778-73-6",No,No,Yes,,(EC) 2009/1223
Potassium Perfluorooctanesulfonate,"2795-39-3, 1763-23-1, 70225-14-8, 29081-56-9, 29457-72-5",Yes,No,Yes,,Ban Year: 2025 | (EU) 2019/831
Potassium Permanganate,7722-64-7,No,No,Yes,,(EU) 2019/1966
Potassium Titanium Oxide (K2Ti6O13),12056-51-8,No,No,Yes,,(EU) 2019/831
Pramocaine,140-65-8,No,Yes,No,,
Pramocaine (Inn),140-65-8,No,No,Yes,,(EC) 2009/1223
Pregnanediol,80-92-2,No,Yes,No,,
Pregnenolone Acetate,1778-02-5,No,Yes,No,,
Probenecid,57-66-9,No,Yes,No,,
Probenecid (Inn),57-66-9,No,No,Yes,,(EC) 2009/1223
"Procainamide (Inn), Its Salts And Derivatives",51-06-9,No,No,Yes,,(EC) 2009/1223
"Procainamide , Its Salts And Derivatives",51-06-9,No,Yes,No,,
Profoxydim (Iso),139001-49-3,No,No,Yes,,(EU) 2019/831
Progestogens,,No,No,Yes,,(EC) 2009/1223
"Propane-1,2,3-Triyl Trinitrate",55-63-0,No,No,Yes,,(EC) 2009/1223
Propargite (Iso),2312-35-8,No,No,Yes,,(EC) 2009/1223
Propargyl Alcohol,107-19-7,No,Yes,No,,
Propatylnitrate,2921-92-8,No,Yes,No,,
Propatylnitrate (Inn),2921-92-8,No,No,Yes,,(EC) 2009/1223
Propazine,139-40-2,No,No,Yes,,(EC) 2009/1223
Propiconazole (Iso),60207-90-1,No,No,Yes,,(EU) 2019/1966
Propiolactone,57-57-8,No,Yes,Yes,,(EC) 2009/1223
Propylene Dichloride,78-87-5,No,No,Yes,,(EU) 2019/1966
Propyphenazone,479-92-5,No,Yes,No,,
Propyphenazone (Inn),479-92-5,No,No,Yes,,(EC) 2009/1223
Propyzamide,23950-58-5,No,No,Yes,,(EC) 2009/1223
Proquinazid (Iso),189278-12-4,No,No,Yes,,(EU) 2019/831
Prunus Laurocerasus L.,89997-54-6,No,Yes,No,,
"Prunus Laurocerasus L. (""Cherry Laurel Water"")",89997-54-6,No,No,Yes,,(EC) 2009/1223
Psilocybine,520-52-5,No,Yes,No,,
Psilocybine (Inn),520-52-5,No,No,Yes,,(EC) 2009/1223
Pydiflumetofen,1228284-64-7,No,No,Yes,,(EU) 2022/1531
Pymetrozine (Iso),123312-89-0,No,No,Yes,,(EC) 2009/1223
Pyraclostrobin (Iso),175013-18-0,No,No,Yes,,(EU) 2026/78
Pyrethrum Album L. And Its Galenical Preparations,,No,Yes,Yes,,(EC) 2009/1223
Pyridine,110-86-1,No,Yes,No,,
Pyrilamine Maleate),59-33-6,No,No,Yes,,(EC) 2009/1223
Pyriofenone,688046-61-9,No,No,Yes,,(EU) 2022/1531
Pyrithione Sodium,3811-73-2,No,Yes,No,,
Pyrithione Sodium (Innm) (2),3811-73-2,No,No,Yes,,(EC) 2009/1223
Pyrithione Zinc,13463-41-7,No,No,Yes,,(EU) 2021/1902
Pyrocatechol,120-80-9,No,Yes,No,,
Pyrocatechol (Catechol),120-80-9,No,No,Yes,,(EC) 2009/1223
Pyrogallol,87-66-1,Yes,Yes,Yes,,Ban Year: 2027 | (EC) 2009/1223
Quaternium-15,51229-78-8,Yes,No,No,,Ban Year: 2025
Quinoclamine (Iso),2797-51-5,No,No,Yes,,(EU) 2023/1490
Quinoline,91-22-5,No,No,Yes,,(EU) 2019/831
Quizalofop-P-Tefuryl (Iso),200509-41-7,No,No,Yes,,(EU) 2019/1966
"R-1-Chloro-2,3-Epoxypropane",51594-55-9,No,No,Yes,,(EC) 2009/1223
"R-2,3-Epoxy-1-Propanol",57044-25-4,No,No,Yes,,(EC) 2009/1223
"Radioactive Substances, As Defined By Directive 96/29/Euratom (1) Laying Down The Basic Safety Standards For The Protection Of The Health Of Workers And The General Public Against The Dangers Arising From Ionising Radiation",,No,No,Yes,,(EC) 2009/1223
"Raffinates (Petroleum), Steam-Cracked C4 Fraction Cuprous Ammonium Acetate Extn., C3-5 And C3-5 Unsatd., Butadiene-Free, If They Contain > 0.1% W/W Butadiene",97722-19-5,No,No,Yes,,(EC) 2009/1223
"Ranunculus L.,",84929-74-8,No,Yes,No,,
"Rauwolfia Serpentia L., Alkaloids And Their Salts",90106-13-1,No,No,Yes,,(EC) 2009/1223
"Rauwolfia Serpentina L., Alkaloids And Their Salts",90106-13-1,No,Yes,No,,
"Reaction Mass Of 1,3-Dioxan-5-Ol And 1,3-Dioxolan-4-Ylmethanol",,No,No,Yes,,(EU) 2026/78
"Reaction Mass Of 1-(2,3-Epoxypropoxy)-2,2-Bis ((2,3-Epoxypropoxy)Methyl) Butane And 1-(2,3-Epoxypropoxy)-2-((2,3-Epoxypropoxy)Methyl)-2-Hydroxymethyl Butane",,No,No,Yes,,(EU) 2025/877
Reaction Mass Of 1-[2-(2-Aminobutoxy)Ethoxy]But-2-Ylamine And 1-({[2-(2-Aminobutoxy)Ethoxy]Methyl}Propoxy) But-2-Ylamine,897393-42-9,No,No,Yes,,(EU) 2019/1966
"Reaction Mass Of 3-(Difluoromethyl)-1-Methyl-N-[(1Rs,4Sr,9Rs)-1,2,3,4-Tetrahydro-9-Isopropyl-1,4-Methanonaphthalen-5-Yl]Pyrazole-4-Carboxamide And 3-(Difluoromethyl)-1-Methyl-N-[(1Rs,4Sr,9Sr)-1,2,3,4-Tetrahydro-9-Isopropyl-1,4-Methanonaphthalen-5-Yl]Pyrazole-4-Carboxamide [≥ 78 % Syn Isomers ≤ 15 % Anti Isomers Relative Content]",881685-58-1,No,No,Yes,,(EU) 2023/1490
"Reaction Mass Of 4,4'-[2,2,2-Trifluoro-1-(Trifluoromethyl)Ethylidene]Diphenol And Benzyl(Diethylamino)Diphenylphosphonium 4-[1,1,1,3,3,3-Hexafluoro-2-(4-Hydroxyphenyl)Propan-2-Yl]Phenolate (1:1)",,No,No,Yes,,(EU) 2025/877
"Reaction Mass Of 4,4'-[2,2,2-Trifluoro-1-(Trifluoromethyl)Ethylidene]Diphenol And Benzyltriphenylphosphonium, Salt With 4,4'-[2,2,2-Trifluoro-1-(Trifluoromethyl)Ethylidene]Diphenol (1:1)",,No,No,Yes,,(EU) 2025/877
"Reaction Mass Of: 2,2'-[(3,3'-Dichloro[1,1'-Biphenyl]-4,4'-Diyl)Bis(Azo)]Bis[N-(2,4-Dimethylphenyl)]-3-Oxo-Butanamide",,No,No,Yes,,(EU) 2019/831
"Reaction Mass Of: 4,7-Bis(Mercaptomethyl)-3,6,9-Trithia-1,11-Undecanedithiol",170016-25-8,No,No,Yes,,(EU) 2019/831
Reaction Mass Of: Ca Salicylates (Branched C10-14 And C18-30 Alkylated),,No,No,Yes,,(EU) 2019/831
"Reaction Mass Of: Cis-4- Hydroxy-3-(1,2,3,4-Tetrahydro-3-(4-(4-Trifluoromethylbenzyloxy)Phenyl)-1-Naphthyl)Coumarin And Trans-4-Hydroxy-3-(1,2,3,4-Tetrahydro-3-(4-(4-Trifluoromethylbenzyloxy)Phenyl)-1-Naphthyl)Coumarin",90035-08-8,No,No,Yes,,(EU) 2019/1966
"Reaction Mass Of: Diester Of 4,4'-Methylenebis[2-(2-Hydroxy-5-Methylbenzyl)-3,6-Dimethylphenol] And 6-Diazo-5,6-Dihydro-5-Oxonaphthalene-1-Sulfonic Acid (1:2)",,No,No,Yes,,(EU) 2019/831
Reaction Mass Of: Dimethyl (2-(Hydroxymethylcarbamoyl)Ethyl)Phosphonate,,No,No,Yes,,(EU) 2019/831
"Reaction Mass Of: Triammonium 6-Amino-3-((2,5-Diethoxy-4-(3-Phosphonophenyl)Azo)Phenyl)Azo-4-Hydroxy-2-Naphthalenesulfonate",163879-69-4,No,No,Yes,,(EU) 2019/831
"Reaction Mass Of: [2,4- Dioxo-(2-Propyn-1-Yl) Imidazolidin-3-Yl] Methyl(1R)-Cis-Chrysanthemate",72963-72-5,No,No,Yes,,(EU) 2021/1902
"Reaction Product Of 4,4'-Methylenebis[2-(4-Hydroxybenzyl)-3,6-Dimethylphenol] And 6-Diazo-5,6-Dihydro-5-Oxo-Naphthalenesulfonate (1:2), And",,No,No,Yes,,(EC) 2009/1223
"Reaction Product Of 4,4'-Methylenebis[2-(4-Hydroxybenzyl)-3,6-Dimethylphenol] And 6-Diazo-5,6-Dihydro-5-Oxo-Naphthalenesulfonate (1:3)",,No,No,Yes,,(EC) 2009/1223
"Reaction Product Of Acetophenone, Formaldehyde, Cyclohexylamine, Methanol And Acetic Acid",,No,No,Yes,,(EC) 2009/1223
Reaction Products Of Diisopropanolamine With Formaldehyde (1:4),220444-73-5,No,No,Yes,,(EU) 2019/831
Reaction Products Of Paraformaldehyde  With 2-Hydroxypropylamine (1:1)),,No,No,Yes,,(EU) 2019/831
Reaction Products Of Paraformaldehyde With 2-Hydroxypropylamine (3:2),,No,No,Yes,,(EU) 2019/831
Residual Oils (Petroleum),93821-66-0,No,No,Yes,,(EC) 2009/1223
"Residual Oils (Petroleum), Carbon-Treated Solvent-Dewaxed, If They Contain > 3 % W/W Dmso Extract",100684-37-5,No,No,Yes,,(EC) 2009/1223
"Residual Oils (Petroleum), Catalytic Dewaxed, If They Contain > 3 % W/W Dmso Extract",91770-57-9,No,No,Yes,,(EC) 2009/1223
"Residual Oils (Petroleum), Clay-Treated Solvent-Dewaxed, If They Contain > 3 % W/W Dmso Extract",100684-38-6,No,No,Yes,,(EC) 2009/1223
"Residual Oils (Petroleum), Clay-Treated, If They Contain > 3 % W/W Dmso Extract",64742-41-2,No,No,Yes,,(EC) 2009/1223
"Residual Oils (Petroleum), Hydrocracked Acid-Treated Solvent-Dewaxed, If They Contain > 3 % W/W Dmso Extract",92061-86-4,No,No,Yes,,(EC) 2009/1223
"Residual Oils (Petroleum), Hydrotreated Solvent Dewaxed, If They Contain > 3 % W/W Dmso Extract",90669-74-2,No,No,Yes,,(EC) 2009/1223
"Residual Oils (Petroleum), Hydrotreated, If They Contain > 3 % W/W Dmso Extract",64742-57-0,No,No,Yes,,(EC) 2009/1223
"Residual Oils (Petroleum), Solvent Deasphalted, If They Contain > 3 % W/W Dmso Extract",64741-95-3,No,No,Yes,,(EC) 2009/1223
"Residual Oils (Petroleum), Solvent-Dewaxed, If They Contain > 3 % W/W Dmso Extract",64742-62-7,No,No,Yes,,(EC) 2009/1223
"Residual Oils (Petroleum), Solvent-Refined, If They Contain > 3 % W/W Dmso Extract",64742-01-4,No,No,Yes,,(EC) 2009/1223
"Residues (Coal Tar), Creosote Oil Distn., If It Contains > 0.005 % W/W Benzo[A]Pyrene",92061-93-3,No,No,Yes,,(EC) 2009/1223
"Residues (Coal), Liq. Solvent Extn., If They Contain > 0.005 % W/W Benzo[A]Pyrene",94114-46-2,No,No,Yes,,(EC) 2009/1223
"Residues (Petroleum), Alkylation Splitter, C4-Rich, If They Contain > 0.1 % W/W Butadiene",68513-66-6,No,No,Yes,,(EC) 2009/1223
"Residues (Petroleum), Atm. Tower",64741-45-3,No,No,Yes,,(EC) 2009/1223
"Residues (Petroleum), Atmospheric",68333-22-2,No,No,Yes,,(EC) 2009/1223
"Residues (Petroleum), Catalytic Cracking",92061-97-7,No,No,Yes,,(EC) 2009/1223
"Residues (Petroleum), Catalytic Reformer Fractionator",64741-67-9,No,No,Yes,,(EC) 2009/1223
"Residues (Petroleum), Catalytic Reformer Fractionator Residue Distn.",68478-13-7,No,No,Yes,,(EC) 2009/1223
"Residues (Petroleum), Coker Scrubber, Condensed-Ring-Arom.-Contg",68783-13-1,No,No,Yes,,(EC) 2009/1223
"Residues (Petroleum), Heavy Coker And Light Vacuum",68512-61-8,No,No,Yes,,(EC) 2009/1223
"Residues (Petroleum), Heavy Coker Gas Oil And Vacuum Gas Oil",68478-17-1,No,No,Yes,,(EC) 2009/1223
"Residues (Petroleum), Hydrocracked",64741-75-9,No,No,Yes,,(EC) 2009/1223
"Residues (Petroleum), Hydrodesulfurized Atmospheric Tower",64742-78-5,No,No,Yes,,(EC) 2009/1223
"Residues (Petroleum), Hydrogenated Steam-Cracked Naphtha",92062-00-5,No,No,Yes,,(EC) 2009/1223
"Residues (Petroleum), Light Vacuum",68512-62-9,No,No,Yes,,(EC) 2009/1223
"Residues (Petroleum), Steam-Cracked",64742-90-1,No,No,Yes,,(EC) 2009/1223
"Residues (Petroleum), Steam-Cracked Heat-Soaked Naphtha",93763-85-0,No,No,Yes,,(EC) 2009/1223
"Residues (Petroleum), Steam-Cracked Light",68513-69-9,No,No,Yes,,(EC) 2009/1223
"Residues (Petroleum), Steam-Cracked Naphtha Distn.",92062-04-9,No,No,Yes,,(EC) 2009/1223
"Residues (Petroleum), Steam-Cracked, Distillates",90669-75-3,No,No,Yes,,(EC) 2009/1223
"Residues (Petroleum), Steam-Cracked, Resinous",68955-36-2,No,No,Yes,,(EC) 2009/1223
"Residues (Petroleum), Thermal Cracked",64741-80-6,No,No,Yes,,(EC) 2009/1223
"Residues (Petroleum), Topping Plant, Low-Sulfur",68607-30-7,No,No,Yes,,(EC) 2009/1223
"Residues (Petroleum), Vacuum, Light",90669-76-4,No,No,Yes,,(EC) 2009/1223
"Residues, Steam Cracked, Thermally Treated",98219-64-8,No,No,Yes,,(EC) 2009/1223
Resorcinol Diglycidyl Ether,101-90-6,No,Yes,Yes,,(EC) 2009/1223
Rhododendrol,69617-84-1,No,Yes,No,,
Rhododendron Molle G. Don,,No,Yes,No,,
S-Metolachlor (Iso),87392-12-9,No,No,Yes,,(EU) 2026/78
"S-[(1,3-Dioxo-1,3-Dihydro-2H- Isoindol-2-Yl)Methyl]-O,O-Dimethyl Phosphorodithioate",732-11-6,No,No,Yes,,(EU) 2019/1966
"S-[(6-Chloro-2-Oxooxazolo[4,5-B]Pyridin-3(2H)-Yl)Methyl] O,O-Dimethyl Thiophosphate",35575-96-3,No,No,Yes,,(EU) 2022/1531
Safrole,94-59-7,No,Yes,No,,"使用樟科等植物原料來源成分者, 其最終殘留限量如下:最終製品中所含黃樟素含量不得超過100ppm. "
"Safrole, Except For Normal Content In The Natural Essences Used And Provided That The Concentration Does Not Exceed:",94-59-7,No,No,Yes,,(EC) 2009/1223
Salts Of O-Alkyldithiocarbonic Acids,,No,No,Yes,,(EC) 2009/1223
Sapium Sebiferum  Roxb.,,No,Yes,No,,
Schoenocaulon Officinale Lind,84604-18-2,No,Yes,No,,
Schoenocaulon Officinale Lind (Seeds And Galenical Preparations),84604-18-2,No,No,Yes,,(EC) 2009/1223
Secondary Alkyl- And Alkanolamines And Their Salts,"111-42-2, 110-97-4",No,No,Yes,,(EC) 2009/1223
Sedaxane,874967-67-6,No,No,Yes,,(EU) 2022/1531
Selenium And Its Compounds,7782-49-2,No,Yes,No,,使用於髮類產品之Selenium disulfide除外. 
Selenium And Its Compounds With The Exception Of Selenium Disulphide Under The Conditions Set Out Under Reference No 49 In Annex Iii,7782-49-2,No,No,Yes,,(EC) 2009/1223
"Silicic Acid, Lead Nickel Salt",68130-19-8,No,No,Yes,,(EU) 2019/831
"Silicic Acid, Nickel Salt","21784-78-1, 13775-54-7, 31748-25-1, 37321-15-6, 12519-85-6",No,No,Yes,,(EU) 2019/831
"Silicon Carbide Fibres (With Diameter < 3 Μm, Length > 5 Μm And Aspect Ratio ≥ 3:1)","409-21-2, 308076-74-6",No,No,Yes,,(EU) 2021/1902
Silver (Massive) [Particle Diameter ≥ 1 Mm],7440-22-4,No,No,Yes,,(EU) 2026/78
Silver (Nano) [1 Nm < Particle Diameter ≤ 100 Nm],7440-22-4,No,No,Yes,,(EU) 2026/78
Silver Zinc Zeolite,130328-20-0,No,No,Yes,,(EU) 2019/831
Simazine,122-34-9,No,No,Yes,,(EC) 2009/1223
Sinapis Alba L.,,No,Yes,No,,
Skimmia Reevesiana Fortune,,No,Yes,No,,
"Slack Wax (Petroleum), Acid-Treated, Except If The Full Refining History Is Known And It Can Be Shown That The Substance From Which It Is Produced Is Not A Carcinogen",90669-77-5,No,No,Yes,,(EC) 2009/1223
"Slack Wax (Petroleum), Carbon-Treated, Except If The Full Refining History Is Known And It Can Be Shown That The Substance From Which It Is Produced Is Not A Carcinogen",100684-49-9,No,No,Yes,,(EC) 2009/1223
"Slack Wax (Petroleum), Clay-Treated, Except If The Full Refining History Is Known And It Can Be Shown That The Substance From Which It Is Produced Is Not A Carcinogen",90669-78-6,No,No,Yes,,(EC) 2009/1223
"Slack Wax (Petroleum), Except If The Full Refining History Is Known And It Can Be Shown That The Substance From Which It Is Produced Is Not A Carcinogen",64742-61-6,No,No,Yes,,(EC) 2009/1223
"Slack Wax (Petroleum), Hydrotreated, Except If The Full Refining History Is Known And It Can Be Shown That The Substance From Which It Is Produced Is Not A Carcinogen",92062-09-4,No,No,Yes,,(EC) 2009/1223
"Slack Wax (Petroleum), Low-Melting, Carbon-Treated, Except If The Full Refining History Is Known And It Can Be Shown That The Substance From Which It Is Produced Is Not A Carcinogen",97863-04-2,No,No,Yes,,(EC) 2009/1223
"Slack Wax (Petroleum), Low-Melting, Clay-Treated, Except If The Full Refining History Is Known And It Can Be Shown That The Substance From Which It Is Produced Is Not A Carcinogen",97863-05-3,No,No,Yes,,(EC) 2009/1223
"Slack Wax (Petroleum), Low-Melting, Except If The Full Refining History Is Known And It Can Be Shown That The Substance From Which It Is Produced Is Not A Carcinogen",92062-10-7,No,No,Yes,,(EC) 2009/1223
"Slack Wax (Petroleum), Low-Melting, Hydrotreated, Except If The Full Refining History Is Known And It Can Be Shown That The Substance From Which It Is Produced Is Not A Carcinogen",92062-11-8,No,No,Yes,,(EC) 2009/1223
"Slack Wax (Petroleum), Low-Melting, Silicic Acid-Treated, Except If The Full Refining History Is Known And It Can Be Shown That The Substance From Which It Is Produced Is Not A Carcinogen",97863-06-4,No,No,Yes,,(EC) 2009/1223
"Slimes And Sludges, Copper Electrolyte Refining, Decopperised",94551-87-8,No,No,Yes,,(EU) 2019/831
"Slimes And Sludges, Copper Electrolytic Refining, Decopperised, Nickel Sulfate",92129-57-2,No,No,Yes,,(EU) 2019/831
Sodium 3-(Allyloxy)-2-Hydroxypropanesulphonate,52556-42-0,No,No,Yes,,(EU) 2026/78
Sodium Borate,1330-43-4,Yes,Yes,Yes,"Sodium Borate (Disodium Tetraborate Anhydrous) | Borax Pentahydrate | Disodium Octaborate Tetrahydrate | Zinc Borate | Disodium Tetraborate Pentahydrate | Trioctyldodecyl Borate | Sodium Borate, Disodium Tetraborate Anhydrous | Borates, Tetraborates, Octaborates And Boric Acid Salts And Esters, Including: | Borax Decahydrate | Sodium Borate | Disodium Tetraborate Decahydrate | Tetraboron Disodium Heptaoxide, Hydrate | Potassium Borate, Boric Acid Potassium Salt | Orthoboric Acid, Sodium Salt | Boric Acid, Sodium Salt | 2-Hydroxypropyl Ammonium Dihydrogen Orthoborate | 2-Aminoethanol, Monoester With Boric Acid | Disodium Octaborate Anhydrous","Ban Year: 2027 | 含微量Sodium borate用以乳化Beeswax及Bleached Beeswax者, 不在此限, 惟其含量不得超過0.76%.  | (EU) 2019/1966"
"Sodium Borate, Disodium Tetraborate Anhydrous","12008-41-2, 12280-03-4, 10377-81-8, 68003-13-4, 12712-38-8, 1332-07-6, 12267-73-1, 13840-56-7, 1303-96-4, 12179-04-3",No,No,Yes,,(EU) 2019/1966
Sodium Cyanide/Potassium Cyanide/Silver Cyanide/Copper Cyanide/Copper Potassium Cyanide/Cadmium Cyanide/Zinc Cyanide/Copper Cyanide/Copper Sodium Cyanide,143-33-9/151-50-8/506-64-9/544-92-3/13682-73-0/542-83-6/557-21-1/14763-77-0/14264-31-4,No,Yes,No,,
Sodium Heptadecafluorononanoate,21049-39-8,Yes,No,No,,Ban Year: 2025
Sodium Hexacyclonate,7009-49-6,No,Yes,No,,
Sodium Hexacyclonate (Inn),7009-49-6,No,No,Yes,,(EC) 2009/1223
Sodium N-(Hydroxymethyl)Glycinate,70161-44-3,No,No,Yes,,(EU) 2021/1902
Sodium Nonadecafluorodecanoate,"3830-45-3, 335-76-2, 3108-42-7",Yes,No,Yes,,Ban Year: 2025 | (EU) 2019/831
Sodium Pentachlorophenolate,"87-86-5, 131-52-2, 7778-73-6",No,No,Yes,,(EC) 2009/1223
Sodium Perborate,"15120-21-5, 7632-04-4, 13517-20-9, 37244-98-7, 10486-00-7, 10332-33-9, 11138-47-9, 12040-72-1, 121-43-7",Yes,Yes,Yes,,Ban Year: 2027 | (EU) 2026/78
Sodium Perborate Monohydrate,10332-33-9,Yes,No,No,,Ban Year: 2027
Sodium Peroxoborate,"13517-20-9, 37244-98-7, 10486-00-7, 15120-21-5, 7632-04-4, 10332-33-9, 11138-47-9, 12040-72-1, 121-43-7",No,No,Yes,,(EU) 2026/78
"Sodium Peroxoborate, Hexahydrate","13517-20-9, 37244-98-7, 10486-00-7, 15120-21-5, 7632-04-4, 10332-33-9, 11138-47-9, 12040-72-1, 121-43-7",No,No,Yes,,(EU) 2026/78
Sodium Peroxometaborate,"13517-20-9, 37244-98-7, 10486-00-7, 15120-21-5, 7632-04-4, 10332-33-9, 11138-47-9, 12040-72-1, 121-43-7",No,No,Yes,,(EU) 2026/78
Solanum Nigrum L. And Its Galenical Preparations,84929-77-1,No,Yes,Yes,,(EC) 2009/1223
Solvent Red 1,1229-55-6,No,Yes,No,,
"Solvent Red 1 (Ci 12150), When Used As A Substance In Hair Dye Products",1229-55-6,No,No,Yes,,(EC) 2009/1223
Sparteine  And Its Salts,90-39-1,No,Yes,No,,
Sparteine (Inn) And Its Salts,90-39-1,No,No,Yes,,(EC) 2009/1223
Spirodiclofen (Iso),148477-71-8,No,No,Yes,,(EU) 2019/1966
Spironolactone,52-01-7,No,Yes,No,,
Spironolactone (Inn),52-01-7,No,No,Yes,,(EC) 2009/1223
Spirotetramat (Iso),203313-25-1,No,No,Yes,,(EU) 2019/831
Spiroxamine (Iso),118134-30-8,No,No,Yes,,(EU) 2019/831
"Stannane, Dioctyl-, Bis (Coco Acyloxy) Derivs.",3648-18-8,No,No,Yes,,(EU) 2021/1902
Stellera Chamaejasme L.,,No,Yes,No,,
Strontium Compounds,7440-24-6,No,Yes,No,,口腔製劑另有規定者除外. 
Strontium Lactate,29870-99-3,No,No,Yes,,(EC) 2009/1223
Strontium Nitrate,10042-76-9,No,No,Yes,,(EC) 2009/1223
Strontium Polycarboxylate,,No,No,Yes,,(EC) 2009/1223
Strophanthus Species And Their Galenical Preparations,,No,Yes,No,,
"Strophantines, Their Aglucones And Their Respective Derivatives",11005-63-3,No,No,Yes,,(EC) 2009/1223
Strophantus Species And Their Galenical Preparations,,No,No,Yes,,(EC) 2009/1223
Strychnine And Its Salts,57-24-9,No,No,Yes,,(EC) 2009/1223
Strychnos Species And Their Galenical Preparations,,No,Yes,Yes,,(EC) 2009/1223
Styrene,100-42-5,Yes,No,Yes,,Ban Year: 2027 | (EU) 2019/831
Styrene/Acrylates Copolymer,9010-92-8,No,No,Yes,Styrene/Acrylates Copolymer (Nano) [Inci] | Styrene/Acrylates Copolymer | Sodium Styrene/Acrylates Copolymer (Nano) [Inci],(EU) 2024/858
Substances With Androgenic Effect,,No,Yes,Yes,,(EC) 2009/1223
Succinonitrile,110-61-2,No,No,Yes,,(EC) 2009/1223
Sulcotrione (Iso),99105-77-8,No,No,Yes,,(EU) 2019/831
Sulfallate,95-06-7,No,Yes,Yes,,(EC) 2009/1223
Sulfinpyrazone,57-96-5,No,Yes,No,,
Sulfinpyrazone (Inn),57-96-5,No,No,Yes,,(EC) 2009/1223
Sulphonamides  And Their Salts,,No,Yes,No,,
Sulphonamides (Sulphanilamide And Its Derivatives Obtained By Substitution Of One Or More H-Atoms Of The -Nh2 Groups) And Their Salts,,No,No,Yes,,(EC) 2009/1223
Sultiame,61-56-3,No,Yes,No,,
Sultiame (Inn),61-56-3,No,No,Yes,,(EC) 2009/1223
Sympathicomimetic Amines Acting On The Central Nervous System: Any Substance Contained In The First List Of Medicaments Which Are Subject To Medical Prescription And Referred To In Resolution Ap (69) 2 Of The Council Of Europe,300-62-9,No,No,Yes,,(EC) 2009/1223
Synthetic Curarizants,,No,No,Yes,,(EC) 2009/1223
Tabanus,,No,Yes,No,,
"Tagetes Erecta Flower Extract, Tagetes Erecta Flower Oil",90131-43-4,No,No,Yes,,(EU) 2018/978
"Tail Gas (Petroleum), Catalytic Cracked Clarified Oil And Thermal Cracked Vacuum Residue Fractionation Reflux Drum, If It Contains > 0.1% W/W Butadiene",68478-21-7,No,No,Yes,,(EC) 2009/1223
"Tail Gas (Petroleum), Catalytic Cracked Distillate And Catalytic Cracked Naphtha Fractionation Absorber, If It Contain > 0.1% W/W Butadiene",68307-98-2,No,No,Yes,,(EC) 2009/1223
"Tail Gas (Petroleum), Catalytic Cracked Distillate And Naphtha Stabilizer, If It Contains > 0.1 % W/W Butadiene",68952-77-2,No,No,Yes,,(EC) 2009/1223
"Tail Gas (Petroleum), Catalytic Cracked Naphtha Stabilization Absorber, If It Contains > 0.1 % W/W Butadiene",68478-22-8,No,No,Yes,,(EC) 2009/1223
"Tail Gas (Petroleum), Catalytic Cracker Refractionation Absorber, If It Contains > 0.1% W/W Butadiene",68478-25-1,No,No,Yes,,(EC) 2009/1223
"Tail Gas (Petroleum), Catalytic Cracker, Catalytic Reformer And Hydrodesulfurized Combined Fractionater, If It Contains > 0.1% W/W Butadiene",68478-24-0,No,No,Yes,,(EC) 2009/1223
"Tail Gas (Petroleum), Catalytic Hydrodesulfurized Naphtha Separator, If It Contains > 0.1% W/W Butadiene",68952-79-4,No,No,Yes,,(EC) 2009/1223
"Tail Gas (Petroleum), Catalytic Polymn. Naphtha Fractionation Stabilizer, If It Contains",68307-99-3,No,No,Yes,,(EC) 2009/1223
"Tail Gas (Petroleum), Catalytic Reformed Naphtha Fractionation Stabilizer, Hydrogen Sulfide-Free, If It Contains > 0.1% W/W Butadiene",68308-00-9,No,No,Yes,,(EC) 2009/1223
"Tail Gas (Petroleum), Catalytic Reformed Naphtha Fractionation Stabilizer, If It Contains > 0.1 % W/W Butadiene",68478-26-2,No,No,Yes,,(EC) 2009/1223
"Tail Gas (Petroleum), Catalytic Reformed Naphtha Separator, If It Contains > 0.1% W/W Butadiene",68478-27-3,No,No,Yes,,(EC) 2009/1223
"Tail Gas (Petroleum), Catalytic Reformed Naphtha Stabilizer, If It Contains > 0.1% W/W Butadiene",68478-28-4,No,No,Yes,,(EC) 2009/1223
"Tail Gas (Petroleum), Cracked Distillate Hydrotreater Separator, If It Contains > 0.1% W/W Butadiene",68478-29-5,No,No,Yes,,(EC) 2009/1223
"Tail Gas (Petroleum), Cracked Distillate Hydrotreater Stripper, If It Contains > 0.1% W/W Butadiene",68308-01-0,No,No,Yes,,(EC) 2009/1223
"Tail Gas (Petroleum), Gas Oil Catalytic Cracking Absorber, If It Contains > 0.1 % W/W Butadiene",68308-03-2,No,No,Yes,,(EC) 2009/1223
"Tail Gas (Petroleum), Gas Recovery Plant Deethanizer, If It Contains > 0.1% W/W Butadiene",68308-05-4,No,No,Yes,,(EC) 2009/1223
"Tail Gas (Petroleum), Gas Recovery Plant, If It Contains > 0.1 % W/W Butadiene",68308-04-3,No,No,Yes,,(EC) 2009/1223
"Tail Gas (Petroleum), Hydrodesulfurised Distillate And Hydrodesulfurized Naphtha Fractionator, Acid-Free, If It Contains > 0.1% W/W Butadiene",68308-06-5,No,No,Yes,,(EC) 2009/1223
"Tail Gas (Petroleum), Hydrodesulfurized Straight-Run Naphtha Separator, If It Contains > 0.1 % W/W Butadiene",68478-30-8,No,No,Yes,,(EC) 2009/1223
"Tail Gas (Petroleum), Hydrodesulfurized Vacuum Gas Oil Stripper, Hydrogen Sulfide-Free, If It Contains > 0.1% W/W Butadiene",68308-07-6,No,No,Yes,,(EC) 2009/1223
"Tail Gas (Petroleum), Isomerized Naphtha Fractionation Stabilizer, If It Contains > 0,1% W/W Butadiene",68308-08-7,No,No,Yes,,(EC) 2009/1223
"Tail Gas (Petroleum), Light Straight-Run Naphtha Stabilizer, Hydrogen Sulfide-Free, If It Contains > 0.1% W/W Butadiene",68308-09-8,No,No,Yes,,(EC) 2009/1223
"Tail Gas (Petroleum), Propane-Propylene Alkylation Feed Prep Deethanizer, If It Contains > 0.1 % W/W Butadiene",68308-11-2,No,No,Yes,,(EC) 2009/1223
"Tail Gas (Petroleum), Saturate Gas Plant Mixed Stream, C4-Rich, If It Contains > 0.1% W/W Butadiene",68478-32-0,No,No,Yes,,(EC) 2009/1223
"Tail Gas (Petroleum), Saturate Gas Recovery Plant, C1-2-Rich, If It Contains > 0.1% W/W Butadiene",68478-33-1,No,No,Yes,,(EC) 2009/1223
"Tail Gas (Petroleum), Straight-Run Distillate Hydrodesulfurized, Hydrogen Sulfide-Free, If It Contains > 0.1% W/W Butadiene",68308-10-1,No,No,Yes,,(EC) 2009/1223
"Tail Gas (Petroleum), Straight-Run Naphtha Hydrodesulfurized, If It Contains > 0.1% W/W Butadiene",68952-80-7,No,No,Yes,,(EC) 2009/1223
"Tail Gas (Petroleum), Thermal Cracked Hydrocarbon Fractionation Stabilizer, Petroleum Coking, If It Contains > 0.1% W/W Butadiene",68952-82-9,No,No,Yes,,(EC) 2009/1223
"Tail Gas (Petroleum), Thermal-Cracked Distillate, Gas Oil And Naphtha Absorber, If It Contains > 0.1% W/W Butadiene",68952-81-8,No,No,Yes,,(EC) 2009/1223
"Tail Gas (Petroleum), Vacuum Gas Oil Hydrodesulfurized, Hydrogen Sulfide-Free, If It Contains > 0.1 % W/W Butadiene",68308-12-3,No,No,Yes,,(EC) 2009/1223
"Tail Gas (Petroleum), Vacuum Residues Thermal Cracker, If It Contains > 0.1 % W/W Butadiene",68478-34-2,No,No,Yes,,(EC) 2009/1223
Tefazoline  And Its Salts,1082-56-0,No,Yes,No,,
Tefazoline (Inn) And Its Salts,1082-56-0,No,No,Yes,,(EC) 2009/1223
Tellurium And Its Compounds,13494-80-9,No,Yes,Yes,,(EC) 2009/1223
Tellurium Dioxide,7446-07-3,No,No,Yes,,(EU) 2023/1490
Tembotrione (Iso),335104-84-2,No,No,Yes,,(EU) 2019/831
Tepraloxydim (Iso),149979-41-9,No,No,Yes,,(EU) 2019/831
Tert-Butyl 2-Ethylperoxyhexanoate,3006-82-4,No,No,Yes,,(EU) 2026/78
Tert-Butyl Hydroperoxide,75-91-2,No,No,Yes,,(EU) 2019/1966
Tetrabenazine  And Its Salts,58-46-8,No,Yes,No,,
Tetrabenazine (Inn) And Its Salts,58-46-8,No,No,Yes,,(EC) 2009/1223
Tetraboron Disodium Heptaoxide Hydrate,12267-73-1,Yes,No,No,,Ban Year: 2027
"Tetraboron Disodium Heptaoxide, Hydrate","12008-41-2, 12280-03-4, 10377-81-8, 68003-13-4, 12712-38-8, 1332-07-6, 12267-73-1, 13840-56-7, 1303-96-4, 12179-04-3",No,No,Yes,,(EU) 2019/1966
Tetrabromobisphenol-A,79-94-7,No,No,Yes,,(EU) 2025/877
Tetrabromosalicylanilides,,No,No,Yes,,(EC) 2009/1223
Tetracaine  And Its Salts,94-24-6,No,Yes,No,,
Tetracaine (Inn) And Its Salts,94-24-6,No,No,Yes,,(EC) 2009/1223
Tetracarbonylnickel,13463-39-3,No,Yes,Yes,,(EC) 2009/1223
Tetrachloroethylene,127-18-4,No,Yes,Yes,,(EC) 2009/1223
Tetrachlorosalicylanilides,7426-07-5,No,No,Yes,,(EC) 2009/1223
Tetraethyl Pyrophosphate   (Tepp - Iso),107-49-3,No,No,Yes,,(EC) 2009/1223
Tetrafluoroethylene,116-14-3,No,No,Yes,,(EU) 2022/1531
Tetraglyme,143-24-8,No,No,Yes,,(EU) 2021/1902
"Tetrahydro-1,3-Dimethyl-1H-Pyrimidin-2-One",7226-23-5,No,No,Yes,,(EU) 2019/831
Tetrahydro-2-Furylmethanol,97-99-4,No,No,Yes,,(EU) 2019/831
Tetrahydro-6-Nitroquinoxaline And Its Salts,"158006-54-3, 41959-35-7, 73855-45-5",No,No,Yes,,(EC) 2009/1223
Tetrahydrocannabinols,1972-08-3,No,Yes,No,,"如化粧品中使用大麻籽油(Cannabis sativa seed oil(Hemp seed oil))為原料時, 則其最終製品中所含四氫大麻酚(Tetrahydrocannabinols)之殘留量不得超過10ppm. "
Tetrahydrofuran,109-99-9,No,No,Yes,,(EU) 2019/831
Tetrahydrofurfuryl Alcohol,97-99-4,No,No,Yes,,(EU) 2019/831
Tetrahydrothiopyran-3-Carboxaldehyde,61571-06-0,No,No,Yes,,(EC) 2009/1223
Tetrahydrozoline (Tetryzoline (Inn)) And Its Salts,"84-22-0, 522-48-5, 33067-94-6",No,No,Yes,,(EC) 2009/1223
Tetrahydrozoline ) And Its Salts,84-22-0,No,Yes,No,,
Tetramethrin,7696-12-0,No,No,Yes,,(EU) 2019/1966
"Tetrasodium 3,3'-[[1,1'-Biphenyl]-4,4'-Diylbis(Azo)]Bis[5-Amino-4-Hydroxynaphthalene-2,7-Disulphonate]",2602-46-2,No,No,Yes,,(EC) 2009/1223
"Tetrasodium 6-Amino-4-Hydroxy-3-[[7-Sulphonato-4-[(4-Sulphonatophenyl)Azo]-1-Naphthyl]Azo]Naphthalene-2,7-Disulphonate (Food Black 2",2118-39-0,No,No,Yes,,(EC) 2013/344
Tetrylammonium Bromide,71-91-0,No,Yes,No,,
Tetrylammonium Bromide (Inn),71-91-0,No,No,Yes,,(EC) 2009/1223
Thalidomide  And Its Salts,50-35-1,No,Yes,No,,
Thalidomide (Inn) And Its Salts,50-35-1,No,No,Yes,,(EC) 2009/1223
Thallium And Its Compounds,7440-28-0,No,Yes,Yes,,(EC) 2009/1223
Theophylline,58-55-9,No,No,Yes,,(EU) 2023/1490
"Thevetia Neriifolia Juss., Glycoside Extract",90147-54-9,No,Yes,Yes,,(EC) 2009/1223
Thiacloprid (Iso),111988-49-9,No,No,Yes,,(EU) 2019/831
Thiamazole,60-56-0,No,Yes,No,,
Thiamazole (Inn),60-56-0,No,No,Yes,,(EC) 2009/1223
Thiamethoxam (Iso),153719-23-4,No,No,Yes,,(EU) 2022/1531
Thioacetamide,62-55-5,No,No,Yes,,(EC) 2009/1223
Thiophanate-Methyl,23564-05-8,No,No,Yes,,(EC) 2009/1223
Thiosemicarbazide,79-19-6,No,Yes,No,,
Thiotepa,52-24-4,No,Yes,No,,
Thiotepa (Inn),52-24-4,No,No,Yes,,(EC) 2009/1223
Thiourea,62-56-6,No,Yes,No,,
"Thiourea And Its Derivatives, With The Exception Of The One Listed In Annex Iii",62-56-6,No,No,Yes,,(EC) 2009/1223
Thiram (Iso) (Inn),"97-77-8, 137-26-8",No,No,Yes,,(EC) 2009/1223
Thiuram Monosulphides,97-74-5,No,No,Yes,,(EC) 2009/1223
Thyropropic Acid  And Its Salts,51-26-3,No,Yes,No,,
Thyropropic Acid (Inn) And Its Salts,51-26-3,No,No,Yes,,(EC) 2009/1223
Tolboxane,2430-46-8,No,Yes,No,,
Tolboxane (Inn),2430-46-8,No,No,Yes,,(EC) 2009/1223
Tolbutamide,64-77-7,No,Yes,No,,
Tolbutamide (Inn),64-77-7,No,No,Yes,,(EC) 2009/1223
Tolpyralate,1101132-67-5,No,No,Yes,,(EU) 2022/1531
"Toluene-3,4-Diamine And Its Salts",496-72-0,No,Yes,No,,
"Toluene-3,4-Diamine And Its Salts, When Used As A Substance In Hair Dye Products",496-72-0,No,No,Yes,,(EC) 2009/1223
Toluidine Sulphate (1:1),540-25-0,No,No,Yes,,(EC) 2009/1223
"Toluidines, Their Isomers, Salts And Halogenated And Sulphonated Derivatives",26915-12-8,No,No,Yes,,(EC) 2009/1223
Toluidinium Chloride,540-23-8,No,No,Yes,,(EC) 2009/1223
Toxaphene,8001-35-2,No,Yes,Yes,,(EC) 2009/1223
Tralkoxydim (Iso),87820-88-0,No,No,Yes,,(EU) 2019/831
"Trans-2-Heptenal, When Used As A Fragrance Ingredient",18829-55-5,No,No,Yes,,(EC) 2009/1223
"Trans-2-Hexenal Diethyl Acetal, When Used As A Fragrance Ingredient",67746-30-9,No,No,Yes,,(EC) 2009/1223
"Trans-2-Hexenal Dimethyl Acetal, When Used As A Fragrance Ingredient",18318-83-7,No,No,Yes,,(EC) 2009/1223
Trans-4-Cyclohexyl-L-Proline Monohydrochloride,90657-55-9,No,No,Yes,,(EC) 2009/1223
Trans-4-Phenyl-L-Proline,96314-26-0,No,No,Yes,,(EC) 2009/1223
Transfluthrin (Iso),118712-89-3,No,No,Yes,,(EU) 2025/877
Tranylcypromine  And Its Salts,155-09-9,No,Yes,No,,
Tranylcypromine (Inn) And Its Salts,155-09-9,No,No,Yes,,(EC) 2009/1223
Travamide,,No,Yes,No,,
Tretamine,51-18-3,No,Yes,No,,
Tretamine (Inn),51-18-3,No,No,Yes,,(EC) 2009/1223
Tretinoin,302-79-4,No,Yes,Yes,Vitamin A acid | 302-79-4 | Tretinoin | Retinoic acid | Tretinoin (Inn) (Retinoic Acid And Its Salts) | all-trans-Retinoic acid | tretinoin,(EC) 2009/1223
Triadimenol (Iso),55219-65-3,No,No,Yes,,(EU) 2019/831
"Triammonium 4-[4-[7-(4-Carboxylatoanilino)-1-Hydroxy-3-Sulfonato-2-Naphthylazo]-2,5-Dimethoxyphenylazo]Benzoate",221354-37-6,No,No,Yes,,(EU) 2019/831
Triamterene  And Its Salts,396-01-0,No,Yes,No,,
Triamterene (Inn) And Its Salts,396-01-0,No,No,Yes,,(EC) 2009/1223
Tributyl Phosphate,126-73-8,No,No,Yes,,(EC) 2009/1223
Tributyltin Compounds,,No,No,Yes,,(EU) 2019/831
Tributyltin Oxide Oxide),56-35-9,No,Yes,No,,
Trichlormethine  And Its Salts,555-77-1/817-09-4/ 6138-32-5,No,Yes,No,,
Trichlormethine (Inn) And Its Salts,"555-77-1, 817-09-4, 6138-32-5",No,No,Yes,,(EC) 2009/1223
Trichloroacetic Acid,76-03-9,Yes,Yes,Yes,,Ban Year: 2027 | (EC) 2009/1223
Trichloroethylene,79-01-6,No,Yes,Yes,,(EC) 2009/1223
Trichloromethylstannane,993-16-8,No,No,Yes,,(EU) 2019/831
Trichloronitromethane (Chloropicrine),76-06-2,No,No,Yes,,(EC) 2009/1223
Tricresyl Phosphate,1330-78-5,Yes,No,No,,Ban Year: 2027
Tridecafluoroheptanoic Acid,375-85-9,No,No,Yes,,(EU) 2023/1490
Tridemorph,24602-86-6,No,No,Yes,,(EC) 2009/1223
"Triester Of 4,4'-Methylenebis[2-(2-Hydroxy-5-Methylbenzyl)-3,6-Dimethylphenol] And 6-Diazo-5,6-Dihydro-5-Oxonaphthalene-1-Sulfonic Acid (1:3)",,No,No,Yes,,(EU) 2019/831
Triethylene Glycol Dimethyl Ether,112-49-2,No,No,Yes,,(EC) 2009/1223
Triflumizole (Iso),68694-11-1,No,No,Yes,,(EU) 2019/1966
Trifluoroiodomethane,2314-97-8,No,No,Yes,,(EC) 2009/1223
Trifluperidol,749-13-3,No,Yes,No,,
Trifluperidol (Inn),749-13-3,No,No,Yes,,(EC) 2009/1223
Trifluralin (Iso),1582-09-8,No,No,Yes,,(EU) 2019/831
Triflusulfuron-Methyl,126535-15-7,No,No,Yes,,(EU) 2019/831
Triglyme,112-49-2,No,No,Yes,,(EC) 2009/1223
Trihydrogen Hydroxybis[Orthosilicato(4-)]Trinickelate(3-),"21784-78-1, 13775-54-7, 31748-25-1, 37321-15-6, 12519-85-6",No,No,Yes,,(EU) 2019/831
Trimethyl Borate,"13517-20-9, 37244-98-7, 10486-00-7, 15120-21-5, 7632-04-4, 10332-33-9, 11138-47-9, 12040-72-1, 121-43-7",No,No,Yes,,(EU) 2026/78
Trimethylolpropane Triacrylate,15625-89-5,No,No,Yes,,(EU) 2023/1490
Trimethylopropane Tri(3-Aziridinylpropanoate),52234-82-9,No,No,Yes,,(EU) 2019/831
Trinickel Bis(Arsenate),13477-70-8,No,No,Yes,,(EU) 2019/831
Trinickel Bis(Arsenite),74646-29-0,No,No,Yes,,(EU) 2019/831
Trinickel Bis(Orthophosphate),"14332-34-4, 18718-11-1, 10381-36-9, 14448-18-1, 14507-36-9, 36026-88-7, 17169-61-8, 19372-20-4",No,No,Yes,,(EU) 2019/831
Trinickel Boride,"12007-00-0, 12007-01-1, 12007-02-2, 12619-90-8, 12059-14-2, 12201-89-7, 12035-64-2, 65229-23-4",No,No,Yes,,(EU) 2019/831
Trinickel Disulfide,"12035-72-2, 12035-71-1",No,Yes,Yes,,(EC) 2009/1223
Trinickel Tetrasulfide,12137-12-1,No,No,Yes,,(EU) 2019/831
Trioctyldodecyl Borate,"12008-41-2, 12280-03-4, 10377-81-8, 68003-13-4, 12712-38-8, 1332-07-6, 12267-73-1, 13840-56-7, 1303-96-4, 12179-04-3",Yes,No,Yes,,Ban Year: 2027 | (EU) 2019/1966
"Trioxymethylene (1,3,5-Trioxan)",110-88-3,No,No,Yes,,(EC) 2009/1223
Triparanol,78-41-1,No,Yes,No,,
Triparanol (Inn),78-41-1,No,No,Yes,,(EC) 2009/1223
Tripelennamine,91-81-6,No,Yes,No,,
Tripelennamine (Inn),91-81-6,No,No,Yes,,(EC) 2009/1223
Tripterygium Wilfordii Hook.F.,,No,Yes,No,,
Tris(2-Chloroethyl) Phosphate,115-96-8,No,No,Yes,,(EC) 2009/1223
Tris(2-Methoxyethoxy) Vinylsilane,1067-53-4,No,No,Yes,,(EU) 2021/1902
Tris[2-Chloro-1-(Chloromethyl)Ethyl] Phosphate,13674-87-8,No,No,Yes,,(EU) 2019/831
Tris[4-(Dimethylamino) Phenyl]Methanol,"548-62-9, 467-63-0",No,No,Yes,,(EC) 2009/1223
"Trisodium 3-Hydroxy-4-(4'-Sulphonatonaphthylazo)Naphthalene-2,7-Disulphonate (Acid Red 27",915-67-3,No,No,Yes,,(EC) 2013/344
"Trisodium 4-(3-Ethoxycarbonyl-4-(5-(3-Ethoxycarbonyl-5-Oxido-1-(4-Sulfonatophenyl)Pyrazol-4-Yl) Penta-2,4-Dienylidene)-4,5-Dihydro-5-Oxopyrazol-1-Yl)Benzenesulfonate",,No,No,Yes,,(EC) 2009/1223
"Trisodium 8-Hydroxypyrene-1,3,6-Trisulphonate (Solvent Green 7",6358-69-6,No,No,Yes,,(EC) 2013/344
Trisodium Bis(7-Acetamido-2-(4-Nitro-2-Oxidophenylazo)-3-Sulfonato-1-Naphtholato)Chromate(1-),,No,No,Yes,,(EC) 2009/1223
Trisodium Nitrilotriacetate,5064-31-3,Yes,No,Yes,,Ban Year: 2027 | (EU) 2019/831
"Trisodium Tris[5,6-Dihydro-5-(Hydroxyimino)-6-Oxonaphthalene-2-Sulphonate(2-)-N5,O6]Ferrate(3-)",19381-50-1,No,No,Yes,,(EC) 2013/344
"Trisodium [4'-(8-Acetylamino-3,6-Disulfonato-2-Naphthylazo)-4''-(6-Benzoylamino-3-Sulfonato-2-Naphthylazo)-Biphenyl-1,3',3'',1'''-Tetraolato-O,O',O'',O''']Copper(Ii)",,No,No,Yes,,(EC) 2009/1223
Trisphosphate,126-72-7,No,Yes,No,,
Triticonazole (Iso),138182-18-0,No,No,Yes,,(EU) 2022/1531
Tritolyl Phosphate,1330-78-5,No,No,Yes,,(EC) 2009/1223
Trixylyl Phosphate,25155-23-1,No,No,Yes,,(EU) 2019/831
"Tuaminoheptane (Inn), Its Isomers And Salts",123-82-0,No,No,Yes,,(EC) 2009/1223
"Tuaminoheptane , Its Isomers And Salts",123-82-0,No,Yes,No,,
Typhonium Giganteum Engl.,,No,Yes,No,,
Urethane,51-79-6,No,Yes,No,,
Urethane (Ethyl Carbamate),51-79-6,No,No,Yes,,(EC) 2009/1223
Urginea Scilla Steinh. And Its Galenical Preparations,84650-62-4,No,Yes,Yes,,(EC) 2009/1223
"Uvcb Condensation Product Of: Tetrakis-Hydroxymethylphosphonium Chloride, Urea And Distilled Hydrogenated C16-18 Tallow Alkylamine",166242-53-1,No,No,Yes,,(EC) 2009/1223
"Vaccines, Toxins Or Serums Defined As Immunological Medicinal Products Pursuant To Article 1(4) Of Directive 2001/83/Ec",,No,No,Yes,,(EC) 2009/1223
Valifenalate,283159-90-0,No,No,Yes,,(EU) 2023/1490
Valinamide,20108-78-5,No,No,Yes,,(EC) 2009/1223
Valnoctamide,4171-13-5,No,Yes,No,,
Valnoctamide (Inn),4171-13-5,No,No,Yes,,(EC) 2009/1223
"Veratrine, Its Salts And Galenical Preparations",8051-02-3,No,No,Yes,,(EC) 2009/1223
Veratrum Spp. And Their Preparations,90131-91-2,No,Yes,Yes,,(EC) 2009/1223
Verbena Essential Oils,8024-12-2,No,Yes,No,,Verbena absolute (Lippia citriodora Kunth.)除外. 
Verbena Essential Oils (Lippia Citriodora Kunth.) And Derivatives Other Than Absolute When Used As A Fragrance Ingredient,8024-12-2,No,No,Yes,,(EC) 2013/344
Versalide),88-29-9,No,No,Yes,,(EC) 2009/1223
Vinclozolin,50471-44-8,No,No,Yes,,(EC) 2009/1223
Vinyl Acetate,"0108-05-04, 108-05-4",Yes,No,Yes,,Ban Year: 2027 | (EU) 2019/831
Vinyl Chloride Monomer,75-01-4,No,Yes,Yes,,(EC) 2009/1223
Warfarin  And Its Salts,81-81-2,No,Yes,No,,
Warfarin (Inn) And Its Salts,81-81-2,No,No,Yes,,(EC) 2009/1223
"Waste Solids, Coal-Tar Pitch Coking, If They Contain > 0.005 % W/W Benzo[A]Pyrene",92062-34-5,No,No,Yes,,(EC) 2009/1223
"Xanthylium, 9-(2-Carboxyphenyl)-3-((2-Methylphenyl)Amino)-6-((2-Methyl-4-Sulfophenyl)Amino)-, Inner Salt And Its Sodium Salt (Acid Violet 9","10213-95-3, 6252-76-2",No,No,Yes,,(EC) 2013/344
"Xylidines, Their Isomers, Salts And Halogenated And Sulphonated Derivatives",1300-73-8,No,No,Yes,,(EC) 2009/1223
Xylometazoline  And Its Salts,526-36-3,No,Yes,No,,
Xylometazoline (Inn) And Its Salts,526-36-3,No,No,Yes,,(EC) 2009/1223
Yohimbine And Its Salts,146-48-5,No,Yes,Yes,,(EC) 2009/1223
Zinc Borate,"1332-07-06, 12008-41-2, 12280-03-4, 10377-81-8, 68003-13-4, 12712-38-8, 1332-07-6, 12267-73-1, 13840-56-7, 1303-96-4, 12179-04-3",Yes,No,Yes,,Ban Year: 2027 | (EU) 2019/1966
Ziram,137-30-4,No,No,Yes,,(EC) 2009/1223
Zirconium And Its Compounds,7440-67-7,No,Yes,No,,"(用作色素之zirconium lakes, salts, pigments及化粧品成分使用限制表中另有規定者除外. )"
"Zirconium And Its Compounds, With The Exception Of The Substances Listed Under Reference Number 50 In Annex Iii, And The Zirconium Lakes, Pigments Or Salts Of The Colouring Agents When Listed Annex Iv",7440-67-7,No,No,Yes,,(EC) 2009/1223
Zoxazolamine,61-80-3,No,Yes,No,,
Zoxazolamine (Inn),61-80-3,No,No,Yes,,(EC) 2009/1223
[(M-Tolyloxy)Methyl]Oxirane,2186-25-6,No,No,Yes,,(EC) 2009/1223
[(P-Tolyloxy)Methyl]Oxirane,2186-24-5,No,No,Yes,,(EC) 2009/1223
"[(Tolyloxy)Methyl]Oxirane, Cresyl Glycidyl Ether",26447-14-3,No,No,Yes,,(EC) 2009/1223
"[2,4-Dioxo-(2-Propyn-1-Yl) Imidazolidin-3-Yl] Methyl(1R)-Trans-Chrysanthemate",72963-72-5,No,No,Yes,,(EU) 2021/1902
[2-Methyl-M-Phenylene Diamine],"25376-45-8, 95-80-7, 823-40-5",No,No,Yes,,(EC) 2009/1223
"[3,3'-Dimethyl[1,1'-Biphenyl]-4,4'-Diyl]Diammonium Bis(Hydrogen Sulphate)",64969-36-4,No,No,Yes,,(EC) 2009/1223
"[4-(4-Hydroxy-3-Iodophenoxy)-3,5-Diiodophenyl]Acetic Acid (Tiratricol (Inn)) And Its Salts",51-24-1,No,No,Yes,,(EC) 2009/1223
"[4--3,5-Diiodophenyl]Acetic Acid ) And Its Salts",51-24-1,No,Yes,No,,
[4-Methyl-M-Phenylene Diamine],"25376-45-8, 95-80-7, 823-40-5",No,No,Yes,,(EC) 2009/1223
"[4-[[4-Anilino-1-Naphthyl][4-(Dimethylamino)Phenyl]Methylene]Cyclohexa-2,5-Dien-1-Ylidene]Dimethylammonium Chloride (Basic Blue 26",2580-56-5,No,No,Yes,,(EC) 2013/344
"[4-[[4-Anilino-1-Naphthyl][4-Phenyl]Methylene]Cyclohexa-2,5-Dien-1-Ylidene]Dimethylammonium Chloride",2580-56-5,No,Yes,No,,
"[6-[[3-Chloro-4-(Methylamino)Phenyl]Imino]-4-Methyl-3-Oxocyclohexa-1,4-Dien-1-Yl]Urea (Hc Red No 9) And Its Salts, When Used As A Substance In Hair Dye Products",56330-88-2,No,No,Yes,,(EC) 2009/1223
"[6-[[3-Chloro-4-Phenyl]Imino]-4-Methyl-3-Oxocyclohexa-1,4-Dien-1-Yl]Urea  And Its Salts",56330-88-2,No,Yes,No,,
[Carbonato(2-)]Tetrahydroxytrinickel,"3333-67-3, 16337-84-1, 65405-96-1, 12607-70-4",No,No,Yes,,(EC) 2009/1223
[Dbmc],119-47-1,No,No,Yes,,(EU) 2022/1531
"[Formaldehyde Released From 3,3'-Methylenebis[5-Methyloxazolidine]",,No,No,Yes,,(EU) 2019/831
"[Formaldehyde Released From A,A,A-Trimethyl-1,3,5-Triazine-1,3,5(2H,4H,6H)-Triethanol]",,No,No,Yes,,(EU) 2019/831
"[Formaldehyde Released From N,N'-Methylenebismorpholine]",5625-90-1,No,No,Yes,,(EU) 2019/831
[Formaldehyde Released From Oxazolidin],,No,No,Yes,,(EU) 2019/831
[Formaldehyde Released From Sodium N-(Hydroxymethyl)Glycinate],70161-44-3,No,No,Yes,,(EU) 2021/1902
"[Hpt] If The Maximum Theoretical Concentration Of Releasable Formaldehyde, Irrespective Of The Source, In The Mixture As Placed On The Market Is = 0,1 % W/W",,No,No,Yes,,(EU) 2019/831
[Inci: 4-Methylbenzylidene Camphor],38102-62-4,No,No,Yes,,(EU) 2024/996
[Man-Made Vitreous (Silicate)Fibres With Random Orientation With Alkaline Oxide And Alkali Earth Oxide (Na2O+K2O+Cao+Mgo+Bao) Content Greater Than 18% By Weight],,No,No,Yes,,(EC) 2009/1223
"[Mbm] If The Maximum Theoretical Concentration Of Releasable Formaldehyde, Irrespective Of The Source, In The Mixture As Placed On The Market Is = 0,1 % W/W",5625-90-1,No,No,Yes,,(EU) 2019/831
"[Mbo] If The Maximum Theoretical Concentration Of Releasable Formaldehyde, Irrespective Of The Source, In The Mixture As Placed On The Market Is = 0,1 % W/W",,No,No,Yes,,(EU) 2019/831
[Micro-[Carbonato(2-)-O:O']]Dihydroxy Trinickel,"3333-67-3, 16337-84-1, 65405-96-1, 12607-70-4",No,No,Yes,,(EC) 2009/1223
[Nma],924-42-5,No,No,Yes,,(EU) 2021/1902
"[Oxalylbis(Iminoethylene)]Bis[(O-Chlorobenzyl)Diethylammonium] Salts, E.G. Ambenonium Chloride (Inn)",115-79-7,No,No,Yes,,(EC) 2009/1223
"[Oxalylbis]Bis[Diethylammonium] Salts, E. G. Ambenonium Chloride",115-79-7,No,Yes,No,,
"[[1,1'-Biphenyl]-4,4'-Diyl]Diammonium Sulphate",531-86-2,No,No,Yes,,(EC) 2009/1223
"{(2Z)-3-[(6-Chloropyridin-3-Yl)Methyl]-1,3-Thiazolidin-2-Ylidene}Cyanamide",111988-49-9,No,No,Yes,,(EU) 2019/831
